Q,Category,K1,K2,K3,K4,A
次のうち、「食中毒」と同じ意味で使われる言葉は何2,理系,食あたり,食なし,食あり,食はずれ,食あたり
ものの順序を表す数のことを、特に何という ?         「,理系,DEATH数,Q数,序数,破数,序数
日食のときに、太陽を隠す天体は円時,理系,金星,直星,月,ダークマター,月
次のうち、インフルエンザの病原体はどれ2?,理系,インフルエンザウイルス,インフルエンザ菌,インフルエンザアメーバ,インフルエンザ原申,インフルエンザウイルス
ヒトの結腸の末端部分のことを、その形状から何という 2,理系,R字結腸,Q字結腸,T字結腸,S字結腸,S字結腸
のア:さエミさりまっ0時 もうしよう)】たすずれ 2?,理系,秒速5m,秒速Scm,秒速5Skm,秒速5mm,秒速5Skm
アルファベットで表す時間の単位で、「秒」は「S」、分は「M」ですが、「時」は何 ?,理系,F,L,N,H,H
「ビピタゴラスの定理」の別名を持つ「三在方の定理」が使われるのは、次のうちどんな図形 ?,理系,台形,直角三角形,正方形,円,直角三角形
「アカ」 !「アオ」 「ヒメ」などの種半がいる、オールのように変化した手足が特徴の上過申類は何 ?,理系,ウミガメ,ヤマガメ,リクガメ,ヌメマガメ,ウミガメ
「グリーン」など700種類以上がいる、原始的なトカゲの仲間は何 ?,理系,ダイアナ,マリアナ,女子アナ,イグアナ,イグアナ
ID2ss【のとHIIESYのEッ9472 ryあっらみや頭痛などが起こる症状を何という ?,理系,貧血,寺帳,只血,止血,貧血
次の元素のうち、頭に「パ」をつけると、別の元素の名前になるものはとれ?,理系,リチウム,カリウム,ラジウム,バリウム,ラジウム
次のうち、実際に存在するトンボの種類は何 ?,理系,ウマカラトンボ,ゲキカラトンボ,アマカラトンボ,シオカラトンボ,シオカラトンボ
日本の固有種として知られる鳥、ノグチゲラやヤンバルクイナが生息している島はどこ ?,理系,淡路島,北海道,沖縄島,佐渡島,沖縄島
CGや音響技術を駆使して作られる「仮想現実」のことを、〇〇〇リアリティという。〇〇〇は ?,理系,バースデイ,バーニング,バーコード,バーチャル,バーチャル
防腐剤として使われる「ホルマリン」は、何という有機化合物の水溶液 ?,理系,シンナムアルデヒド,ベンズアルデヒド,アセトアルデヒド,ホルムアルデヒド,シンナムアルデヒド
テストで5人の得点がそれぞれ1点、4三村   3点、   4点、   5点の時、   在均点は回葉怠,理系,3点,2点,5点,4点,3点
観賞用や細工品として使われる、大さな生円形のかさがガ特徴のキノコは回角,理系,ブタノコシカケ,ネネコノコシカケ,サルノコシカケ,ヒツジノコシカケ,サルノコシカケ
次のうち、液体蜜素の特徴として正しいことはどれ2?  ー,理系,とても固い,とても熱い,水の中で保存する,"と      ヽ
ても冷たい","と      ヽ
ても冷たい"
クルクミンという含有成分が二日酔いに良いとされる、ショウガ科の植物は何 ?,理系,サコン,ロコン,ウコン,ニコゴン,ウコン
雨上がりの空に、七色の光のアーチがかかる現象を何という ?,理系,政,蜂,虹,間,虹
次のブラシのうち、歯の手入れに使うものはどれ2?,理系,デッキブラシ,"ヘへアブ
アブランシ",ハブランシ,"工 ア
アブランシ",ハブランシ
次のうち、昆虫はどれ ?,理系,ミドリガメ,ウミガメ,クサガメ,タガメ,タガメ
次のうち、「ネズミ」や「モグラ」の前に付けると別の動物になるのはとれ?,理系,イガ,トゲ,ニードル,ハリ,ハリ
人間の体がある物質に対して、過剰な反応を起こす病気を総称して何といつ ?,理系,コレルギー,ソレルギー,アレルギー,ドレルギー,アレルギー
塞さのために手が赤くはれてかゆくなる現象を何という 2?2,理系,しもあれ,しもゆで,しもやけ,しもあげ,しもやけ
次のうち、植物はどれ ?,理系,ウドン,ラーメン,ソバ,スパゲッティ,ソバ
次のうち、火をつける際に用いる道具はどれ2?,理系,スイマー,レーサー,ライター,テーラー,ライター
AME:Plプんありルルコにゴミを:ま<肖肛門から臭い分泌液を噴出することで知られる動物は何 ?,理系,スカンク,アライグマ,ハイエナ,マングース,スカンク
叫液に含まれる「アミラーゼ」は、主にどんな物質を分解する酵素 ?,理系,食物繊維,でんぶん,ビタミン,脂肪,でんぶん
「ホール」や「駒込」などの種類がある、液体を吸い取るために使う道具は何 ?,理系,ビーカー,シリンダー,フラフラスコ,ピペット,ピペット
ティズニー映画でもおなじみの犬・ダルメシアンの体の模様の色は次のうちとれ?,理系,黒と白,赤と星,赤と青,黄色と黒,黒と白
次のうち、申歯を治したいときに行く科はどれ?,理系,眼科,内科,歯科,耳鼻科,歯科
ペットとして飼育されることもある「タランチュラ」といえば、大型のどんな生き物?,理系,サソリ,ゴキブリ,ムカデ,クモ,クモ
世界初の抗生物質 「ペニシリン」を発見したイギリスの組税学者は誰 ?,理系,アメゼミ,トカゲゼミ,フレミング,"ミズ っ
に    に
ここ  ゼミ",フレミング
肥満やアルコールの摂取によって起こる、肝臓に脂肪が蓄積した状態を何という3?,理系,脂肪肝,日色肝,者白肝,脂蓄肝,脂肪肝
「助衣」は人間の体のどの部分にある骨 ?,理系,胸,征,腕,頭,胸
俗に、ツバメが低く飛ぶ時、天気はとうなるといわれる 2,理系,晴れ,砂嵐,"NN|
十","呈記
雪","NN|
十"
俗に「砂漠の船」とも呼ばれる、背中のコブがガ特徴的な動物は何 ?,理系,キリン,ラクダ,オオカミ,シマウマ,ラクダ
ばねにかかる力の大きさとばねの伸ひとの関係を示した法則に名前を残すイギリスの物理学者は誰 ?,理系,ヒック,ハック,ヘック,フック,フック
感染すると高い確率で死に至る、工ボラウイルスを病原体とする感染症は何 ?,理系,エボラ洪熱,エボラ出血熱,エボラ肺炎,エボラエンザ,エボラ出血熱
危険が迫ると体に青いリング模様があらわれるタコ「〇〇〇モンダコ」。 の〇〇は何 ?,理系,ジャガー,ヒョウ,チーター,ライオン,ヒョウ
次のうち、実際に存在する元素はどれ 2?,理系,金,地位,名準,愛,金
よく小学校で検査が行われる、ヒトの盲腸などに寄生する寄生虫は何 ?,理系,ぢょう中,びょう中,じょう虫,ぎょう中,ぎょう中
原子番号1の元素は水素ですが、原子番号2の元素は何 ?,理系,ベリリウム,,リチウム,ヘリウム,ヘリウム
タミフル、リレンザ、ラピアクタといえば、どんな病気の特効薬 ?,理系,ペスト,マラリア,インフルエンザ,エイズ,インフルエンザ
植物の細胞の中にある、光合成を行う器官を何という ?,理系,葉緑体,ゴルジ体,ミトコンドリア,細胞核,葉緑体
ある動物に似た鳴き声で鳴くことから名が付いた、北米の草原に生息するリスの仲間は何 ?,理系,プレーリーラビット,プレーリードッグ,プレーリーキャット,プレーリーベア,プレーリードッグ
潮岬の海岸のように、海水の影響で複雑な形となった海岸のことを何という2,理系,アプト式海岸,,リアス式海岸,ユコ式海岸,リアス式海岸
塩化ナトリウムを主成分とする鉱物で、食塩の原料として用いられることもあるのは何 ?,理系,岩塩,岩男,岩瀬,岩鬼,岩塩
「親知らず」といえば、人間のどんな器官の一種 ?     「,理系,"+ょに
普",目,毛,斬経,"+ょに
普"
どの同素体がある元素は何 ?,理系,リン,酸素,硫黄,,
睡眠を大きく2つに分けるとノンレム睡眠と何 ?,理系,ラム上膝虐,ルム有睦眠,リム睡眠,レム睡眠,レム睡眠
主に歯やその周辺組織の病気や治療を扱う医学の分野を何という ?2,理系,歯科,且鼻科,眼科,泌尿器料,歯科
"ハワイのマウナケア山需にある日本の望可
印は何 ?",理系,つばる,いばる,しばる,すばる,すばる
日本全域に広く分布する、英緑色の体が特徴的なカエルの仲間はどれ ?,理系,ニホンアメガエル,ニホンアマガエル,ニホンハレガエル,ニホンクモガエル,ニホンアマガエル
著書『種の起源』で進化論を唱えた、イギリスの自然科学者は誰 ?,理系,ダーウィン,ニュートン,リンネ,シーボルト,ダーウィン
次のうち、最も大きな生物はどれ?,理系,トカゲ,ゴリラ,キリン,クジラ,クジラ
次のうち、足の本数が最も多い生き物はどれ?2,理系,あめんぼ,みみず,ダンゴムシ,おけら,ダンゴムシ
流紋岩、安山岩、玄武震といえば、何という岩石の一種 ?,理系,剣山岩,火山岩,氷山岩,雲山岩,火山岩
植物の茎や枝に付いて、光合成や蒸散を行う器訪は何 ?,理系,ひ,"ゃ
っ)\",は,は,は
「メエメエ」といえば、普通、次のうちどんな動物の鳴き声 ?,理系,うし,ねこ,いぬ,やぎ,やぎ
火山の地下にある、マグマが茜積する部分のことを何という3?,理系,マグマ沙とし,マグマ溜まり,マグマ入れ,マグマ戻し,マグマ溜まり
ツツジ科の沙葉低木で、藍色の実がジャムやジュースに加工されるのは回角,理系,ブルーベリー,グリーンベリー,レッドベリー,イエローベリー,ブルーベリー
ヒトには、普通、上下で合わせて32本ある、胞歯がぬけた後に生えてくとElたき4,理系,交代歯,予備歯,氷久歯,時歯,氷久歯
"ヽ  にっ  \ら
「100」「クーロン」「炭素」カ連想さ       4
されるアルファベット1文字は回角",理系,D,C,A,B,C
ホウ素、バリウム、ベリリウムの元素記号に共通して使われるアルファベットは何 ?,理系,A,C,B,D,B
次のうち、よく混布楽や抗炎症楽に使われる物質はどれ?,理系,ドイツメタンシン,インドメタシン,ロシアメタシン,トルコメタシン,インドメタシン
北海道に棲息する、日本最大の淡水角であるサケ科の魚は何?   「,理系,カトウ,イトウ,サトワウ,サイトウ,イトウ
次のうち、天王星や海土星が属するのはどれ2?,理系,地球系,青文字系,シリウス系,太陽系,太陽系
マグロなどのように、定まった季節に一定の経路を移動する魚のことを何という3?,理系,深海魚,回遊魚,太刀魚,"熱帯
淀魚",回遊魚
「紫外線」のことを、アルファベット2文字で何という ?,理系,RV,SV,UV,TV,UV
次のうち、ヨーグルトなどに含まれる乳酸黄の一種はどれ ?,理系,"ーー --ー
納豆國",ビフィズス菌,カンピロバクター,ボツリヌス菌,ビフィズス菌
「ひとよひとよにひとみごろ」と覚える数はいくつ 2?,理系,ルート2,ルート5,ルート7,ルート3,ルート2
「ヨロイネズミ」とも呼ばれる、背面が硬い甲で覆われ、丸くなることで身を守る動物は何 ?,理系,アルデンテ,アルマジロロ,アルパチーノ,アルジャーノン,アルマジロロ
イカの足のことを、倫に何という ?,理系,エンペンフ,ゲソ,ゴロ,カラストンビピ,ゲソ
トルコのパムッカレや山口県の秋吉台にみられる、石灰岩が浅食されてできた地形を何という ?,理系,カルスト,エンスト,ホルスト,ハンスト,カルスト
細胞を構成する次の組織のうち、遺伝子が含まれているものはどれ2?,理系,核,液肥,細胞膜,細胞質,核
次のうち、実際に存在する元素はどれ 2?,理系,木素,水素,土素,火素,水素
次のうち、「パスカル」という単位を表す記号はどれ?2,理系,Pc,Pb,Pd,Pa,Pa
次のうち、対角線がない図形はどれ ?,理系,正六角形,正方形,正五角形,正三角形,正三角形
秋頃に「ギースチョン」と鳴く、バッタのような昆虫は何?,理系,カブトムシ,キリギリス,カマキリ,モンシロチョウ,キリギリス
次のうち、気象庁が発表する警報ではないものはどれ?,理系,食中毒偽報,洪水警報,困風敬報,大雨菩報,食中毒偽報
次のうち、5の倍数はどれ ?,理系,15460,S8961,99628,485/4,15460
"一方が2倍、3倍となっていくとき
- 4にの
に な・ いく

/ Sh他方が2分の1倍、3分の1倍となる関係を何という ?",理系,反比例,離岸流,下呈上,逆水邊,反比例
分数で、括線の上の数を何という ?,理系,分孫,分娘,分息子,分子,分子
「南洋の木材」 と「顔のほお」から連想される言葉は何 ?   」,理系,マスカラ,シャドー,ルージュ,チーク,チーク
夏鳥や冬島などに分けられる、繁殖地と越冬地を往復する島を何という?,理系,,,渡り鳥,走り島,渡り鳥
ハクチョウなどのように、水辺にすむ島を何という ?,理系,水鳥,水鳥,,火島,水鳥
夜空の「夏の大三角」を形作る3つの1等星は、デネブ、べベガと何?,理系,アークトウルス,スピカ,レグルス,アルタイル,アルタイル
次のうち、妊娠・分既などを扱う医字の科はどれ?,理系,眼科,皮膚科,耳鼻科,産婦人科,産婦人科
流紋岩、安山岩、玄武震といえば、何という岩石の一種 ?,理系,雲山岩,剣山岩,氷山岩,火山岩,火山岩
臓器移植で、臓器を提供する人のことを何という?,理系,ドナー,ドニー,クランケ,レシピエント,ドナー
「夏梅」という別名もある、ネコに興奮をもたらす植物は何 ?,理系,マタタビ,ナガタビ,ヒトリタビ,ヤドナシタビ,マタタビ
チタンやゲルマニウムなどのように流通量が少ない貴重な金属のことを何という3?,理系,ベースメタル,はぐれメタル,レフ,へヘビイメタル,レフ
次のうち、鳥類ではないのはどれ?,理系,ハクチョワウ,アゲハチョウ,ライチョワウ,ダチョウ,アゲハチョウ
次のうち、アナログ時計で長針と短針の角度が90*になる時刻はどれ ?,理系,3時,1時,4時,2時,3時
次のうち、天王星や海土星が属するのはどれ2?,理系,太陽系,青文字系,地球系,シリウス系,太陽系
傘行四辺形の中でも、四辺の長さが等しいものを特に何という ?,理系,にし形,うし形,くし形,ひし形,ひし形
この時に夢を見ることが多い、体は眠っているのに脳は動いている睡眠状態は何 ?,理系,ベム睡眠,エム睡眠,レム膝眠,ガム睡眠,レム膝眠
チューリップなどにみられる、根や茎に養分がたまってふくらんだものを何という ?,理系,大根,球根,主根,運根,球根
全天で最も明るい星「シリウス」は、何という星座にある星?,理系,のらいぬ座,まけいぬめ座,こまいぬ座,おおいぬ座,おおいぬ座
世界初の宇宙飛行を行い、「地球は青かった」という言葉を残した人物は誰 ?,理系,マーガリン,ダージリン,スターリン,ガガーリン,ガガーリン
建物を落雷の被害から守るために設置される棒状の装置のことを何という?,理系,避雷針,,去埋針,輝震針,避雷針
「ヒートアイランド現象」といえば、どんなことがらに関する現象 ?2,理系,放射性物質の分布,島山部の生物相,都市部の気温,海底の火山活動,都市部の気温
次のうち、「両生類」に分類される生き物はどれ2,理系,サメ,カエル,クジラ,カモメ,カエル
太陽のふちに見える、炎のような赤いガスを何という ?,理系,プロミス,プロメテウス,プロポリス,プロミネンス,プロミネンス
次のうち、生まれたての赤ん坊の体に生えている、和柔らかく薄い毛を指まま:ヨちず<ル 果/,理系,妊毛,産毛,娠毛,妨毛,産毛
水の融点は提氏何度 ?,理系,0C,4C,SC,10C,0C
完唱やアンモナイトなと多くの生物が絶滅した、中生代の終わりの時代は何 ?,理系,ペルム紀,デポン紀,日亜紀,石炭紀,日亜紀
トンボの種類で、日本最大なのは円時,理系,オニガンマ,オニサンマ,オニヤンマ,オニトンマ,オニヤンマ
植物が、二酸化炭素と水がらデンプンや酸素を作り出す活動のことを何という2,理系,光合成,呼吸,吸水,蒸散,光合成
T生きた化石」の別名で知られる魚に何 ?,理系,シーラカンス,テッポウウオ,オウムガイ,ピラルク,シーラカンス
次のうち、「肝臓」を意味する言葉はどれ ?    -,理系,ノブ,スイッチ,レバー,ハンドル,レバー
脳科学者の茂木健一郎が紹介する、ひらめきの剛間に脳細胞が活性化されるという体験を何という ?,理系,ウフ体験,イヒ体験,エエへ体験,アハ体験,アハ体験
金属などの物質を熱して溶かす実験によく使われる、耐熱性の容器を何という2,理系,ちゃつぼ,どつぼ,うつぼ,るつぼ,るつぼ
木の枝や泥を使って川や湖に巨大なダムを作る、ネズミ目の動物は何 ?,理系,モルモット,カピバラ,ハダカデバネズミ,ビーバー,ビーバー
"水素と酸素から化学反応で電気を作る発電装置のこと:
電装置のことを「〇〇電池」 という。(〇〇に入る言葉は何 ?",理系,,材料,科料,,
水分を多く含んだ地盤が、地震などによって軟らかくなる現象を何という?,理系,具体化現象,液状化現象,都市化現象,表面化現象,液状化現象
空気の密度差による光の屈折によって起こる、地上の物が浮かんで見えたりする現象を何という?,理系,黄玲楼,翔響楼,白玉楼,重気核,重気核
一般的なAB型の両親から生まれてくる子供の血液型として、ありえないの】たず。化2,理系,AB型,A型,B型,0型,0型
コーラなどの炭酸飲料を飲んだ後に、胃の中のガスが口から出てくる現象を何という ?,理系,あくび,くしゃみ,しゃっくり,げっぷ,げっぷ
微生物が有機物を分解する現象を、人間に有害な場合は腐敗といいますが、有用な場合は何という ?,理系,発効,発行,発光,発酵,発効
"夏の夜空に
空に輝く赤い星 「アンタ
昌ス」がある星座は何 ?",理系,かに座,やぎ座,さそり座,おおぐま座,さそり座
鉄を与えると元気になるという言い伝えから名付けられた裸子植物は回角,理系,ソテツ,キテツ,テイテツ,コテツ,ソテツ
4択クイズを適当に答えた場合の正解率は理論的に何% ?,理系,S0%,0%,25%,10%,25%
約150億年前に起こったとされる、宇宙の始まりとなった大爆発のことを何という ?,理系,ビッグブン,ビッグバン,ビッグビン,ビッグベン,ビッグバン
次のうち、了肉食恐竜はどれ ?,理系,トリケラトプス,イグアノドン,ティラノサウルス,ステゴサウルス,ティラノサウルス
くも膜下出血」の「くも膜」は、体のどの部分にある膜2,理系,腹,腰,胸,頭,頭
メンテルがエンドウマメを使って発見した「メンデルの法則」とは、何に関する法則 ?,理系,光合成,受粉,蒸散,遺伝,遺伝
次のうち、人の言葉を真似ゃことでおなじみのムクドリ科の島はどれ ?,理系,文鳥,九官鳥,十姉妹,,九官鳥
太陽のように、目ら熱と光を出す天体を何という ?,理系,惑星,恒星,彗星,衛星,恒星
木の上にすみユーカリの葉を食べる、オーストラリアに生息する動物は何 ?,理系,エミュー,コアフ,ウォンバット,カンガルー,コアフ
人間の気道や消化辻などを履っている、柔らかく湿った上皮を何という?,理系,,粘膜,年膜,返膜,粘膜
次のうち、太陽系の惑星に存在しないものはどれ2?,理系,火星,月星,木星,水星,月星
次のうち、釘抜きなどに使われる、金属でできた棒状の工具はどれ ?,理系,レンナチ,クランプ,ジャッキ,バール,バール
血液が動脈血管内を流れているときに示す圧力のことを、一般に何という?,理系,血圧,血流,血細,血痕,血圧
妊娠しやすい体を作るために行われる、排卵誘発剤やホルモン剤の投与などの治療を何という ?,理系,不妊治療,"へへ三錠こム
公認治療",代替治療,終身治療,不妊治療
春になって日増しに暖かくなる途中、一時的に訪れる冷え込みを何という ?,理系,暖の戻り,杜の戻り,冷の戻り,温の戻り,杜の戻り
台風などで、風速が毎秒25mを超える地域を何という ?,理系,危険域,可航域,暴風域,航空域,暴風域
ジェンツー、マゼラン、フンボルト、アデリー、コウテイ等の種類がいる鳥は何 ?,理系,ペンギン,ダチョウ,クイナ,ヒクイドリ,ペンギン
金属が電気を通す原因となる、金属中を自由に動く電子を何という?,理系,閉出子,北条政子,自由電子,拡張子,自由電子
水を電気分解すると何が生じる ?,理系,窒素と水素,酸素と炭素,室素と炭素,酸素と水素,酸素と水素
日本の『京』などに代表される、高度な演算を行う大型計算機を何という?,理系,モンスターコンピュータ,スーパーコンピュータ,マスターコンピュータ,ハイパーコンピュータ,スーパーコンピュータ
人間の足赴にある、骨が両側に出っ編 、了チー,理系,とこぶし,やまぶし,かつおぶし,くるぶし,くるぶし
人間の内臓で、肺は「呼吸器」ですが、心臓は何器 ?  ーー,理系,消化器,泌尿其,生殖器,備玉問,備玉問
カエルなどの生き物が、生活活動をほとんど行わない状態で冬を越すことを何という ?,理系,冬の旅,冬眠,冬支度,冬衣,冬眠
アセトアミノフェンなどのような、痛みを和らげける楽剤を、総称して何という2,理系,しんつうざい,ひんつうざい,さんつうざい,ちんつうざい,ちんつうざい
科学実験で、液体などを入れる際に用いる細長いガラス管を何という ?,理系,試験管,温度管,検査管,調査官,試験管
一般に「さかな」と呼ばれるのは、何類に属する脊椎動物 ?,理系,,有申類,,貴乳類,
河口付近で見られる三角州のことを、あるギリシア文字を使って何といつ ?,理系,デルタ地帯,アルファ地帯,ベータ地帯,ガンマ地帯,デルタ地帯
コンピューターを動かすためのプログラムを書くことを何という ?,理系,ジャミング,エイリアシング,ハミング,プログラミング,プログラミング
日本全域に広く分布する、英緑色の体が特徴的なカエルの仲間はどれ ?,理系,ニホンハレガエル,ニホンアメガエル,ニホンクモガエル,ニホンアマガエル,ニホンアマガエル
次のうち、毛髪、羊毛、爪などに含まれている硬がタンパク質はどれ ?,理系,アクチン,グロブリン,フィブリン,ケラチン,ケラチン
次の水生昆虫のうち、水面をおもな生活の場とするものはどれ?,理系,タガメ,ゲンゴロウ,アメンボ,トンボ (ヤゴ),アメンボ
先の細長いピペットにも名前を残している、組菌学の先駆者として知られるフランスの生化学者は誰 2,理系,パスグッツ,パスハック,パスアイテム,パスツール,パスツール
物質が液体の状態を経ずに、固体と気体の間で状態を変化させることを何という3?,理系,しょくじ,さゆうしゆう,しょうか,そしゃく,しょうか
3つの辺の長さがすべて等しい三角形を何という ?,理系,紳三角形,完三角形,生三角形,正三角形,正三角形
太陽系の惑星で、金星と火星の間にクル3Yの】ちく幅7        「,理系,土星,地球,木星,水星,地球
次のうち、人体に実際にある有筋肉はとれ?,理系,カレイ筋,ヒラメ筋,マグロ筋,サンマ筋,ヒラメ筋
「中東呼吸器症候群」とも呼ばれる感染症「MERS」。何と読む ?,理系,アースズス,サタン,マーズ,マーキュリー,マーズ
「アース」といえば、太陽系のどの惑星のこと ?,理系,地球,火星,土星,木星,地球
その見た目から「アカパンダ」という別名を持つ、動物園でもおなじみの動物は何 ?,理系,ライトパンダ,レッサーパンダ,スモールパンダ,リトルパンダ,レッサーパンダ
EEEとさと4のめ紀中認のだたき:Tのが/相のに作られた、ある化学者の名前が付けられた装置は何 ?,理系,マートンのゆりかご,ニュートンのゆりかご,ノートンのゆりかご,ニートンのゆりかご,ニュートンのゆりかご
一次元の「長さ」、二次元の「面積」に相当する、三次元における量は何 ?,理系,集積,凌柄,体積,堆積,体積
胸部の毛や、黒と黄色のずんぐりした体が特徴的な、日本全国に分布するハチの仲間はどれ?,理系,クジラバチ,ウマバチ,クマバチ,サルバチ,クマバチ
その幼体が「ミドリガメ」の名前で流通している、北アメリカ原産のカメは「何アカミミガメ」 ?,理系,サスケハナ,ミシシッピ,プリマス,サラトガ,ミシシッピ
ツチノコ、ネッシーなどの未確認動物のことを何という2?,理系,USI,UMA,NEKO,INU,UMA
地層にチョークが含まれることから名づけられた、中生代最後の地質時代は何 ?,理系,亜細亜紀,黒亜紀,東亜紀,日亜紀,日亜紀
ティズニー映画でもおなじみの犬・ダルメシアンの体の模様の色は次のうちとれ?,理系,赤と白,黄色と黒,赤と青,黒と白,黒と白
感染すると高い確率で死に至る、工ボラウイルスを病原体とする感染症は何 ?,理系,エボラ洪熱,エボラ出血熱,エボラ肺炎,エボラエンザ,エボラ出血熱
若田光一、野口聡一、毛利衛と言えばどんな職業の人 ?,理系,海中飛行士,宇宙飛行士,地中飛行士,喪中飛行士,宇宙飛行士
水素・リチウム・ナトリウムといえば、いずれも第何族元素 ?,理系,4,3,2,],]
5に対する1/5のように、ある数と掛け合わせると1になる数を何という?,理系,逆数,転数,倒数,胃数,逆数
トノサマ、ウシ、アマなどの種類がある両生類は何 ?,理系,クル,イク,サル,カエル,カエル
脊椎動物ののどの上部にある、声を出すための問官を何という2?,理系,声仏,声布,声膜,"= 皇
FT","= 皇
FT"
女性の美しさにも例えられる、秋の七草のひとつである植物は何 ?,理系,ハギ,ヤマブキ,クズ,ナデシコ,ナデシコ
_ 化学反応で、「C+02つの〇〇」の〇〇①つに入れて正しい式になるのは、のひjpまっず< 4,理系,CO2,H20,NH3,NaC|,CO2
医学的には「尋常性座六」と呼ばれる、人間の顔や背中にできる皮膚の炎症性疾患は何 ?,理系,みくび,しけび,にきび,つけび,にきび
太陽のふちに見える、炎のような赤いガスを何という ?,理系,プロミネンス,プロポリス,プロミス,プロメテウス,プロミネンス
季節の変化などによって、植物の葉が枝から落ちることを何という ?,理系,堕葉,下葉,墜葉,洛葉,洛葉
のちる28症リレもことたこあ/す2をれるグループはどれ3?,理系,げっ耳類,げっ昌類,げっ目類,げっ歯類,げっ歯類
次のうち、星座の名前にあるのはどれ 2?,理系,てんびん座,ばね座,おんどけい座,てこ座,てんびん座
ユーカリの葉を主食とする、オーストラリアに生息する動物は何 ?,理系,コブラ,コーフ,コアフ,コレフ,コアフ
3つの内角が60度の三角形のことを特に何という ?     「,理系,釣角三角形,直角三角形,正三角形,直角二等辺三角形,正三角形
次のうち、口の狭い容器に液体を注き込むときに使う実験器具の名前はとれ?,理系,あうと,さよょようと,ろうと,だうと,ろうと
医学者の野口英世が研究に生涯をささげ、自らもかかって亡くなった病気といえば何 ?,理系,示熱病,発熱病,黄熱病,情熱病,黄熱病
次のうち、普通、トラの体毛にはない色はどれ ?,理系,黄,緑,白,県,緑
1859年に出版された、生物学者・ダーウィンの著書は何 ?,理系,性の起源,命の起源,種の起源,物の起源,種の起源
電磁波の中でも、特に、人の目に見えるもののことを何という ?,理系,かしこうせん,かにこうせん,かねこうせん,かいこうせん,かしこうせん
次のうち、ニュートンが確立した法則はどれ2?,理系,"運賃の
法則","運命の
法則",連動の法則,連河の法則,連動の法則
軍にともなって生じる電光のことを何という ?,理系,稲妻,稲父,稲母,稲夫,稲妻
"日本語
本語では「三
三色すみれ」と呼ばれとをたく幅W/      -",理系,パンジー,エンジー,アンジー,リンジー,パンジー
MgウルたPB]【のたゴンスだヨリルたき円,理系,イノウエ酸,イノシン酸,イノシン酸,イノブフタタ酸,イノシン酸
園芸や農業に用いられる、晒石を原料とした土壌改良用の土を何という?,理系,バックライト,ロンズデーライト,バーミキュライト,コピーライト,バーミキュライト
「動物記』で有名な、イギリス生まれの博物学者は誰 ?,理系,シーズン,シーチキン,シートン,シーマン,シートン
次のうち、水に溶けている物質が気体であるのはどれ2?,理系,砂糖水,炭酸水,食塩水,ミョウバン水,炭酸水
次のうち、元素名ではないものはどれ 2?,理系,水素,酸素,画素,,画素
「ヘクトパスカル」といえば、何を計測する単位2,理系,"温度
ZI お々",風力,気圧,混度,気圧
数学で、ある関数の導関数を求めることを何という ?2  「,理系,尾分,美分,備分,微分,微分
ひとつの物体に、逆方向で同じ大きさの力がかかり動かない状態のことを何という ?,理系,お似合い,つり合い,"化かし合
ロロ い","騙し合
い",つり合い
"「磁界」とも呼ばれる、磁気力が作用する空間のこ
ことを何という ?",理系,磁海,磁場,磁空,磁地,磁場
次のうち、動物の名前ではないのはどれ?                    「,理系,ナウシカ,ヘラジカ,カモシカ,エゾシカ,ナウシカ
次のうち、魚はどれ ?,理系,ヤマネ,ヤマネコ,"ヤ  ーー
マアフン",ヤマメ,ヤマメ
長さの単位 「ユカワ」に名を残す、日本人物理学者は誰 ?,理系,湯川一骨,湯川秀樹,湯川稼頭央,湯川款則,湯川秀樹
吾風の中心部の空洞部分のことを何という ?      「        「,理系,台風の耳,台風の鼻,吾風の口,吾風の目,吾風の目
電気ポッドの水垢除去などにも使用できる、相橘類や梅干に多く含まれる酸は何 ?,理系,スエン酸,クエン酸,ミエン酸,ノメン酸,クエン酸
次のうち、魚類に含まれない生物はとれ?,理系,ブラックバス,クジラ,マグロ,サメ,クジラ
生命体と機械を融合させた存在を、「サイバネティック・オーガニスム」を略して何という 2?,理系,サイフォン,サイクロン,サイボーグ,サイエンス,サイボーグ
1 還か北Ac とす/計のに血栓症が起こる病気を、何症候群という2,理系,ファーストクラス症候群,プラチナクラス壮候群,ビジネスクラス症候群,エコノミークラス着候群,エコノミークラス着候群
次のうち、人間の血液が赤い理由とKGiEhりさり】たとゃ2ル6 呈全,理系,赤血球が含まれるから,温度が高いから,密度が低いから,トマトジュースだから,赤血球が含まれるから
オーストリアの物理学者の名前にちなむ、音速を表す単位は何 ?,理系,マッハ,グレイ,ガウス,ヘルソツ,マッハ
次のうち、動物の血を吸うのが特徴の環形動物はどれ ?     「,理系,アサ,ヒル,ユウガタ,ヨル,ヒル
鉄の元素記号は何 ?,理系,Fe,Au,Ag,CU,Fe
次のうち、気体や液体の保存に用いられる密閉可能な容問はどれ2?,理系,エンデ,ゴンベ,ゾンデ,ボンベ,ボンベ
次のうち、その色素で、酸性やアルカリ性といった水溶液の性質を調べることができさる野楽はどれ?,理系,紫キャベツ,黒ホウレンソウ,赤レタス,白コマツナ,紫キャベツ
理科の実験などで、生物の体を解体し、内部の構造を観察することを何という2,理系,かいぼう,かいとう,かいそう,かいろう,かいぼう
次の貝のうち、巻貝はどれ?,理系,アサリ,ハマグリ,サザエ,"さぶ ペペざ 写
ジンニニ",サザエ
日本に棲息するセミの中で、最も大さい種は何 ?,理系,クマゼミ,ゾウゼミ,サルゼミ,トラゼミ,クマゼミ
イルカの仲間としては最も大きい、白と黒の体色が特徴的な喘乳類は回角,理系,ハマナチ,メバル,ホオジロザメ,シャチ,シャチ
トカゲが、敵に襲われた際、逃げるために切り離す体の一部はどこ2?,理系,後ろ足,しっぽ,前足,血,しっぽ
女性の、太くて不格好な形をした足のことを、ある野茶に例えて何という?,理系,ニンジン足,カブ足,大根足,ねぎ中,大根足
セミの一種「ツクツクボウシ」の名前の由来としなったのは、次のうちどれ?,理系,交尾方法,大きさ,模様,鳴き声,鳴き声
俗に「百獣の王」と呼ばれるネコ科の動物は何2 。,理系,ゾウ,ライオン,カバ,キリン,ライオン
かつて沖縄で、マングースによる駆際が行われたことでも知られる、へビの仲間は何?,理系,アブ,モブ,ラブ,ハブ,ハブ
次のうち、理科の実験でおなじみの電球にあるのはどれ3?,理系,,豆電球,胡麻電球,卵電球,豆電球
「ビピタゴラスの定理」「ガウスの定理」といえば、次のうち、どんな学癌に関係する定理 ?,理系,化学,心理学,歴史学,数学,数学
オランダ語を語源とする、油性の塗料のことを何という ?,理系,コンキ,テンキ,ペンキ,ドンキ,ペンキ
吾風の中心部の空洞部分のことを何という ?      「        「,理系,吾風の目,台風の口,台風の鼻,吾風の耳,吾風の目
次の数のうち、必ず偶数になるのはとれ?,理系,5の倍数,3の倍数,7の倍数,4の倍数,4の倍数
ワウひる280/アのペシルニシンスアルカレ:ガバンの成虫のエサとなるものはどれ?,理系,樹液,化の蜜,他の昆虫,木の葉,樹液
幾何学で、「ベクトル」はどんな形で表される 2?    -,理系,三角形,丸,矢印,星形,矢印
次のうち、ウニの種類にあるのはとれ 2?,理系,バフンウニ,トリフンウニ,カニフンウニ,ギュウフンウニ,バフンウニ
大気中の光の屈折などによって起きる、物体が揺らいで見えたりする現象を何という 3?,理系,しんほうその,しんきろう,しんせかい,しんかろん,しんきろう
"ヤリ、スルメ、ホタルなどの種類があ
る魚介類は何 ?",理系,エビ,イカ,カニ,タコ,イカ
[ひとルルドと: の jpき20側から数えても内側から数えても3番目になる指は何 ?,理系,楽指,中指,人差し指,小指,中指
CDやDVDのように、薄いドーナツ型をした記憶媒体のことを総称して何という2,理系,光フリスク,光キオスク,光ディスク,光スクスク,光ディスク
ヘビが、長い体を渦巻き状に巻いた状態を何という?,理系,とがの,とぶろ,とぐろ,どくろ,とぐろ
次のうち、子どもによくみられる伝染病はどれ ?,理系,木ぼうそう,火ぼうそう,土ぼぽうそう,水ぼうそう,水ぼうそう
筋カトレーニングの後、休息を取ることによって筋肉が増加する現象を何という3?,理系,激回復,超回復,絶回復,娠回復,超回復
次のうち、緑黄色野和はどれ ?,理系,にんじん,れんこん,ごぼう,大根,にんじん
ツチノコ、ネッシーなどの未確認動物のことを何という2?,理系,USI,UMA,INU,NEKO,UMA
「バチスタ手術」といえば、人間のどの騰器に対する手術 ?   「,理系,"==|
月",肺,心臓,肝臓,心臓
次のうち、「まぶしい」と感じられとるにコちすっ   -,理系,風,光,"と=コ
由",ずすず0もる,光
次のうち、化粧品に保湿成分として配合される、ムコ多糖類の一種はどれ?,理系,グルタミン酸,イノシン酸,"ヒ
アルロン酸",テレフタル酸,"ヒ
アルロン酸"
熱帯魚飼育は「これに始まりこれに終わる」といわれる、鮮やかな色が特徴の熱帯負といえば何 ?,理系,ゲッピー,ゴッピー,グッピー,ガッピー,グッピー
ハワイがその代表例である、マグマが発生し火山活動が起きる場所を指す用語は何 ?,理系,ドライスポット,ホットスポット,アイススポット,クールスポット,ホットスポット
のどの人炎症やせきを鎮める時になめる、真ん中に穴が開いた楽を何という?,理系,トローチ,アプローチ,ブローチ,コックローチ,トローチ
「位置エネルギー」は、物体の位置が高けれはば高いほどどうなる ?,理系,変わらない,年減する,高くなる,低くなる,高くなる
ワウひる280/アのペシルニシンスアルカレ:ガバンの成虫のエサとなるものはどれ?,理系,化の蜜,木の葉,他の昆虫,樹液,樹液
恒星の表面の色は、一般に、次のうちどんなものによって決まる ?,理系,表面温度,構成元素,大きさ,地球からの距離,表面温度
次のうち、通常は固体なのはどれ ?,理系,牛乳,オレンジジュース,水,ビール,水
次のうち、「うるさい」と感じられとるにコちすっ   -,理系,騒音,有弱風,,発光,騒音
次のうち、魚の種類にあるのはどれ 2?,理系,タマチ,コマチ,ハマキ,ハマナチ,ハマナチ
次のうち、成長すると「カ」になるの】とちず2ル4 且2      」,理系,ボウフラ,ヤゴ,オタマジャクシ,ミノムシ,ボウフラ
太陽系の惑星で、水星と地球の間にクル3Yの】ちく幅7     「,理系,金星,火星,太陽,木星,金星
東京・上野動物園で飼育された、ランラン、カンカン、トントンといえばは、どんねな動物 ?,理系,コビトカバ,アメリカバイソン,ジャイアントパンダ,オカピビ,ジャイアントパンダ
サケやアユが、川の流れを逆行して登って行くことを何という?2,理系,,創傷,遡上,奏上,遡上
次のうち、眠い時に起こる呼吸動作はどれ ?   「,理系,あくび,しゃっくり,おなら,くしゃみ,あくび
一般的な海水の中に、水に次いで多く含まれている物質は何 ?,理系,塩化マグネシウム,塩化ナトリウム,硫酸マグネンシウム,硫酸カルシウム,塩化ナトリウム
炎色反応を覚える語呂合わせ「リアカー無きK村」で、「リアカー」が示す元素と色は何 ?,理系,リチウムと青,リチウムと赤,リチウムと紫,リチウムと緑,リチウムと紫
日本産のハチでは最大種である、彼毒を持つことで知られるハチは何 ?,理系,アシナガバチ,ミツバチ,キンギョバチ,スズメバチ,スズメバチ
人間の言葉をまねることで有名な、ES『の1 たく幅W/,理系,九官鳥,七官伺,八官伺,巨人,九官鳥
1895年にドイツの物理学者レントゲンが発見した「〇線」。〇は何 ?,理系,Z,Y,X,W,X
WESひだ:EMIYX6【ゆお和ンタた 申肝2,理系,グレム,グロム,グリム,グラム,グラム
三角、丸底などの種類がある、理科の実験で使う道具は何 ?,理系,上息てんびん,顕微鏡,沸騰石,ノラスコ,ノラスコ
「マイマイ」 「テンデテンムシ」などの別名がある生き物は何2,理系,カタツムリ,"ミミズ
ee
人",クラゲ,"さぶ ペペざ 写
ジンニニ",カタツムリ
栄養素を豊富に含むとされる、水深200m以上の場所に存在する海水を何という2,理系,海陽紳葬水,海用真相水,海容新装水,海洋深層水,海洋深層水
地表が、風や水などの力によって前り取られることを何という ?  「,理系,風食,堆積,浸食,侵略,浸食
次のうち、一般にプリン体が最も多く含まれている飲み物は?,理系,ビール,ウィスキー,焼酎,ワイン,ビール
"物が水に浮いているとき、浮力とつり合っ
て
上
力は次の
うち
どれ
フ",理系,摩擦,体力,転向力,重力,重力
タスマニア島に分布している、世界最大の肉食有袋類は何 ?,理系,タスマニアゴッド,タスマニアエンジェル,タスマニアキング,タスマニアデビル,タスマニアデビル
花びらが一つつ一つ離れている花を何という?,理系,合成花,単弁花,ばらばら花,離弁化,離弁化
次の海に住む動物のうち、「セキツイ動物」ではない動物はどれ?,理系,イルカ,サメ,ヒトデ,マグロ,ヒトデ
「静須」とは逆に、心臓から全身の器官へと和送られる血液が通る血管のことを何という?,理系,金脈,動脈,山脈,人服,動脈
ダイナマイトは「ある物質」を玩藻土にしみ込ませて作られますが「ある物質」とは次のうちどれ?,理系,ニトログリセリン,プロピルアルコール,シクロヘキサン,ニトロベンゼン,ニトログリセリン
無セキツイ動物のうちタコ・イカ・ナメクジ・アサリなどは何と呼ばれている?,理系,腔腸動物,環形動物,軟体動物,,軟体動物
次のうち、「質量=体積」の計算で求めるものはどれ2,理系,光度,角度,休度,密度,密度
親の特徴が子に伝わることを何という?2,理系,遺伝,一子相伝,断絶,免許紅伝,遺伝
宇宙飛行士が船外活動で着る「EVAスーツ」の色は主に何色 ?,理系,緑,日,紫,県,日
『「フット」や「マッハ」といえば、次のうち、どのようなことに関する単位?,理系,便さ,速さ,車さ,高さ,速さ
次のうち、猛人高類の鳥はどれ ?,理系,ペンギン,コンドル,ダチョウ,ニワトリ,コンドル
カブトムシの足の本数は?,理系,12本,10本,6本,8本,6本
病院で、ある患者に対して、中心となって治療にあたる医師を何という?,理系,介護士,主治医,救管医,当直医,主治医
数学や理科などで使う「nm」「0Q」「q」といえば何文字2?,理系,ロシア文字,ギリシャ文字,ハングル文字,ブラジル文字,ギリシャ文字
だ液に和含まれている消化酵素は何?,理系,ペプチターゼ,アミラーゼ,トリプシン,ペプシン,アミラーゼ
救命措置で、いったん止まった心臓を再び動かすために胸骨の部分を繰り返し圧問することを何という ?,理系,心臓マッサージ,心臓リラクゼーション,心臓エステ,心臓メイク,心臓マッサージ
米国の衛星を利用し携帯電話やカーナビにも搭載されている全地球測位システムの通称は何?,理系,GPS,PHP,FTP,GSV,GPS
日本最大の淡水魚は何?,理系,イトウ,サトワウ,ゴトウ,ビトウ,イトウ
次のうち、和花粉症の原因として知られる植物はどれ ?,理系,ブタクサ,ウシクサ,ウマクサ,クマクサ,ブタクサ
2の0乗は1ですが、0の2乗はいくつ 2?,理系,],0,2,3,0
化学変化の前の物質全体の質量と後の物質全体の質量は変わらない。というのは何という法則?,理系,フレミングの法則,ファラデーの法則,熱の法則,質量保存の法則,質量保存の法則
見た目が馬の脳に似ていることから名づけられた鉱物の一種はどれ ?,理系,実母,斑璃,桁柚石,孔雀石,斑璃
多数の細胞が集まって体ができている生物を何という?,理系,,他細胞生物,単細胞生物,多細胞生物,多細胞生物
親の体内で子をある程度育ててから生む方法を、「卵生」に対して何という?,理系,幼生,寄生,湿生,胎生,胎生
月の表面に見られるでこぼこを何という?,理系,丘,クレーター,クーデター,砂丘,クレーター
水溶液になると電流を通す物質を何という?,理系,,電人質,陽質,非電解質,電人質
「降圧薬」といえば、次のうち、どの数値を下げるために飲む薬 2,理系,血圧,車圧,気圧,指圧,血圧
20kmのトンネルを時速4kmで歩いた時、通りすぎるのに何時間かかる 2?,理系,10時間,5時間,4時間,30時間,5時間
記号「N」で表される「ニュートン」といえば何の単位 ?,理系,力,"と=コ
三」",光,ずすず0もる,力
地球上の物体に働く、地球の中心に向かって引っ張られる力を何という?,理系,電磁力,力積,張力,重力,重力
動物が体内に貯蔵することから 「動物デンプン」とも呼ばれる物質は回角,理系,グリコーゲン,ナイアシン,アドレナリン,パソブレシン,グリコーゲン
イカの体の表面などに生息する、光を発するバクテリアを何という ?,理系,光源バクテリア,発光バクテリア,光放バクテリア,光線バクテリア,発光バクテリア
次のうち、一般にきれいな河に住むとされる生物はどれ ?2,理系,サワガニ,アメリカザリガニ,ヒル,チョウバエ,サワガニ
常温で液体である数少ない元素でもある、体温計などに使われる物質は回角,理系,水銅,水金,水鉄,水銀,水銀
電気抵抗の単位 「オーム」を表すのに使われるギリシャ文字は何 ?,理系,ベータ,アルファ,ガンマ,オメガ,オメガ
次のうち、「ベクレル」や「シーベルト」といった単位に最も関係が深いものはとどれ?,理系,圧力,放射線,エネルギー,光,放射線
「正反射」ともいう、完全に在らな面で生じる反射を何という ?,理系,断面反射,月面反射,地面反射,鏡面反射,鏡面反射
xやyを使って表される、様々な値をとる数を文字で表したものを何という?,理系,替数,返数,換数,変数,変数
次の分数のうち、約分できるのはどれ 2?,理系,5分の3,8分の7,7分の2,4分の2,4分の2
次のうち、最も大きい電池はどれ ?,理系,単一電池,単四電池,単二電池,単三電池,単一電池
音速を超えて飛行する物体から発せられる衝撃波が地上に達したものは回角,理系,昇章挙,ソニックブーム,ヨガフレイム,サマーソルトキック,ソニックブーム
エドヒガンとオオシマザクラから作られたサクラの代表的な品種はソメイの〇〇。 〇〇〇は何 ?,理系,ヨンシノ,キタノ,アベノ,クマノ,ヨンシノ
ゴールデン、ジャンガリアンなどの種類がいるネズミの仲間である動物は何 ?,理系,メートリア,カピバラ,ハムスター,モルモット,ハムスター
次のうち、長さの単位はどれ ?,理系,ヤード,クォーター,オンス,パイント,ヤード
優性の法則・分離の法則・独立の法則の3つの遺伝の法則を発見した、オーストリアの生物学者は誰 ?,理系,メンデル,メンカウラー,メンデレーエフ,メンデルスソゾーン,メンデル
次の筋肉のうち、足にあるのはどれ?2,理系,外助問筋,横隔膜,心筋,ヒラメ筋,ヒラメ筋
生物を構成する基本単位は何 ?,理系,細胞,小肥,大胞,太胞,細胞
クリミア戦争で活躍したナイチンゲールといえば、次のうちどんな職業の発展に頁献した人物 ?,理系,楽剤師,保育士,宋奮士,看護師,看護師
島の口にある、硬い板のような部分のことを何という3?,理系,びしばし,いしばし,さいばし,くちばし,くちばし
開発当時、「クモの和糸より細く鋼鉄よりも硬い」というキャッチコピーで知られた合成繊維は何 ?,理系,ナイツモ,ナイポン,ナイロン,ナイチー,ナイロン
南極やグリーンランドのものが有名な、圧力や重力によってできる巨大な氷の塊を何という ?,理系,氷河,氷水,水大,氷体,氷河
電気に関係する「右手の法則」「左手の法則」を発見した、イギリスの物理学者は誰 ?,理系,アンダーソン,マクロード,フレミング,マクミラン,フレミング
「ガイガーカウンター」といえは、次のうち何を測定する機械 ?,理系,放射線,"温度
ZI お<",マグニチュード,身長,放射線
「巻積雲」のことを、魚の群れのように見えることから何という ?2,理系,さけ雲,まぐろ寺,いわし害,ぶな害,いわし害
次のうち、一般的な2枚1組の三角定規にない角度はどれ?,理系,30度,45度,60度,50度,50度
酸とアルカリから塩と水ができる反応は何 ?,理系,中積,中差,中和,中商,中和
「地球は青かった」という名言を残した、ソビエト連邦の宇宙飛行士は上:壮4,理系,ググーリン,ギギーリン,ゴゴーリン,ガガーリン,ガガーリン
5に対する1/5のように、ある数と掛け合わせると1になる数を何という?,理系,逆数,転数,裏数,倒数,逆数
磁石や電流の周りに生じる、磁力の働いている空間を何という ?,理系,世界,愉界,政界,磁界,磁界
医学者の野口英世が研究に生涯をささげ、自らもかかって亡くなった病気といえば何 ?,理系,黄熱病,情熱病,示熱病,発熱病,黄熱病
次のうち、衛に「鱗粉」という粉がついている昆虫はどれ ?,理系,チョウ,バッタ,トンボ,カブトムシ,チョウ
病院の「集中治療室」のことを、アルファベット3文字で何という 2?2,理系,AED,TBS,ICU,UCC,ICU
タンポポやヒマワリは何科の植物 ?,理系,キク科,サワル科,ミル科,カグ科,キク科
次のうち、東南アジアに分布する、夜行性のサルはどれ?,理系,スカーフザル,テブクロザル,ボウシザル,メガネザル,メガネザル
透明度が高く、高級食器などに使われるガラス「〇〇〇ガラス」。〇〇つつは何 ?,理系,クライスト,クリスタル,クリスマス,クラシカル,クリスタル
地球から一番近い恒星は何 ?,理系,シリウス,アンタレス,べベガ,太陽,太陽
四角形の内角の和と外角の和は、共に何度?      「,理系,360度,960度,560度,760庶,360度
「炎色反応」を利用している、火薬が燃焼するとき発生する光や音などを楽しむものは何 ?,理系,花火,風火,月火,鳥火,花火
高校の理科で、細胞、遺伝、代謝について学習する教科はどれ ?,理系,地学,生物,物理,化学,生物
全天で最も明るい星「シリウス」は、何という星座にある星?,理系,こまいぬ座,まけいぬめ座,おおいぬ座,のらいぬ座,おおいぬ座
船や飛行機で用いられる、磁石の針が南北を指すことを利用して方角を知る計器といえば何 ?,理系,野球盤,配電般,"文字
盤",維針盤,維針盤
アール、ヘクタール、王方メートルといえば、何を表す単位 ?,理系,時間,面積,質量,長さ,面積
「昆虫記』の作者として知られる、フランスの昆虫学者は誰 ?,理系,ファーブル,ルーブル,マーブル,ネーブル,ファーブル
草を牛が食べ、その牛を人間が食べるというような、食べる・食べられるの関係を何という ?,理系,食物連鎖,食物関係,食物繊維,食物結合,食物連鎖
世界一大きいペンギンの一種は何 ?,理系,ダイオウペンギン,オオサマペンギン,キョウコウペンギン,コウテイペンギン,コウテイペンギン
正の整数aがあってaxaニ4が成り立つとき、aの値はいくつ?,理系,],2,4,7,2
次のうち、「キク科の花」と「宇宙を意味する言葉」から連想される言葉はどれ ?,理系,コスモス,コストコ,コスタリカ,コスチューム,コスモス
_ 化学反応で、「C+02つの〇〇」の〇〇①つに入れて正しい式になるのは、のひjpまっず< 4,理系,CO2,H20,NH3,NaC|,CO2
東南アジアのジャングルで見られる「ラフレシア」といえば、「世界最大の何」 ?,理系,花,動物,"に
時","に
石",花
次のうち、口の狭い容器に液体を注き込むときに使う実験器具の名前はとれ?,理系,あうと,だうと,さよょようと,ろうと,ろうと
ユーカリの葉を主食とする、オーストラリアに生息する動物は何 ?,理系,コーラフ,コレラフ,コブラ,コアフ,コアフ
次のうち、セミの種類にあるのはとれ 2?,理系,ヒグラシ,カリグランシ,ソノヒグラシ,ヒトリグラシ,ヒグラシ
肉を柔らかくする働きを持つブロメラインという酵素を含むため、よく酢朋に入れられる果物は何 ?,理系,レーズン,パイナップル,リンゴ,グレープフルーツ,パイナップル
「binary digit」の略である、情報量の単位は何?,理系,ビット,ピクセル,ヘルソツ,ミッキー,ビット
太陽はどの方角から昇る?,理系,北,東,西,南,東
次のうち、水が凍る温度はどれ ?,理系,氷点,雷点,炎点,風点,氷点
野生のヤドカリが、普通、住処としているものは次のうちどれ ?,理系,魚の死骸,サンゴ礁,海藻,具,具
液体や気体の中に置かれた物質に働く上向きの力を何という 2?,理系,空力,摩擦力,揚力,上カ,揚力
植物の細胞の最も外側に位置する、セルロースやペクチンでできた部分を何という ?,理系,細胞側,細胞庭,細胞枠,細胞壁,細胞壁
メスシリンダーやものさしについている、量をはかるための目安となる刻みを何という?,理系,目盛り,耳盛り,鼻盛り,口盛り,目盛り
地球の中緯度地域の上空でみられる、西奇りの風のことを何という ?,理系,偏西風,上空風,旋風,飛行機風,偏西風
「中点連結定理」や「ピタゴラスの定理」といえば、主にどんな図形で成り立つ定理 ?,理系,円,五角形,球,三角形,三角形
次のうち、主に熱帯雨林に生息する尼虫はどれ?,理系,ネプチューンオオカブト,ゲンジボタル,モンシロチョウ,オニヤンマ,ネプチューンオオカブト
次のうち、弓を引いて矢を打ち出す仕組みに関係する力はどれ ?,理系,摩擦,弾性力,速心力,重力,弾性力
次のうち、水酸化ナトリウムには含まれていないり物質はどれ ?2,理系,アルミニウム,ナトリウム,水素,酸素,アルミニウム
ヒトの体内で、アンモニアはどんな物質にかえられたうえで排油される ?,理系,尿素,水素,酸素,,尿素
次のうち、感染すると激しい下痢や喝吐を引き起こす感染病はどれ?,理系,コブラ,コピュラ,コレラフ,コプラ,コレラフ
次のうち、奇数はどれ ?,理系,2008,2014,2000,2015,2015
複数の細胞によって体が構成されている生物のことを、 「!単細胞生物」に対して何という ?,理系,複細胞生物,多細胞生物,大細胞生物,二細胞生物,多細胞生物
次のうち、「マグニチュード」で規模の大きさが表されるものはどれ?,理系,地震,火事,"呈紀
四",百風,地震
オーストラリアの学者マーシャルによって胃潰瘍の原因であることが明らかにされた細菌は何 ?,理系,ペロリ普,ボロリ菌,プロリ菌,ビピロリ菌,ビピロリ菌
次のうち、アルミニウムの元素記号はどれ2?,理系,Am,AQq,Al,Ar,Al
コンピューターやネットワークに侵入し、デテータを盗み見たり、破壊したりする人を何という?,理系,クラッカー,ビスケット,マンユマロロ,キャンデイィ,クラッカー
外から何度も力がかかることによって起こる骨折のことを何という ?,理系,限界骨折,耐久骨折,待機骨折,疲労骨折,疲労骨折
次のうち、実際にいるチョウの仲間はどれ ?           「,理系,ドッグチョウ,モンキチョウ,ホースチョワウ,キャットチョワウ,モンキチョウ
アラビアの数学者にちなむ、問題を解く手順を意味する言葉は何 ?,理系,ポリリズム,バカリズム,マンネリズム,アルゴリズム,アルゴリズム
コンパスや定規を使わずに図形を所くことを何という ?,理系,マスターハンド,マジックハンド,フリーハンド,ゴッドハンド,フリーハンド
2の3乗は何 ?,理系,9,8,16,4,8
渦巻管、前庭、三年規管からなる体の部分はどこ ?2        「,理系,爪,眼球,内耳,,内耳
フラスコを熱する際などに使う、上部が輪っかになった台を、脚の本数から何という2?,理系,四脚,二脚,五肢,三脚,三脚
次のうち、ペットとしても飼育されるオオツチグモ科のクモの一般的な呼び名はどれ?,理系,タランチュラ,デンキクラゲ,ガンガゼ,オナモミ,タランチュラ
ヒトなどの動物の消化管に寄生する、局在な体を持った寄生虫を総称して何という ?,理系,ウエスギムシ,タケダムシ,サナダムシ,オダムシ,サナダムシ
皮膚がたるむことによって体の表面にできる、細かい筋目のことを何という ?,理系,そばかす,しみ,ぶや け,しわ,そばかす
ヨコバイ科の昆虫「耳剛」と、フクロウ科の鳥「木菓」に共通する読み方は何 ?,理系,シマフクロウ,アオバズク,コノハズク,"に ミズ
ee","に ミズ
ee"
1961年に人類初の宇宙飛行を行った、ソ連の宇宙飛行士は誰?,理系,ガガーリン,テレンコワ,サビツカヤ,レオーノフ,ガガーリン
カルシウムの元素記号はどれ ?,理系,Ka,Ca,K,C,Ca
表皮を簡単にはがせることから名付けられた、釣りでおなじみの魚は回角,理系,カワハギ,トラハギ,ヒハギ,カワトレ,カワハギ
ーー種類の元素のみからなる物質を指す言葉は何 ?,理系,混合物,化合物,"結蝶
日日",単体,単体
機械の歯車などに使われる、キ年固体の潤滑剤を何という 3?,理系,リース,グリース,フリース,リリース,グリース
次のうち、カメの仲間ではないのはどれ?,理系,ミドリガメ,タガメ,アカウミガメ,クサガメ,タガメ
固体になると「ドライアイス」となる気体は何 ?,理系,二酸化炭素,二酸化窒素,二酸化硫黄,二酸化マンガン,二酸化炭素
100円の商品に8%の消費税がかかった場合、購入者が支払う金額はいくら?,理系,108円,1800円,800円,180円,108円
「考える」という意味のフランス語から名付けられた、黄色や紫色の花を咲かせるスミレ科の植物は何 ?,理系,パンジー,モンキー,ピンキー,デイジー,パンジー
次の鳥のうち、飛べないのはどれ?,理系,ペンギン,カナリア,ペリカン,アホワウドリ,ペンギン
次のうち、水素イオン濃度指数を表す記号はどれ ?,理系,Pa,pH,IPS,pdf,pH
樹木の幹の表面を覆う部分を、普通、何という ?,理系,樹鱗,樹毛,樹骨,樹友,樹友
次の人体の部位のうち、ふつう最も頭側にあるのはどれ2?,理系,尾てい骨,言有,生月板,食道,食道
「地球は青かった」という名言を残したソ連の宇宙飛行士は誰 ?,理系,テレンコワ,ガガーリン,レオーノフ,ナトフ,ガガーリン
新薬の特許が切れた後に製造される、同一成分の薬を何という ?,理系,ジェネリック医薬品,メタボリック医薬品,ターメリック医薬品,ヒステリック医薬品,ジェネリック医薬品
富山県や長野県で「県の島」に指定されている、特別天然記念物の鳥は回角,理系,ライチョワウ,タイチョウ,カイチョワウ,サイチョワウ,ライチョワウ
キンカン、ユズ、グレープフルーツといえは何科の植物 2,理系,アオイ科,ミカン科,バラ科,ツツジ科,ミカン科
溶震の流出や噴火、火山性地震など、火山が引き起こす諸現象 「K)〇活動」。 のの〇は何 ?,理系,火山,学級,結婚,アイドル,火山
富良野地方でよく見られる、紫色の花を咲かせることが多いシソ科の植物は何 ?,理系,ダリア,ラベンダー,カモミール,アーティチョヨーク,ラベンダー
ラーメンの麺がのびる主な原因は、麺が〇〇〇を吸い込むから。〇〇〇は何 ?,理系,金,木,ル,水,水
ある空気中の水蒸気量が飲和水蒸気量と同じになる温度は何?,理系,濁点,露点,失点,焦点,露点
「ノーベル賞」に名を残す、アルフレッド・ノーベルが発明したものといえはばは何 ?,理系,電球,飛行機,ワクチン,ダイナマイト,ダイナマイト
飯島澄男らが発見した、炭素原子がつくる円筒型の分子は何 ?  「,理系,カーボンナノチューブ,カーボンキロチューブ,カーボンテラチューブ,カーボンミリチューブ,カーボンナノチューブ
振動数の異なる音が和干渉し合い、音が強くなったり編くなったりして聞こえる現象を何という ?,理系,うなり,くぼみ,かゆみ,しびれ,うなり
黒色のメラニンなどのように、色が出る原因になる物質を総称して何といつ ?,理系,色素,色々,色紙,色気,色素
ものが燃えて光や熱を発する現象のことを何という ?,理系,"ゃ
っ)\",ひ,は,へへ,ひ
ヒトやチンパンジー、ゴリラなどのサルの仲間をさす言葉は何 ?,理系,西長類,自長類,,吐長類,
夏から秋に現れ、「ガチャガチャ」本 ミミるにコリコ0とをS『のの】三|は何 ?,理系,クツワムシ,ムチムン,ハカマムシ,アブミムシ,クツワムシ
ニキビ、コナ、イエなどの種類がいとでsilち講和,理系,マニ,ヤニ,ノニ,ダニ,ダニ
その肉や血は滋養に富むとされる、亀の一種は何 ?,理系,クーポン,スッポン,デュポン,レオポン,スッポン
人間の耳で聞き取ることができる、およそ20ン2万ヘルツの周波数の音を何という ?,理系,海潮音,効果音,可有聴音,五十音,可有聴音
原子核を構成する2つの粒子とは、陽子と何?,理系,酸性子,塩基性子,中性子,アルカリ性子,中性子
次のうち、同音の「科学」と区別して、特に「化学」を指す言葉はどれ?,理系,ばけるがく,ばけまなぶ,ばけるまなぶ,ばけがく,ばけがく
理科実験。酸性アルカリ性を調べる試験紙は?        「,理系,新聞紙,チリ紙,リトマス紙,コピー用紙,リトマス紙
次のうち、美しい鳴き声と黄色い体が特徴的なアトリ科の島はどれ ?,理系,カナリア,アタルカ,ヒバオア,カトレア,カナリア
次のうち、寺を構成するものとして正しいものはどれ2?,理系,磁界,炎,水滴や氷の粒,わたあめ,水滴や氷の粒
タナゴ、シシャモ、コイといえば、次のうちどんな生き物の仲間 ?,理系,,海藻,ヘビ,魚,魚
アップル往が開発した音楽持生ソフトは次のうちどれ?,理系,GOMPIayer,SoundPlayer Lilith,ITuneS,ALSon9,ITuneS
ロシアの生理学者・パブロフが、反射の実験に使った動物は何 ?,理系,獲,,ネズミ,犬,犬
感電防止のために、電気機器から漏れた電気を地面に流すことを何という?,理系,マーキュリー,マーズ,ビーナス,アース,アース
次のうち、主に「白癖菌」というカビが原因となる病気はどれ ?,理系,脚気,中歯,水虫,風邪,水虫
日本で使用されている「工場」の地較二語放者に4EEさ(時/計の,理系,ハンドル,太陽,歯車,回転肩,歯車
次のうち、晶食動物はどれ?,理系,ハゲワンシ,ライオン,カバ,ハイエナ,カバ
次のうち、吐液が分泌されるのはどこ 2?,理系,小腸,口,大腸,"==|
月",口
「希少金属」ともいう、工業的に必要だが、産出量が少ない金属を何という ?,理系,ミディアムメタル,ミディアムレアメタル,ウェルダンメタル,レフ,レフ
次のうち、蜂が分泌する、多くの栄養を含む物質は何 ?,理系,プラチナゼリー,グレートゼリー,ローヤルゼリー,ゴールドゼリー,ローヤルゼリー
一般的な自動車の燃料は何?,理系,灯油,水,ガソリン,石炭,ガソリン
「耳鼻咽喉科」の「咽喉」とは、人間の体のどの部分のこと ?,理系,くちびる,のど,歯,古,のど
ガビアル、アリゲーター、クロコダイルなどの種類がある虫類は?,理系,ワニ,ヘビ,ヤモリ,トカゲ,ワニ
次のうち、奇数の数はどれ?,理系,830252,628335,964622,91338/4,628335
タンポポやヒマワリは何科の植物 ?,理系,ミル科,サワル科,キク科,カグ科,キク科
手や足などの関節に無理な力が働さ、征帯などが損傷した状態を何といつ ?,理系,べんざ,とんざ,ざんざ,ねんざ,ねんざ
ダイヤモンドの車さはどんな単位?,理系,ティファニー,デビアス,さらさら,カラット,カラット
次のうち、化学反応によって生じた2種類以上の元素からなる物質を指す言葉はどれ?,理系,会台物,総合物,集合物,化合物,化合物
人間の生活に利和倫を与える虫のことを、「震虫」に対して何という ?,理系,分申,易虫,駅虫,液虫,分申
20、40、60、80という4つの数の「在均値」となる値はどれ?,理系,20,SU,80,200,SU
太陽などが属する、無数の恒星からヨロiたる円時,理系,,日河系,,大河系,
お酒に含まれる物質「エチル〇)〇つ」。〇つつ〇は何 ?,理系,チャコール,アルコール,イコール,スパンコール,アルコール
世界遺産にも指定されている屋久島の名物・屋久杉のうち、幹周り16.4mと最も太い個体の名前は何 ?,理系,縄文杉,古墳杉,弥生杉,,縄文杉
日本人初のノーベル濾受賞者は?,理系,野依良治,江崎玲診奈,朝永振一朗,混川秀樹,混川秀樹
砂糖を熱し続けると黒くなりますが、この黒い物質の成分は何 ?,理系,窒素,酸素,水素,,
次のうち、「物質の三態」に数えられないものはどれ2?2,理系,固体,液体,思念体,気体,思念体
水の化学式は「H20」ですが、水蒸気の化学式は何?,理系,CH4,NH3,H20,CO2,H20
次のうち、かけ算九九の表に1回も登場しない数字はどれ ?,理系,15,12,13,14,13
水に溶けて水素イオンを出す酸に対して、水に溶けて水酸化物イオンを出す物質を何という ?,理系,笑基,油基,酢基,塩基,塩基
1949年、日本人として初めてノーベル賞を受賞した物理学者は誰?,理系,湯川秀樹,坂田昌一,朝永振一朗,仁科芳雄,湯川秀樹
著書に30年かけて出版された『昆虫記』全10巻がある、19世紀フランスのアマチュア博物学者は誰 ?,理系,キュヴィエ,シートン,ダーウィン,ファーブル,ファーブル
次のうち、すべり止めを使うと大きくなる力はどれ ?,理系,垂直折力,摩擦力,重力,浮力,摩擦力
地球上で一番大きい生き物は?,理系,アフリカソウ,シロナガスクジラ,キリン,シャチ,シロナガスクジラ
種子植物のうち、及珠が子房につつまれているもののことを、「裸子植物」に対して何という ?,理系,包子植物,被子植物,復子植物,服子植物,被子植物
雷雲と地面の間に走る火花のことをある植物を使って何という ?,理系,豆妻,稲妻,支妻,地妻,稲妻
レントゲンが発見した放射線は何線 ?,理系,Y線,Z線,X線,W線,X線
冷却材として使用される「ドライアイス」は、何の固体 ?,理系,二酸化炭素,酸素,室素,水素,二酸化炭素
次のうち、疲れなどによって目が赤くなることを意味する言葉はどれ 2?,理系,失血,満血,充血,不血,充血
はかない命のたとえにも使われる、「モン」 「ヒラタ」などの種類がいる水生昆虫は何 ?,理系,ユスリカ,トビケラ,カワゲラ,カゲロウ,カゲロウ
一昔前のテレビやパソコンのディスプレイに用いられた装置のことを、発明者の名にちなんで何という?,理系,ホワイト管,ブラック管,グリーン管,ブラウン党,ブラウン党
リンゴ、ブドウ、メロンといえは、次のうち、一般に、どの部分を食用とする植物 ?,理系,果実,葉,根,茎,果実
金剛石」という別名を持つ、炭素から構成される非常に硬い宝石は回角,理系,ルビピー,エメラルド,ダイヤモンド,サファイア,ダイヤモンド
人【の】三暫G較にお 下可の】三5の数を足した値は何2 。,理系,9,5,8,7,7
次のうち、吐液が分泌されるのはどこ 2?,理系,"==|
月",大騰,小腸,国,国
「2の3乗」の「3」を指す、雪乗を表記する際に右上に小さく書かれる数を何という?,理系,腕数,爪数,指数,手数,指数
健康診断などでアルファベット2文字で「TG」と表記されるのは、次のうち何の値 ?,理系,塩基脂肪,酸性脂肪,アルカリ脂肪,中性脂肪,中性脂肪
地球の中緯度地域で、1年を通して吹いている西家りの風を何という ?,理系,偏西風,大西風,向西風,圏西風,偏西風
次のうち、「パンデミック」や「エピデミック」という言葉と関連するの】たず。化2,理系,地震,化石,,竜基,
申歯の進行度合いを表すアルファベット1文字は何 ?,理系,D,C,A,B,C
次のうち、ナトリウムイオンの表記として正しいものはとどれ?,理系,+Na+,Na+,+Na,N+a,Na+
次のうち、「河川の三作用」に含まれないものはどれ?  ー,理系,浸食,堆積,洗浄,連搬,洗浄
地球から見られる時間帯にちなんで「明けの明星」「窒の明星」の別名でよばれる惑星は何 ?,理系,土星,木星,金星,火星,金星
カタツムリは、次のうち何の仲間 ?,理系,タコ,貝,イカ,エビ,貝
数字で、図形や空間について研究する分野を何という ?     「,理系,幾何,代数,順列,関数,幾何
通常、DNAは人間の細胞核の中でとどのようなかな形状をしている ?,理系,二還らせん,じゃばら,円環,ー本鎖,二還らせん
次のうち、体の回転を感じ取る問官はどれ?,理系,前寿,内牛殻,三生規管,耳官,三生規管
次のうち、足の裏のくぼんだ部分を指す言葉はどれ ?,理系,石踏まず,土踏まず,申踏まず,曲踏まず,土踏まず
次のうち、体の貝殻が消失する形で進化したとされる軟体動物はどれ ?,理系,ウミウン,ウミガメ,ウミネコ,ウミヘビ,ウミウン
次のうち、「秩序ある宇宙」を意味する言葉はどれ 2?  ーー,理系,コスモス,ヒマワリ,アジサイ,タンポポ,コスモス
次のうち、ヒトの結腸を構成している部分として実在するものはどれ?,理系,U状結腸,S状結腸,V状結腸,T状結騰,S状結腸
地球などの惑星が、太陽の周りを回る連動を何という ?,理系,公転,反転,自転,前転,公転
次のうち、星座の名前にあるのはどれ 2?,理系,てんびん座,はかり座,たいじゅうけい座,ふり こ座,てんびん座
次のうち、重さをはかる実験道具は円時,理系,メスシリンダー,温度計,上中てんびん,リトマス紙,上中てんびん
カーボンナノチューブなどというとさの「カーボン」とは何のこと ?,理系,,窒素,酸素,水素,
パソコンのデスクトップや、携帯電話の待ち受け画面の背景画像のことを一般に何という ?,理系,手紙,型紙,壁紙,厚紙,壁紙
元率のシーボーギウムの名前の由来になった物理学者は誰 ?,理系,サイボーグ,ワイボーグ,シーボーグ,ウルボーグ,シーボーグ
生後大ヶ月頃から生え始める赤ちゃんの歯のことを何という2,理系,"ルー
赤歯",氷久歯,"乳歯
洲",子歯,"乳歯
洲"
xについての関数、y=2xの2が表しているのは何2,理系,比例定数,万有引力定数,アボガドロ定数,宇宙定数,比例定数
次のうち、対角線を1本も引くことができない図形はどれ?,理系,六角形,三角形,四角形,五角形,三角形
酸化された物質を元に戻すことを何という ?              「,理系,族化,斑化,本化,逮元,逮元
ものさしや温度計などについている、量をはかるための目安となる線や点を何という ?,理系,山盛り,酒盛り,目盛り,舟盛り,目盛り
犬を用いた条件反射の研究で知られるロシアの生物学者は誰 ?,理系,シュレディンガー,アインシュタイン,ニュートン,パブロフ,パブロフ
ヒトの呼吸に欠かせない、原子番号「8」の元素は何 ?,理系,酸素,大素,甘素,半素,酸素
もぐらは普通どこに住んでいる ?,理系,雲の中,水の中,火の中,土の中,土の中
「ハレー彗星」や「エンケ破星」といった彗星の名前は、どんなものにちなんで命名された2?,理系,星座名,動物名,地名,人名,人名
次の自然数のうち、唯一、3で割り切れる数はどれ ?      「,理系,111,11111,1111,11,111
くま02モす/9和RTひ】たすず 遇2,理系,ザリガニ,サワガニ,ケガニ,ズワイガニ,ザリガニ
長崎の動物園「長崎バイオパーク」などでみられる、世界最大のげっ歯REEルたき 計,理系,カピバラ,アルパカ,オカピ,カモシカ,カピバラ
電圧を表す単位Vは何と読む ?,理系,ボス,ビクトリー,ボンバー,ボルト,ボルト
水溶液にそれ以上物質を加えても溶けないような状態を何という ?2,理系,水和,印和,中和,積和,印和
六角形構造の「ハニカム」は、どんな昆虫の巣という意味がある言葉 ?,理系,カマキリ,アリ,クモ,ハチ,ハチ
佐渡島に保護センターがある、特別天然記念物にも指定されている鳥は回角,理系,ハクタカ,トキ,ツバメ,ハヤブサ,トキ
正・負の荷電粒子が共存して電気的に中性になっている状態を何という?,理系,プリズム,プロンプト,プラズマ,プラリネ,プラズマ
人が歩くと前へと飛ぶことから「ミチオシエ」とも呼ばれる昆虫は何 ?,理系,ダイミョウ,ゼツミョウ,キミョワウ,ハンミョウ,ハンミョウ
記号「V」で表される、電圧の単位は何?,理系,ボルト,オーム,ヘクタール,ワット,ボルト
「ドライアイス」はどんな気体を凍らせたもの?,理系,酸素,二酸化炭素,室素,フッ素,二酸化炭素
次のうち、目薬を目にさすことを意味する言葉はどれ?,理系,裸眼,点眼,肉眼,正眼,点眼
ある金属と他の金属などを溶かし、混ぜ合わせたものを何という2?,理系,融金,併金,合金,結金,合金
正方形の対角線は何本 ?,理系,1本,2本,4本,3本,2本
コンピュータネットワークに不正に侵入し、プログラムの改ざんや破壊を行う人のことをさす言葉は何 ?,理系,キャンディー,チヨョコレート,ポップコーン,クラッカー,クラッカー
「画素」とも呼ばれる、デジタル画像テータを構成する最小の単位は回角,理系,ビクセル,トリミング,レイヤー,ジャギー,ビクセル
狩猟や犬ぞりで活躍する、ロシア原産の犬の品種はひ〇〇ハスキー。〇つつは ?,理系,カナディアン,インディアン,アメリカン,シベリアン,シベリアン
和名をハダカカメガイという、「流氷の天使」と呼ばれることもある海洋生物は何 ?,理系,クリオネ,ウミワウワン,アメフラフン,ホヤ,クリオネ
赤ワインやお作に多く含まれる、植物由来の健康成分は何 ?,理系,ポリメチール,ポリノネナール,ポリエタノール,ポリフェノール,ポリフェノール
「それでも地球は回っている」という言葉も有名な、イタリアの科学者は誰 ?,理系,ニュートン,エジソン,シートン,ガリレオ・ガリレイ,ガリレオ・ガリレイ
毒薬として有名な「青酸カリ」のカリとは何?       -,理系,ユーカリ,カリウム,アルカリ,カリブ海,カリウム
世界最大は「ダイオウ」、世界最小は「ヒメ」といえば、どんな生き物の種類 ?,理系,イカ,サメ,クジラ,タコ,イカ
エンドウマメを用いた実験によって「遺伝の法則」を発見した、オーストリアの人物は誰 ?,理系,コテデル,ドウデル,メンデル,ツキデル,メンデル
次のうち、植物が行う「蒸散」の説明として正しいものはどれ?,理系,水蒸気を外に出す,酸素を取り込む,水蒸気を取り込む,酸素を外に出す,水蒸気を外に出す
「プラークコントロール」といえば、何を抑えるための行為 ?,理系,ガス,抜け毛,臭い,歯垢,歯垢
次のうち、アミラーゼやリパーゼのことをさす用語はどれ?,理系,買素,酵素,色素,間系,酵素
次のうち、生物学における「〆」の記号の意味は何 ?,理系,恒温動物,貴乳類,胎生,オス,オス
次のうち、ニキビなどの皮慮病の原央となる細菌はどれ2?,理系,アクネ男,カノヤ菌,タルミ税,シブシ画,アクネ男
100=1000を計算するといくつになる 2,理系,0.1,10,100,],0.1
寒冷・温暖・停滞・温暖などの種類がある、温かい空気と冷たい空気がぶつかってできる境界は何 ?,理系,前線,石線,左線,後線,前線
次の空を飛べる生き物のうち、員乳外なのはどれ?,理系,チョウ,ジュウシマツ,ツバメ,コウモリ,コウモリ
アメのような甘い香りを放つことから名前が付けられた、水面を滑るように移動する昆虫は何 ?,理系,ミズカマキリ,アメンボ,ミズスマシ,タガメ,アメンボ
次のうち、昆虫ではないのはどれ ?,理系,カブトムシ,クモ,チョワウ,カマキリ,クモ
脂肪分解や食欲増進といった働きがある、トウガラシの果皮に含まれるコリゴリル4た円肝2,理系,カフェイン,カテキン,カプサイシン,カッコンエキス,カプサイシン
「スコヴィル」とは何の度合いを表3単位 ?     -     ー,理系,義さ,痛さ,辛さ,熱さ,辛さ
バラ冠、クルミ冠などの種類がある、ニワトリの頭についた突起のことを何という ?,理系,ヒヅメ,ウキブクロ,タテガミ,トサカ,トサカ
そのグラフが放物線となるのは何次関数 ?,理系,四次関数,三次関数,一次関数,二次関数,二次関数
環境にやさしい「汚れ落とし」として掃除にも使われる、「重炭酸ソーダ」の通称は何 ?,理系,車草,重鎮,車役,重心,車草
気温や湿度が比較的高いときにできやすい、粒の大きな雪をさす言葉は回角,理系,牡丹雪,百合寺,薔薇寺,,牡丹雪
「紅白」「大正三色」「有丹頂」などの品種がある、観賞目的で飼育される色鮮やかな鯉を何という?,理系,イロハゴイ,ムカシゴイ,ニシキゴイ,アズマゴイ,ニシキゴイ
プランクトンの異常増殖によって、海や川が変色する現象を何という2?,理系,折潮,青潮,黒潮,,
歯医者などで、進行の度合いをアルファベットの「C」で表す疾患といえば何 ?,理系,歯槽臓漏,入れ歯,,虫歯,虫歯
周期表はこれの順に並んでいる、原子中の陽子の数を何という 2?,理系,光子番号,分子番号,電子番号,原子番号,原子番号
「おでこ」といえば、顔のどの部分のこと2,理系,あご,ひたい,くち,ほお,ひたい
小文字ではメートル、大文字ではマグニチュードを表すアルファベットは何 ?,理系,M,L,N,S,M
24、48、60の最大公約数はいくつ?,理系,48,12,Z4,36,12
昔話 !桃太郎』にも登場する、「ケンケーン」という鳴き声が特徴の島は何 ?,理系,ゴウガイ,シャセソ,キジ,コラム,キジ
地球が持つ衛星の数はいくつ 2?,理系,1つ,4つ,2Zつ,3つ,1つ
EDMEあ4中EE KGつ二にゴの】計ゴム個数が邊分になるまでの時間を何という ?,理系,全盛其,潜伏期,半減其,幼年其,半減其
目の疲れや精紳的疲労の原因となる、パソコンやスマートフォンの画面から発せられる光は何 ?,理系,グリーンライト,ブラックライト,パープルライト,ブルーライト,ブルーライト
常温で、塩は100gの水にどの程度まで溶ける ?  ーー,理系,309,30mG9g,30kq,3U0t,309
アボポロ11号に乗り込み、史上初の月面着陸を行った、アメリカの宇宙飛行士は誰 ?,理系,アーエーゲー,アーリントン,アーマルコライト,アームストロング,アームストロング
三角形の面積を求める公式「底辺x〇つつ=2」。〇〇は何?,理系,周囲の長さ,年径,内角の和,高さ,高さ
ヒトコブ、フタコブなどの種類がある、砂漠などの乾燥地帯に住む動物は何 ?,理系,ヒョウ,キリン,ヒツンジン,ラクダ,ラクダ
サケの卵を何という?,理系,イクラ,キャピア,カズノコ,タラコ,イクラ
ツヅレサセ、エンマなどの種類がいる、秋の夜に美しく鳴く虫は何 ?,理系,カマキリ,コオロギ,ミツバチ,アメンボ,コオロギ
強風や落軍を伴う、熱帯地方のにわか雨を何という ?,理系,イコール,ワコール,リコール,スコール,スコール
ツバメやハクチョウのように、繁殖地と越冬地との間を規則的に往復する鳥を何という ?,理系,越え鳥,,,渡り島,渡り島
「JAXA」といえば、どこの国の研究開発機関 ?2,理系,フフランス,中国,ロンア,日本,日本
精製すると、軽油や重油が擦取できる、油田から探れる液体を何という?,理系,ゴマ油,原油,条種油,ツバキ油,原油
次のうち、中国にのみ野生生息する動物はどれ ?    「,理系,コアフ,アジアゾウ,ライオン,ジャイアントパンダ,ジャイアントパンダ
10億分の1]メートルの精度を扱う精密技術のことを何という ?,理系,ナノテクノロジー,ピコテクノロジー,ミリテクノロジー,キロテクノロジー,ナノテクノロジー
ハチミツとは、ハチが何から集めた密のこと ?2     ー,理系,花,草,根,木,花
次のうち、自動車などの「大きな鉄くず」を意味する言葉はどれ?,理系,スクラッチ,スクランブル,スクラム,スクラップ,スクラップ
小文字ではアール、大文字ではアンペアを表すアルファベットは何 ?,理系,B,A,C,D,A
イオンを大きく2つに分けると、何イオンと何イオン?    「,理系,光イオンと痢イオン,表イオンと裏イオン,正イオンと負イオン,陽イオンと陰イオン,陽イオンと陰イオン
病院にある、略して「ICU」と呼ばれる施設は何 ?    」,理系,救管救命室,手術室,霊安室,集中治療至,集中治療至
ペットとしても人気がある、イシガメやクサガメの子どもを何という ?,理系,メガカメックス,カメックス,ゼニガメ,カメール,ゼニガメ
「外反母盾」や 「内反小中」といえば、変形している体の部分はどこ ?2,理系,足の指,且,背骨,手の指,足の指
現野が180度以上になる、特殊な広角レンズのことを何という ?,理系,開眼レンズ,魚眼レンズ,着眼レンズ,肉眼レンズ,魚眼レンズ
腸、パラ、発疹などの種類がある、高熱などの症状を発する細菌感染症は何 ?,理系,ナフス,カフス,テノフス,ビピフス,ナフス
頭痛薬などに用いられる「アスピリン」の正式な物質名は何 ?,理系,灰酸,酢酸,クエン酸,アセチルサリチル酸,アセチルサリチル酸
ある物質の温度を臨界温度まで下げた時、電気抵抗がゼロになる現象を何という3?,理系,超伝導,長伝導,兆伝導,征伝導,超伝導
数学で、角度を表すことが多い「シータ」は次のうちどれ?,理系,UJ,9,B,Q,9
Ba2十で表されるのは何イオン 2?,理系,バリウムイオン,カルシウムイオン,水素イオン,ランタンイオン,バリウムイオン
背中に黄色と青の模様があることから名付けられたインコの品種は何 ?,理系,シンロインコ,マキゲインコ,オカメインコ,セキセイインコ,セキセイインコ
江戸時代にオランダから伝わった蘭方に対して、中国から伝わった医術のことを何という?,理系,清方,漢方,明方,唐方,漢方
人間の体に生える毛の構造で、皮膚の内部に存在する部分はどれ ?,理系,毛伸,毛官,毛基,毛根,毛根
オームの法則「V=RI」において、「V」が表すものは何 ?,理系,電圧,速度,エネルギー,体積,電圧
1つの力を2つ以上に分ける「力の分解」に対し、2つ以上の力を1つにまとめることを何という?,理系,力の支配,力の強さ,力のごり押し,力の人台成,力の人台成
バナメイ、テナガ、サクラ、クルマなどの種類がある生き物は何 ?,理系,カニ,イカ,タコ,エビ,エビ
高層建築物の谷間で発生する強い風のことを何という?,理系,ドーム風,タワー風,ビル風,空風,ビル風
一般に「しもやけ」になった手は何色になる 2?   -    ーー,理系,育くなる,黄くなる,緑くなる,赤くなる,赤くなる
塩化コバルト紙に水をつけた時と、青色リトマス紙に酸性溶液をつけた時に共通する色の変化は何 ?,理系,青色から黄色,青色から黒色,青色から赤色,青色から緑色,青色から赤色
次のうち、ペットとしても飼育されるオオツチグモ科のクモの一般的な呼び名はどれ?,理系,タランチュラ,オナモミ,ガンガゼ,デテンキクラゲ,タランチュラ
次のうち、数学で「和」を表す「シグマ」をギリシャ文字で書いたものはとどれ?,理系,A,「,>,(),>
単位としては圧力を表すパスカル、元素記号としてはプロトアクチニウムを意味する記号は何 ?,理系,Ba,Da,Ra,Pa,Pa
「心電図」とは、何という臓器を流れる電気を計測するための装置 ?,理系,心臓,脊髄,皮膚,脳,心臓
次のうち、アメシストの別名はどれ 2?,理系,煙水晶,黄水唱,紫水晶,紅水唱,紫水晶
一般的な物理式で温度を表すのに用いられる記号は、temperatureの頭文字である何 ?,理系,E,V,T,P,T
次のうち、電子体温計が普及する以前によく使われていた体温計に利用されていた金属はどれ?,理系,水銀,金,鋼,銀,水銀
クルマ、ショウリョウ、トノサマなどの種類がいる昆虫は何 ?,理系,"セミ
es]
me",バッタ,コオロギ,ゴキブリ,バッタ
頭に耳のような2弥毛をもったフクロウを特になんという ?2,理系,"に ミズ
ee",ナメクジク,カタツムリク,ヒルク,"に ミズ
ee"
樹木のうちでも、一年中葉をつけたままのものを落葉樹に対して何という?,理系,常緑樹,常銀樹,常黄樹,吊赤樹,常緑樹
アール、ヘクタール、王方メートルといえば、何を表す単位 ?,理系,長さ,面積,質量,時間,面積
にコロpこすのこ6E半【の】EH後で変化しない、という法則を何という ?,理系,エネルギー保存則,定比例の法則,へヘスの法則,倍数比例の法則,エネルギー保存則
マグマが冷却して固まった岩石を総称して何という ?,理系,土成岩,水成岩,風成岩,火成岩,火成岩
樹木のうちでも、秋になると葉を落とすものを常緑樹に対して何という?,理系,楽葉樹,洛葉樹,牙葉樹,洛葉樹,洛葉樹
次のうち、真空中を光が1秒間に進む距離に最も近いのはどれ?,理系,30万キロメートル,30万ミリメートル,30万センチメートル,30万メートル,30万キロメートル
数学で2つの図形が全く同じである「合同」を表す記号は、次のうちどれ?,理系,,テ,,十,
「中点連結定理」や「ピタゴラスの定理」といえば、主にどんな図形で成り立つ定理 ?,理系,五角形,三角形,球,円,三角形
次の関数をグラフにした時、原点をPoまう15】たすず2且4,理系,y=2x+1,\=2x+2,Y=2x+3,V\=2xX,V\=2xX
次のうち、ヒトの何万倍も優れているとされるイヌの感覚はどれ ?,理系,触覚,唱覚,味覚,聴覚,唱覚
「やまびこ」とも呼ばれる、声や音が山や谷に反響することを何という?,理系,のぞみ,こだま,ひかり,たにがわ,こだま
かつて生息していた、上顎の犬歯が大きく発達したネコ科の肉食獣は回角,理系,ダガータイガー,カタナタイガー,サーベルタイガー,レイビアタイガー,サーベルタイガー
ミツバチの時で、群れの中心となるメスのハチを何という ?,理系,魔王バチ,大王バチ,乙姫バチ,女王バチ,女王バチ
空気中で途中にさえぎるものがないとき、光はどう進む ?,理系,暗い方へ曲がる,天に向かっていく,直進する,水がある所に落ちる,直進する
リトマス紙やBTB溶液といえば、何を調べるために使うもの ?,理系,酸性かアルカリ性か,金属か非金属か,液体か固体か,有機物か無機物か,酸性かアルカリ性か
「1分間」は何秒 ?,理系,60秒,15秒,30秒,75秒,60秒
次のうち、ナトリウムの元素記号はとれ?,理系,Na,Nm,Ng,Nt,Na
建物の壁をスクリーンにして、映像を映し出す方法を「何マッピング」という2,理系,アトラクション,ナビゲーション,エキシビジョン,プロジェクション,プロジェクション
山崩れでせき止められた水や、集中豪雨の水が、一気に激しく流れることを何という ?,理系,ナパーム水,ミサイル水,レーザー水,鉄砲水,鉄砲水
次のうち、日本人物理学者の名前に由来する、長さの単位はどれ?2,理系,ユカワ,キュリー,エジソン,アインシュタイン,ユカワ
アメリカ・フロリタダ生島東岸にある宇申ロケット発射基地は「〇OO)宇由センター」。〇〇〇は何 ?,理系,ドゴール,ケネディ,サッチャー,プーチン,ケネディ
次のうち、「下痢止め」はどれにあたる ?          -,理系,政店剤,成長剤,清聴剤,素腸剤,素腸剤
「アメリカカ航空宇宙局」のことを、アルファベット4文字で何という ?,理系,NASU,NASA,NASI,NASO,NASA
次のうち、氷が水に浮く理由としてIBMのME31の】ち2ル6放/,理系,氷が磁力で引っ張られる,氷は透明で光を通す,水の中に微生物がいる,氷は水より密度が小さい,氷は水より密度が小さい
次のうち、ナトリウムの元素記号の表記として正しいのはどれ ?,理系,Na,,4,nA,Na
水流を利用して移根車を回転させることで、機械的動力を得る装置のことを何という ?,理系,風車,水車,滑車,汽車,水車
体長5mに達するものもいる、タコの中でも最大の種類は何 ?,理系,ミズダコ,カミナリダコ,ツチダコ,ヒダコ,ミズダコ
吸入すると中毒のおそれがある、塗料の原液を薄めるために用いられる有機溶媒は何?,理系,シンカー,シンガー,シンナー,シルバー,シンナー
テレビでおなじみ、天達武史、森田1光といえは職業は何 ?,理系,歯科技工士,気象予報士,救急救命士,宇宙飛行士,気象予報士
次のうち、ふさふさした毛が特徴的Ve:ゴリアちず2ル時2   「,理系,チャウチャワウ,ホンマカイナ,ナンデヤネン,セヤセヤ,チャウチャワウ
科学実験などで、「揚振 (かくはん) する」といえば、何をすることを意味する ?,理系,のむ,こぼす,あびる,かきまぜる,かきまぜる
空気の乾湿の程度を表す、空気中に稿まれた水蒸気の度合を何という ?,理系,湿度,"温度
ZI お<",感度,硬度,湿度
次のうち、元素ではないものはどれ 2?,理系,セメント,アルミニウム,チタン,鉄,セメント
「196」は、何分の1を意味する ?,理系,50分の1,100分の1,1000分の1,10分の1,100分の1
宇宙空間から飛来し、地球や惑星の表面に落下した物質を、一般に何という ?,理系,歯石,了石,懐石,石,了石
「ベルーガ」や「海のカナリア」の別名もある、寒い海にすむイルカの仲間は何 ?,理系,シロイルカ,アカイルカ,キイロイルカ,アオイルカ,シロイルカ
分数で、真ん中の線の上に書く数字を、「分母」に対して何という ?,理系,分児,分尼,分子,分妹,分子
「挫息になる」などといわれる、耳たぶが大きな耳のことを何耳という?,理系,寿耳,幸耳,連耳,貴耳,貴耳
原子番号8番、元素記号「0」で表される元素は何 ?   ーー,理系,窒素,酸素,ヘリウム,水素,酸素
ハチが人花から集めた蜜のことを何といつ ?,理系,マーガリン,ハナミツ,ジャム,バター,ハナミツ
電気分解の際に用いる、電解質の溶けた溶液を何という 2?,理系,電解液,ベネディクト液,ルゴール液,フェーリング液,電解液
1949年に日本人初のノーベル賞であるノーベル物理学賞を受覚したのは上:壮4,理系,分川敏英,朝氷振一郎,白川英樹,混川秀樹,混川秀樹
日本では沖縄や九州で栽培される、茎の汁から砂糖が作られるイネ科の植物は何 ?,理系,サトウキピ,サトウコムギ,サトウタケ,サトウススキ,サトウキピ
SI基本単位のひとつ「アンペア」は何の単位 ?        「,理系,,電力,,電圧,
ある昆虫の名前が付いた、世界で一番小さな鳥は何?,理系,ハチドリ,チョウドリ,カブトドリ,アリドリ,ハチドリ
次のうち、「入道雲」の正式な名前はどれ ?     -  「,理系,積乱寺,反乱寺,錯乱雪,混乱吉,積乱寺
人体に存在する血管を大きく3つに分けると、動脈、静脈と何 ?,理系,毛細血管,極小血管,微細血党,細胞血官,毛細血管
「C」 「C++」 「Java」といえば、コンピューターに関する「〇〇〇言語」。〇〇〇は何 ?,理系,ロッククライミング,グルーミング,チャーミング,プログラミング,プログラミング
次のうち、春の七草に含まれないものはどれ2?,理系,セリ,ホトケノザ,アサガオ,ナズナ,アサガオ
一度磁気を帯びたあと、その磁力を長く保つ磁石のことを何という ?,理系,永楽磁石,永眠磁石,永遠磁石,永久磁石,永久磁石
光は1秒間に、次のうちどのくらい進むといわれる 2,理系,北海道を7周告,地球を7周午,日本を7周牛,山手線を7周年,地球を7周午
魚類や両生類の子供が使用する呼吸器官は何?   「,理系,"た三
気官",肺,気孔,えら,えら
一般に、生物が成長し大きくなるのは、何の数が増加するから?,理系,体液,霊魂,細胞,ゲノム,細胞
1957年に日本が初めて南極に建設した観測基地は何 ?,理系,大正基地,昭和基地,在成基地,明治基地,昭和基地
次のうち、一般的な「ペンギン」の説明として適切でないものはどれ?,理系,陸上では直立して歩く,空を飛ぶことができる,魚を食べる,鳥の仲間である,空を飛ぶことができる
病院の「集中治療至」を、アルファベット3文字で何という ?2,理系,IUC,CUI,ICU,UIC,ICU
「ボルト」といえは何の単位 ?,理系,抵折,電圧,磁力,,電圧
次のうち、植物のつくりにないものはどれ2?,理系,歯茎,主根,雄化,子葉,歯茎
次のうち、火山岩はどれ ?,理系,朱雀岩,日虎岩,玄武岩,"=括 エニー
月 回石",玄武岩
イヌやネコの足の裏にある、弾力のある盛り上がった部分を何という 2?,理系,肉球,足球,指球,毛球,肉球
57度17分を1とする、国際単位系で定められている角度の単位は何?,理系,メジアン,アジアン,タジアン,ラジアン,ラジアン
角度を測るために用いる、キ邊円の形をした道具は何2?    「,理系,定規,コンパス,ホッチキス,分度器,分度器
中乳類の中で唯一空を飛べる動物は円時,理系,イモリ,ヤモリ,コウモリ,タモリ,コウモリ
次のうち、「水素イオン濃度指数」を表す言葉はどれ ?,理系,溶質,アルカリ,酸性,ペーハー,ペーハー
回転する物体に生じる、円の中心から遠ざかる向きに働く力は「〇〇9!⑳)たく計。,理系,安心,慢心,車心,"ゞ主 ヽ
須選","ゞ主 ヽ
須選"
毛織物の素材として用いられる、ヒツジの毛を何という ?2,理系,ウール,ブール,モール,エール,ウール
次のうち、三角形の面積を求める公式はどれ2,理系,"年径
径x午径xm",底辺x高さ,底辺x高さ=2,直径xr,底辺x高さ=2
親の特徴が子孫へと継承される現象のことを、生物学では何という ?,理系,生殖,分化,遺伝,呼吸,遺伝
数学では「体積」、物理では「速さ」、 化学では「バナジウム」を表すアルファベットは何 ?,理系,V,Y,X,W,V
気化熱を利用して温度を下げるために、地面に水をまくことを何という?,理系,逃げ水,呼び水,打ち水,湧き水,打ち水
玄米から委などを取り除き、米を白くすることを何という ?,理系,靖米,精米,清米,晴米,精米
「ジャイアント」 「レッサー」といえば、どんな動物 ?,理系,パンダ,シマウマ,カバ,キリン,パンダ
モールス信号で、長音は「ツー」といいますが、短音は何という?,理系,トン,コン,ポン,ロン,トン
特定の抗原に対して、和免疫反応が過和剰に引き起こされることを何という?,理系,オーバードーズ,アレルギー,ストレス,守忌,アレルギー
次の調味料のうち、氷にかけることで、氷の温度を大きく下げることがこまう3の】たぎの光明4,理系,醤油,胡概,酢,塩,塩
次のうち、了肉食恐竜はどれ ?,理系,アンキロサウルス,ブラキオサウルス,ティラノサウルス,アパトサウルス,ティラノサウルス
人間に飼われていない猫のことを、「飼い猫」に対して何という ?,理系,そとねこ,のらねこ,なめねこ,のらくろ,のらねこ
"ドイツ語
ン 詞 で  「
爆弾」という意味がある、高圧の気体や液体を入れる金属吉の容器を何という ?",理系,ポット,ボンベ,バケツ,スプレー,ボンベ
シャチ、シマウマ、ジャイアントパンダに共通する、主な体の色は何色と何色 ?,理系,黄色と緑色,茶色と紫色,白色と黒色,赤色と青色,白色と黒色
ペットとしておなじみの「マルチーズ」といえば、どんな動物 ?,理系,ハムスター,犬,うさぎ,猫,犬
「代」と略される長さの単位は何?,理系,インチ,フィート,マイル,ヤード,フィート
数学では、和を表す時に用いられるギリシャ文字「>」の読み方は何 ?,理系,シグマ,ラムダ,グザイ,オメガ,シグマ
妊婦が心を安定させて、赤ちゃんに良い影響を与えようとすることを何という2,理系,音教,助教,文教,胎教,胎教
コンピュータにログインするためにユーザーに割り当てられる、個別の権利のことを何という ?,理系,アカウント,アットマーク,アプリケーション,アンインストール,アカウント
お酒を飲んでアセトアルデヒドが増えると、旋の皮膚は何色になる2?,理系,"字
月",日,緑,赤,赤
導電にに9月村さりいとるとボ何を表す単位 ?   -,理系,糸の長さ,糸の太さ,糸の車さ,糸の硬さ,糸の太さ
日本で「西高東低」といえば、いつの季節の気圧配置 ?,理系,春,秋,夏,冬,冬
普通、「1ダース」がさす数はいくつ 2?,理系,10,11,13,12,12
章謡のタイトルにもなっている、マダガスカル島に生息するサルの仲間は何 ?,理系,ウイウイ,オイオイ,エイエイ,アイアイ,アイアイ
トンボの幼虫のヤゴが育つ場所はどこ 2?,理系,草むら,水の中,土の中,木の上,水の中
ウムアオリア:ゴニ【のままのとうたる円,理系,トリノス,アリノス,ハナチノス,クマノス,ハナチノス
周りの色や感情に応じて、体の色を変化させるトカゲの仲間といえば回角,理系,ヤモリ,イグアナ,カメレオン,イモリ,カメレオン
頭の吸有盤で大型魚にくっついて、大型負の取りこぼした餌を食べることで有名な魚は何?,理系,コインザメ,キンカザメ,コバンザメ,ワドワウザメ,コバンザメ
次のうち、実在するソゾウガメはどれ 2?,理系,ガラパゴスゾウガメ,クックソゾウガメ,スヴァールバルゾウガメ,カナリアソウガメ,ガラパゴスゾウガメ
一般に「炭酸ガス」といえば、どんな気体のこと?,理系,塩化水素,窒素,二酸化炭素,酸素,二酸化炭素
クヌギやカシなどのブナ科の植物の果実のことを総称して何という ?,理系,ぐりどん,ほんぐり,どんぐり,まつぼっくり,どんぐり
普段は閉じていて、舶の通行などの際にのみ上がる橋を何という 2?,理系,跳ね橋,上げ橋,開き橋,割り橋,跳ね橋
金属に対する、焼き入れ・焼きなまし・焼き戻しなどの操作のことを、総称して何という3?,理系,音処理,光処理,熱処理,電気処理,熱処理
天気図の作成に必要なデータを収集する、 「ひまわり」 「GOES」などの人工衛星を何という ?,理系,通信衛星,気象衛星,放送衛星,車事衛星,気象衛星
水族館でもおなじみのベルーガの別名は何 ?                      「,理系,アオイルカ,シロイルカ,クロイルカ,ハイイルカ,シロイルカ
タコやイカ、貝はどんな動物のグループに属する ?,理系,剛体動物,気体動物,液体動物,軟体動物,軟体動物
梅雨が終わることを何という?,理系,梅雨どき,梅雨入り,梅雨明け,,梅雨明け
ニュートンの著書 『プリンキビピアの出版にも尽力した、彗星に名を残す天文学者は誰 ?,理系,ユキー,ハレー,アメー,クモーリ,ハレー
"計算方法の1つで、「104」を「210」にす
こ   5」 を
「100」に、「205」ることを何という ?",理系,四措六入,三捨六入,四捨五入,三搭五入,四捨五入
次のうち、元素の名前はどれ ?,理系,カネゴン,ゴンゴン,タイゴン,アルゴン,アルゴン
次のうち、赤身の魚はどれ?,理系,タラ,マグロ,カレイ,ヒラメ,マグロ
肉食と草食、両方の性質をかねそなえた動物を何という ?,理系,両食動物,雑食動物,全食動物,満食動物,雑食動物
次のうち、体に毒を持っている魚はどれ?                    「,理系,フグ,サケ,アユ,マス,フグ
ヨウ素液を青紫色に変化させる性質がある、体内でアミラーゼによって分解される物質は何?,理系,セルロース,デンプン,フルクトース,グルコース,デンプン
ミネラル分が少ない水のことを、「硬水」に対して何という ?,理系,柔水,軟水,弱水,優水,軟水
太陽系に惑星はほ8つですが、 恒星はいくつ?,理系,数えされない,1つ,2Zつ,1つもない,1つ
足の親ゆびが小ゆびの方に曲がっていく症状を何という 2?,理系,外反母中,外反父中,外反兄中,外反妹中,外反母中
次のうち、昆虫ではないのはどれ ?,理系,アブラゼミ,クマゼミ,カワセミ,"ーー へ ーー へヽ  いこ
ミンミンゼミ",カワセミ
次のうち、腹部にあるものはどれ?,理系,へでそ,くるぶし,うなじ,こめかみ,へでそ
オタマジャクシが成長すると、何という生き物になる ?,理系,カエル,タツノオトシゴ,アリジゴク,アメンボ,カエル
次のうち、実際に存在する元素はどれ 2?,理系,辛素,甘素,赴素,酸素,酸素
テストで、ちょうと下均点をとったときの偏差値はいくつになる ?,理系,S0,/0,60,40,S0
1]トンは、何キログラム ?,理系,100,10000,100000,1000,1000
ロシアの生理学者・パブロフが、反射の実験に使った動物は何 ?,理系,獲,,ネズミ,犬,犬
奉行でなく、交わりもしないような空間内の2直線の関係は何 ?,理系,ゆがみの位置,ひねりの位置,ひずみの位置,ねじれの位置,ねじれの位置
体の一部にたとえられる、単子葉植物にある多数の細い根は何?,理系,うぶげ根,かみのけ根,ひげ根,まつげ根,ひげ根
線分の長さを二等分する点のことを何という ?  「,理系,焦点,頂点,中点,原点,中点
原子番号1の元素は何 ?,理系,電素,木素,火素,水素,水素
票さや恐怖を感じたとき、ぶつぶつができた肌を何という2?,理系,さる肌,とり肌,うし肌,ねこ肌,とり肌
次のうち、実際に存在する鳥はどれ 2?,理系,ヨンメンチョウ,シナチメンチョワウ,ロクメンチョウ,サンメンチョウ,シナチメンチョワウ
ガリレオ・ガリレイが落体の法則を証明する実験を行ったイタリアの塔はとどこ?,理系,ピサの料塔,エッフェル塔,東京スカイツリー,主体思想塔,ピサの料塔
人間が呼吸する時に使う、酸素を取り入れる騰器は何 ?,理系,はい,いいえ,ノ 一,イエス,はい
固体が液体を経ずに気体になる現象4何という?,理系,消化,消火,硝化,昇華,昇華
「メンデルの法則」といえば、次のうちどんなことに関する法則 ?,理系,"温度
ZI お々",遺伝,,圧力,遺伝
次のうち、妊娠・分既などを扱う医字の科はどれ?,理系,耳鼻科,産婦人科,皮膚科,眼科,産婦人科
水100gに対して、溶質が溶ける量を示す数値を何という ?,理系,溶解度,方解度,正解度,潮解度,溶解度
河口付近で見られる三角州のことを、あるギリシア文字を使って何といつ ?,理系,ガンマ地帯,デルタ地帯,ベータ地帯,アルファ地帯,デルタ地帯
次のほ乳類動物のうち、主に海の中に棲息するものはどれ?,理系,イノンシンン,イヌ,イタチ,イルカ,イルカ
割れても破片が飛び散らないように、金綱を入れたガラスを何という?,理系,銀入ガラス,鉄入ガラス,網人ガラス,鋼入ガラス,網人ガラス
「紫外線」をアルファベット2文字で表すと何 ?,理系,RV,SV,UV,HV,UV
次のうち、急に降り出してすぐにやんでしまう雨を意味する言葉はどれ?,理系,うわべ雨,にわか雨,ふい雨,しろうと雨,にわか雨
突き指や足首のねん挫などの応急処直のために、患部を水や氷で冷やすことを何という?,理系,ホッティング,コールディング,アイシング,ウォーミング,アイシング
次のうち、イヌやネコなどが属する中乳類の分類はどれ ?,理系,食野楽目,食肉目,食魚目,食表目,食肉目
"「電子」
のよう
ように、電
、電何を持った*
こ粒子のことを何という?",理系,化電粒子,荷電粒子,架電粒子,家電粒子,荷電粒子
次のうち、成長すると種子になる植物の部分はどれ ?,理系,がく,やく,柱頭,膝珠,膝珠
次のうち、幾何学や代数学など多方面で活躍したスイスの数学者は誰 ?,理系,オイラー,ワタシー,アチキー,ボクー,オイラー
デュナンが結成した「五人委員会」を前身とする、略称を「ICRC」という国際機関は何?,理系,折十字国際委員会,赤十字国際委員会,黒十字国際委員会,育十字国際委員会,赤十字国際委員会
「只血」とは、何という臓器から出た血のこと2,理系,肺,且,"三]
呈紅",目,肺
「C+02っCO02」のように、化学反応の前後の物質の種類を表した式を何という2,理系,化学反応式,微分方程式,連立不等式,ー次近似式,化学反応式
プランクトンの異常発生によって、海が赤色に変わる現象を何という2?,理系,,親潮,黒潮,朝潮,
次のうち、ある空間に存在できる水蒸気の質量を表した言葉はどれ2,理系,郎和水蒸気量,人差水蒸気量,郎商水蒸気量,館積水蒸気量,郎和水蒸気量
一般的に犬の宜先だと考えられている、ハイイロやシベリアなどの種類がいる動物は何 ?,理系,キリン,オオカミ,カバ,アザラン,オオカミ
次のうち、音を鳴らして敵を威蹴することで知られるクサリヘビ科の毒ヘビはとれ?,理系,ギリギリヘビ,ゴロゴロヘビ,グルグルヘビ,ガラガラヘビ,ガラガラヘビ
オリオン、美川喜一、アンタレスから連想される黄道十二星座の星座は回角,理系,さそり座,しし座,和で た ごこ座,みずがめ座,さそり座
トルコのパムッカレや山口県の秋吉台にみられる、石灰岩が浅食されてできた地形を何という ?,理系,ハンスト,カルスト,ホルスト,エンスト,カルスト
コアとクラッド、被覆からなる、光を反射させて遠くに送り届ける管は回角,理系,光ファット,光プロテイン,光ファイバー,光ビタミン,光ファイバー
次のうち、Googleが開発したスマートフォン向けOSの名前はどれ 2?,理系,Humanoid,Cyborq,Robot,Android,Android
「水金地火木土天海」といえば、惑星をどんな順番に並べた言葉 ?,理系,直径が大きい順,公転速度が速い順,太陽から近い順,放つ光が明るい順,太陽から近い順
チューリップやヒヤシンスにある、養分を蓄えて肥大化した地下部を何という2,理系,球根,円雛根,円柱根,トーラス根,球根
ダイヤモンドを最大の「10」とする、鉱物の硬さを表す指標は何 ?,理系,モース硬度,ムース硬度,ミース硬度,マース硬度,モース硬度
天文学で使われる「パーセク」といえば、次のうち何の単位2?,理系,賭さ,甘さ,長さ,車さ,長さ
ウくのちゃ278是ヒコョレルレアパペクとう)】|時はどれ2?,理系,5000ピコグラム,500グラム,50ミリグラム,5トン,500グラム
人体で、「三生規官」という問官があるのはどこ2,理系,目,脳,耳,心臓,耳
数学で、真偽がはっきり決まるような事柄を述べた文章のことを何という?,理系,命題,明大,名台,名大,命題
植物のおしべにある、花粉が入ったを何という ?,理系,"ホボポ
\",オオムネ,ヤク,オヨソ,ヤク
動物の「ロバ」のことを、耳が長いことから別名「何馬」という ?,理系,ウサギ馬,パンダ馬,タヌキ馬,メダカ后,ウサギ馬
次のうち、かつて計算性能ランキング世界1位にもなった、理化学研究所のスパコンはどれ?,理系,億,"ーーュー
所",万,兆,"ーーュー
所"
葛根、麻黄、桂皮、訪薬、甘草、大そう、生姜の7つの生藻を含む、風邪などに効く漢方薬は何?,理系,,葛根湯,人参湯,,葛根湯
次のうち、実在する星座はどれ ?,理系,いか座,えび座,かに座,たこ座,かに座
微生物から作られる、他の微生物の働きを反える有機物質を何という3?,理系,抗生物質,種導,邊導体,病原男,抗生物質
夏の終わりに多く現れる、鳴き声から名付けられたセミ「〇〇〇ボウン」。〇のの〇の〇は何 ?,理系,ツクツク,"や ふヽ へヽ
ニンニン",カナカナ,ジージー,ツクツク
光や音が、異なる媒質の境界で進行方向を変えることを何という ?,理系,屈折,屈強,屈伸,屈等,屈折
妊娠しやすい体を作るために行われる、排卵誘発剤やホルモン剤の投与などの治療を何という ?,理系,代替治療,不妊治療,"人\ミ=錠に心
公認治療",終身治療,不妊治療
アンデスのフォルクローレにも歌わ導介具とセンタニ【の1ち円角,理系,ドルンコ,コンドル,コルドン,ドンコル,コンドル
薬剤が持つ、本来の治療作用以外の作用を何という ?,理系,複作用,副作用,服作用,忠作用,副作用
日本人で「蒙古斑」というアザがみられるのは、次のうちどんな人 ?,理系,お年寄り,赤ちゃん,中年男性,妊婦,赤ちゃん
次のうち、和牛の胃の名前にあるのはどれ?                       「,理系,ハチノス,トンボノス,アリノス,クモノス,ハチノス
「二酸化炭素」や「二酸化窒素」で、炭素や窒素にくっついているものは次のうちどれ?,理系,塩素原子,酸素原子,水素原子,臭素原子,酸素原子
次のうち、実際にいるヘビの種類はとれ?,理系,バラバラヘビ,ザラザラヘビ,ダラダラヘビ,ガラガラヘビ,ガラガラヘビ
シャム、ペルシャなどの品種がある、ペットとして人人気の動物は何 ?,理系,フェレット,イヌ,ハムスター,ネコ,ネコ
純水を得るときなどに行う、不純物が混ざった液体を一度蒸発させ、再び凝福させる操作は何 ?,理系,対流,,蒸留,発酵,蒸留
次の中生代の生物のうち、空を飛べとでの)】ちず2員り,理系,イクチオサウルス,イグアノドン,プレシオサウルス,プテラノドン,プテラノドン
冬の味覚「ズワイガニ」の別名を、ある地方の呼び名から何という ?,理系,備前ガニ,銀前ガニ,陸前ガニ,越前ガニ,越前ガニ
次のヒトの消化器のうち、もっとも早く食べ物が通るのはどれ?,理系,大腸,"EH
月",食道,小腸,食道
2直角とは何度のこと ?,理系,120度,45度,180度,360庶,180度
食用ともなる、殻類などの種子を暗い場所で発芽させたものは何 ?,理系,いやし,もやし,こやし,はやし,もやし
「カプサイシン」という辛味成分を多く含む、ナス科の植物は何 ?,理系,トウガラシ,トウガン,トウミョウ,トウモロコシ,トウガラシ
巻貝の殻を借りて腹部を保護している海の生き物といえば何 ?,理系,カネカリ,へヘヤカリ,ヤドカリ,イエカリ,ヤドカリ
現存するゾウの仲間を2種類に分けると、アフリカに棲むアフリカゾウと、インド周辺に棲む何 ?,理系,アメリカゾウ,アジアゾウ,南極ゾウ,ヨーロッパゾウ,アジアゾウ
数学の記号「Y (ルート) 」を日本語でいうと「〇〇根」。〇〇は何 ?,理系,在坦,座行,府方,,府方
ボウフラが成長すると何になる ?,理系,ガ,ハチ,カ,クモ,カ
恒星の性哲や進化を示す「ヘルツシュプルング・ラッセル図」を、アルファベットを使って何という2?,理系,DH図,CS図,HR図,FA図,HR図
"一瞬だけ表示されていく数字を見てそれを合計し
ていくことを何
可という?",理系,フラッシュ暗算,フランス暗算,フライング暗人算,フランダース暗算,フラッシュ暗算
次のうち、昆虫はどれ ?,理系,モモンガ,キュウカンチョウ,カイコガ,ブンチョウ,カイコガ
植物が二酸化炭素と水から有機物を生成することを何という ?,理系,水合成,緑台成,間合成,光台成,光台成
震度階級では「恩度0」にあたる、人間には感知できない地震を何という?,理系,無味地震,無理地震,無臭地震,無感地震,無感地震
"一度の呼吸で吐き出せる空気の量のことを、普
析角、 何という 2",理系,月活量,鼻活量,肺活量,喉活量,肺活量
片方に分鍋を、もう片方に重さを計りたいものを乗せて使う理科の実駿娠具は何?,理系,上息てんびん,ピペット,ビュレット,コニカルビーカー,上息てんびん
在面上で、2つの点を結ぶ真っ直ぐな線のことを何という ?,理系,曲線,直線,長線,,直線
「紫外線」のことを、アルファベット2文字で何という ?,理系,SV,UV,TV,RV,UV
ぶにぷにとした触感でおなじみの「肉球」は、猫の体のどの部分にある ?,理系,口の中,尾の先,足の裏,目の下,足の裏
次のうち、最も大きい電池はどれ ?,理系,単二電池,単一電池,単三電池,"単四電:
四電池",単一電池
呼吸時に空気が通る、咽頭と肺を結ぶ官は何 2,理系,師礼,道党,毛官,気官,気官
次のうち、白亜紀の恐竜「ティラノサウルス」の食習慣としてあてはまとの】ちずり,理系,肉食,雑食,魚食,曲食,肉食
計算の中でも、紙やそろばんなどを使わず頭の中だけで計算する方法を何という3?,理系,珠算,暗算,合算,筆算,暗算
次のうち、アンモニアの化学式はどれ 2?,理系,CH4,N20,H2S,NH3,NH3
導線として広く用いられている、銅線に樹脂塗料を塗って絶縁した線は回角,理系,ブラキストン線,ハッタ線,ハチスカ線,エナメル線,エナメル線
別名を「ターコイズ」という、ある国の名前がつけられた青い宝石は回角,理系,インド石,ブラジル石,トルコ石,エジプト石,トルコ石
二酸化炭素など一部を除いた、炭素を含む化合物の総称は何 2,理系,有機物,世話物,感動物,年代物,有機物
顕微鏡で観察する際に用いる、ガラスの上に試料を乗せたものを何という?,理系,プレパラート,プロデュース,プロシュート,プレリュード,プレパラート
「ひとよひとよにひとみごろ」と覚える数はいくつ 2?,理系,ルート2,ルート7,ルート5,ルート3,ルート2
磁石のN極とN極を近づけると、どうなる2?,理系,反発する,熱くなる,引きあう,冷たくなる,反発する
人間なら肺、魚ならエラがこれに当たる、生物が呼吸を行うための器官を何という ?,理系,呼吸問,電話器,消化器,炊飯器,呼吸問
ブリやスズキなどのような、成長に応じて呼び名が変わる魚を何という?,理系,出世魚,左居魚,転職魚,貯転魚,出世魚
次のモンシロチョウの成長過程のうち、キャベツの葉を食べる時期はどれ?,理系,成虫,卵,幼虫,さなぎ,幼虫
ひまっ丈人【クIPIとニルい成分はどれ?,理系,青血球,血小板,赤血球,白血球,青血球
チンパンジーよりも人類に近いといわれる、コンゴに生息する答の仲間は何 ?,理系,バノバ,ブノブ,ビノビ,ボノボポ,ボノボポ
「目に見えない」 という意味がある、旭秘的・超自然的な現象を指す言葉は何 ?,理系,オカルト,アダルト,コバルト,レトルト,オカルト
"中9チョンルもことリウシレ 区アピといえはば、次のうちどんな学説を唱えた学
こ学者 ?",理系,ジャイアントインパクト,プレートテクトニクス,陰陽五行説,地動説,地動説
ジャイアントパンダの体毛の色は、何色と何色 ?,理系,赤色と青色,白色と赤色,赤色と黒色,折色と黒色,折色と黒色
独特な形をした実は中身をくりぬいて水筒として用いられた、ウリ科の植物は何 ?,理系,ギュウタン,カボタン,ハボタン,ヒョウタン,ヒョウタン
次の人間の体の部位のうち、足にあるのはどれ?,理系,かかと,へそ,みぞおち,おとがい,かかと
パソコンのディスプレーに表示された内容を画像として保存したものを何という3?,理系,スクリーンショット,ナイスショット,テイーショット,ブレイクショット,スクリーンショット
日本で、正午ごろの太陽は、次のうちどの方角にある ?,理系,東,四,南,北,南
南征球で見ることができる、 伝説の島の名前が付けられた星座は何 ?,理系,かりょう座,えんりゅう座,ほうおう座,しそちょう座,ほうおう座
キノコやクラゲにある、帽子のような部分を何という ?,理系,ざる,はち,かさ,ごさら,かさ
次のうち、花の名前はどれ?,理系,エゾリス,アマリリス,ンマリス,カザンリス,アマリリス
次のうち、シロハラやヤンバルなどの種類がいる島はどれ?,理系,クイナ,ノミナ,タベナ,ヤスミナ,クイナ
二重のガラス瓶の間を真空にした、保温・保冷に用いる容器を何という?,理系,呪法瓶,妖術抽,幻術聞,魔法瓶,魔法瓶
化学実験で蒸発残留物を得る際などに用いられる、中央がくぼんだガラス皿を何という ?,理系,カレンダー皿,時計皿,時報凪,雌日皿,時計皿
WI【ひたゴひたとさクル:に)えっ8凍と最も太い指は何 ?,理系,小指,親指,中指,楽指,親指
次のうち、舌にある「味董」で感じ取る感覚はどれ ?    」,理系,味覚,聴覚,唱覚,相覚,味覚
雪原で、空と地面の区別がつかなくなる現象「O〇OO〇アウト」。 〇の〇〇のは何 ?,理系,グリーン,イエロー,ブラック,ホワイト,ホワイト
空中に張りめぐらせた電線を支える柱のことを何という ?,理系,電信柱,四本柱,三本柱,大黒柱,電信柱
そろばんや電卓といえば、次のうち何をするための道具 ?,理系,角訳,計算,電話,"三二
読書",計算
映画にも描かれた「タロとジロ」といえば、次のうち何に同行した犬 ?,理系,世界一周航海,南極観測,エベレスト登頂,アースマフソン,南極観測
樹木の幹の表面を覆う部分を、普通、何という ?,理系,樹毛,樹皮,樹鱗,樹骨,樹皮
レントゲン撮影の際に飲む白い液体は「硫酸つ〇〇」。 の〇の〇は何 ?,理系,ストロンチウム,ベリリウム,バリウム,ラジワム,バリウム
T無えんバター」の「えん」とは、何のこと2    」,理系,,煙,鉛,塩,塩
バケツを振り回しても、水がこぼれないのは、何という力が働くから ?2,理系,電磁力,遠心力,揚力,浮力,遠心力
宝石の鑑定などに使われる、錠光物質を光らせる紫外線のライトを何という ?,理系,レッドライト,イエローライト,ブラックライト,グリーンライト,ブラックライト
「全身」や「局所」がある、痛みを感じさせないため、一時的に感覚を太痺させることを何という ?,理系,泥酔,麻酔,陶酔,心酔,麻酔
引を広げると20cmを優に超える、世界で最も大きいチョウはアレクサンnp 4のの②(の5⑥⑥⑥!とを,理系,トビナナフシ,ツノハナムグリ,トリバネアゲハ,ベッコウバチ,トリバネアゲハ
日本で、「夏至」があるのは何月 ?,理系,9月,3月,6月,12月,6月
生まれて邊年から1年ごろの乳児によくみられる突然の発熱を何という?,理系,知恵熱,加熱,ジュール熱,中和熱,知恵熱
次のうち、物質の密度を求める公式はどれ ?,理系,エネルギー=温度,距離=時間,力=面積,質量=体積,質量=体積
低温状態では電気を通さないが、高温状態になると電気を通すような物買を何という?,理系,デススター,ハムスター,マイスター,和キ導体,和キ導体
一青区が歌う曲のタイトルにもなった、 「アメリカヤマボウシ」の別名もある植物は何 ?,理系,クチミズキ,アゴミズキ,ヒゲミズキ,ハナミズキ,ハナミズキ
厚|〇つ」「ヒラメ〇」の〇に共通する言葉は何 ?,理系,衣,,且,皮,且
次のうち、「化学調味料」の別名はとどとれ?       ーー,理系,うま味調味料,辛味調味料,苦味調味料,酸味調味料,うま味調味料
次のうち、人間の肩にある筋肉はどれ 2?,理系,一角其,四角筋,三角筋,二角有筋,三角筋
"幾何学の「結び目理論」 に登場する、「クローバー結び目」ともいう結び
3三|
は何 ?",理系,三葉結び目,三根結び目,三花結び目,三茎結び目,三葉結び目
「地球は青かった」という名言を残したソ連の宇宙飛行士は誰 ?,理系,レオーノフ,ガガーリン,ナトフ,テレンコワ,ガガーリン
后い地域に集中的に降る強い雨のことを何という?,理系,ゲリラ豪雨,"エリア豪
ノア逐雨",バブル豪雨,スペル衣雨,ゲリラ豪雨
FCにたゴビヒコョミリルーレシ 上:1-有yp原子番号88、元素記号 「Ra」の元素は何 ?,理系,ローレンシウム,ランタン,レントゲニウム,ラジワム,ラジワム
強力な酸化力を持つ、分子式「03」で表される酸素の同素体は何 ?,理系,オゾン,メゾン,イィゾン,チゾン,オゾン
「カーボンファイバー」や「カーボンナノチューブ」といったときの「カーボン」とは何のこと ?,理系,酸素,リン,,硫,
上方置換、下方置換、水上置換といえば、次のうち、何を集めるための方法 ?,理系,金属,気体,岩石,酸,気体
次のうち、磁石を砂場に近づけると、破石に吸いつくものはどれ?,理系,砂銅,砂鉄,砂銀,砂アルミ,砂鉄
元々は土器や陶器のことを指していた、無機物質を熱処理して得られる吾品のことを何という ?,理系,セラミックス,シンタックス,マトリックス,インデックス,セラミックス
立方体の面の数はいくつ?,理系,3つ,Sつ,6つ,4つ,6つ
1よりも大きい自然数で、1とその数以外に約数を持たないものを何という?,理系,合成数,素数,倍数,,素数
その単位はヘルツで表される、電波や音波の1秒間の振動回数を何という?,理系,波長,位相速度,振幅,周波数,周波数
キノコやクラゲにある、帽子のような部分を何という ?,理系,はち,かさ,さら,ざる,かさ
カルシウムやマグネシウムを多く含んだ水を、「較水」に対して何という?,理系,高水,重水,硬水,風水,硬水
次のうち、空を飛ぶのはどれ ?,理系,モモ,ハモ,イモ,カモ,カモ
「ミユビ」と「フタユビ」という種類がいる、木の上にいてあまり動かない動物は何 ?,理系,ナマケモノ,タルミモノ,ダラケモノ,サポボリモノ,ナマケモノ
表の出口とつながっている、小腸のはじめの部分は何 ?,理系,十四指腸,十二指腸,十八指腸,十六指腸,十二指腸
体長40mm前後で、透き通ったピンク色をしたエビの一種は、次のうちどれ?,理系,アネモネエビピ,コスモスエビ,サクラエビピ,モモエビ,サクラエビピ
コンパスと定規を使って作図する、ある角度を二等分する直線を何という?,理系,角の二等分線,飛車の二等分線,桂馬の二等分線,香車の二等分線,角の二等分線
「やまびこ」や「こだま」といえば、普通、声や音がどうなる現象のこと?,理系,高くなる,返ってくる,低くなる,一切聴こえなくなる,返ってくる
3.14159.…と続く数値が表しているのは何 ?,理系,自然対数の底e,円周率n,2の下方根,黄金比,円周率n
「鎖骨」がつなぐのは、肩甲骨と何?,理系,頭蕎骨,也和骨,胸骨,耳小骨,胸骨
日本語では「すばる」と呼ばれる、おうし座にある星団は何 ?,理系,二車星団,プレセペ星団,プレアデス星団,ヒアデス星団,プレアデス星団
「ウミザリガニ」「オマール海老」とも呼ばれる大型のエビは何 ?,理系,ハムスター,ロブスター,トースター,モンスター,ロブスター
1957年に日本が初めて南極に建設した観測基地は何 ?,理系,昭和基地,在成基地,明治基地,大正基地,昭和基地
次の物理学における単位のうち、それを表す記号がアルファベット]文字ではないものはどれ?,理系,ワット,メートル,アンペア,カロリー,カロリー
次のうち、「てこの原理」で必要な3つの点にあてはまらないものはどれ?,理系,力点,作用点,支点,定点,定点
次のうち、「消化」の働きを持つ騰器はどれ2?   -    「,理系,心臓,腎臓,肺,"==|
月","==|
月"
セミがよく尿をするのは、次のうちどんなとき?,理系,勿化するとさき,逃げるとき,死ぬとき,鳴くとき,逃げるとき
「年導体」や「絶縁体」に対して、電気や熱を比較的よく通す物質を何という2,理系,導体,路体,動体,流体,導体
希少金属ともいう、工業的に必要だが産出量が少ない金属のことを何という ?,理系,レフ,バイメタル,ホワイトメタル,ベースメタル,レフ
下力検査で使われる「ランドルト斑」は、どんなアルファベットに似た形をしている2?,理系,A,D,C,B,C
次のうち、鳥の種類はどれ ?,理系,ワリカン,ペリカン,クリカン,バリカン,ペリカン
子宮内で赤ちゃんを取り囲んで保護する液体を何という 2?,理系,馬水,羊水,牛水,猫水,羊水
"次のうち、占いでも使われる石英の引配
ョはどれ
っ",理系,坊璃,瑠璃,病傘,水晶,水晶
照明器具・LEDの「D」が指すものでもある、二端子邊導体素子の総称は回角,理系,ダイオード,ダイオキシン,ダイアローグ,ダイヤモンド,ダイオード
幾何学で、「ベクトル」はどんな形で表される 2?    -,理系,星形,矢印,丸,三角形,矢印
お月見で有名な、上旧暦8月15日の月のことを特に何という?   「,理系,中春の名月,中夏の名月,中冬の名月,中秋の名月,中秋の名月
日本の太下洋沿岸に広く生息する、夜に青白く発光する甲殻類は何 ?,理系,ウミチョヨワウ,ウミトンボ,ウミホタル,ウミタガメ,ウミホタル
ドライアイスは、何が固体になったもの 2?    ーー,理系,二酸化炭素,酸素,アンモニア,守素,二酸化炭素
日本に生息する2種類のクマとは、ヒグマと何 ?,理系,ヒノワグマ,ソラノワグマ,ホシノワグマ,ツキノワグマ,ツキノワグマ
テンプンと杏天から作られ、薬を包むときなどに用いられるのは何 ?,理系,ネブラート,ビブラート,オブラート,キブラート,オブラート
動物のある体液に含まれることから名が付けられた、化学式CO(NH2)2で表される物質は何?,理系,尿素,涙素,血素,汁素,尿素
カバ、キリン、ライオンなどの動物が野生で生息している地域はどこ ?,理系,"東南アジ
ン ア",南アメリカ,アフリカ,オーストラリア,アフリカ
おしべ、めしべと言えば、植物のどこにある問互 ?,理系,花,茎,葉,根,花
次のうち、春先に初めて吹く南奇りの風はどれ ?,理系,春一発,春一便,春一番,春一号,春一番
石灰水を白くにごらせる性質を持つ気体は何 ?,理系,二酸化硫黄,一酸化窒素,二酸化球素,二酸化炭素,二酸化炭素
次のうち、実在する星座はどれ ?,理系,みなみのさんかく座,にしのばつ座,きたのしかく座,ひがしのえん座,みなみのさんかく座
地球などの惑星は、太陽の周りをどのような軌道で回っている ?,理系,八の字,四角形,三角形,棒円,棒円
カモノハシ、コアラ、カンガルーなどの動物が生息している地域はどご2,理系,南アメリカ,"東南アジ
ン ア",オーストラリア,アフリカ,オーストラリア
1個の細胞が割れて2個になることを何という2,理系,細胞破砕,細胞分像,細胞別離,細胞解散,細胞分像
水1Lの車さはおおよそどれくらい ?,理系,1mq,1t,19,1kg,1kg
次のうち、ヒトの体にはひとつしかない崩はどれ2?,理系,ろっ骨,選甲骨,大たい骨,尾てい骨,尾てい骨
次のうち、河川における三作用に含ZNRE3Yの1ちず2ル2,理系,浸食作用,殺倍作用,連搬作用,堆積作用,殺倍作用
ヤゴといえば、何の幼虫?,理系,チョウ,トンボ,テントウムシ,カ,トンボ
次のうち、実在する正多面体はどれ 2?,理系,正二面体,正五面体,正四面体,正三面体,正四面体
次のうち、動物性プランクトンに分引されるのはどれ2?,理系,ボルボックス,ミカヅツキモ,ミジンコ,クンショウモ,ミジンコ
「ロメイン」や「サニー」などの種類がある野茶は何2?,理系,レタス,カボチャ,トマト,キュウリ,レタス
音速以上で飛行するジェット機などにより生じる爆発音は「〇〇〇ブーム」。 の〇の〇の〇は何 ?,理系,ナックルズ,"ーー
ee
ーー",ソニック,テイルス,ソニック
動物が、他の動物の侵入を許さない候域のことを、普通、何という ?,理系,がんばり,よくばり,まちばり,なわばり,なわばり
氷水を入れて患部を冷やす、ゴムなどでできた袋を何という 2?,理系,水とう,水こう,水そう,氷のう,氷のう
[のこ。必=【のたコゴゴのたに:人ことのせると何本ある?,理系,20本,12本,24本,16本,20本
了『種の起原』を著し、「進化論」を提唱した、イギリスの博物学者は上:壮4,理系,ダーリン,ダージリン,ダービー,ダーウィン,ダーウィン
未知数を含み、その未知数が特定の値をとる時だけ成立する式のことを何という3?,理系,真夏の,方程式,ガリ,レオ,方程式
"人体の皮膚にある4つの感覚点といえば、圧点
は  仕点、 痛点、 冷点と何?",理系,支点,"、臼
mm 点",焦点,力点,"、臼
mm 点"
戦争や災害の影響のたとえにも使われる、爪でひっかいた傷を何という?,理系,爪あと,爪まえ,爪みぎ,爪ひだり,爪あと
動須硬化の原因になる、脂肪に似た物質は「悪玉つ〇〇」。〇〇〇は ?,理系,スタッフロール,コレステロール,タイトルロール,シンナモンロール,コレステロール
美意識に基づいて、見た目を改善する医療を施す、形成外科の分野を何という2,理系,美容外科,美容内科,美容消化器科,美容精紳科,美容外科
次のうち、「ルート2」の近似値はどれ?                   -,理系,2.236,2.449,1.732,1.414,1.414
数学で、「和」といえば、次のうちどんな計算の答え ?2,理系,割り算,引き人算,足し算,掛け算,足し算
工業排水に含まれる有機水銀を原因として、熊本県の水俣湾周辺で発生した公害病は何 ?,理系,八代病,天草病,人吉病,水俣病,水俣病
三角関数の「sin8」や「cos8」の「8」が表すものは何 ?  「,理系,角度,質量,距離,面積,角度
エジプト王妃ベレニケが、夫の勝利を生ってささげたものが由来とされる星座は何 ?,理系,はなげ座,かみのけ座,まゆげ座,すねげ座,かみのけ座
チューリップなどにみられる、根や茎に養分がたまってふくらんだものを何という ?,理系,球根,大根,主根,運根,球根
ネコはネコ科の路乳類ですが、ウミネコは何科の鳥類 ?,理系,カモ科,カラス科,カモメ科,アホウドリ科,カモメ科
相対性理論の提唱で知られる、アルバート・アインシュタインの出身国はとどこ?,理系,バヌアツ,ドイツ,フィジー,トンガ,ドイツ
一般的に犬の宜先だと考えられている、ハイイロやシベリアなどの種類がいる動物は何 ?,理系,キリン,アザラン,カバ,オオカミ,オオカミ
原子や分子など、ある物質の一部をつくる細かいつぶのことを何という?,理系,障子,土子,邊子,粒子,粒子
次のうち、実際にある酸はどれ ?,理系,味噌酸,砂糖酸,将油酸,塩酸,塩酸
"ヽ  にっ  \ら
「100」「クーロン」「炭素」カ連想さ       4
されるアルファベット1文字は回角",理系,C,A,D,B,C
流紋岩、安山岩、玄武震といえば、何という岩石の一種 ?,理系,火山岩,剣山岩,雲山岩,氷山岩,火山岩
通常、アナログ時計の長針が1回転する時間は何分?,理系,30分,100分,60分,10分,60分
次のうち、エメラルドの別名はどれ 2?,理系,黄玉,黒玉,宗玉,紅玉,宗玉
「単位ベクトル」とは、長さがいくつのベクトルのこと 2?,理系,],3,0,2,]
CGや音響技術を駆使して作られる「仮想現実」のことを、〇〇〇リアリティという。〇〇〇は ?,理系,バーコード,バースデイ,バーニング,バーチャル,バーチャル
のの 「鏡」をつく るとさきさに、 ガラスの表面に薄く塗られる金属は何 ?,理系,銀,殺,プラチナ,金,銀
"放射線の一種「Y線」の「Y」は何と読
す) 2",理系,シグマ,イプシロン,ガンマ,オメガ,ガンマ
次のうち、「ある星座の中で最も明るい星」を指す言葉はどれ?,理系,アルファ星,ベータ星,ガンマ星,オメガ星,アルファ星
「クーガー」や 「マウンテンライオン」とも呼ばれる、アメリカ大陸にすむネコ科の動物は何 ?,理系,デューマ,リューマ,ピューマ,シューマ,ピューマ
次のうち、日本式の天気記号で、「雨」を表す記号はどれ ?,理系,黒丸,日丸の中に黒丸,二重丸,日丸,黒丸
900点満点のテストで得点率9割というときの得点は何点 ?   「,理系,630点,810点,540点,720点,810点
夜明け頃に東の空に見える金星のことを、特に何という 2,理系,夕聞の明星,明けの明星,日昼の明星,到の明星,明けの明星
「おうし座」や「うお座」など、星占いによく使われる黄道上の星座を何という3?,理系,黄道十一星座,黄道十三星座,黄道十四星座,黄道十二星座,黄道十二星座
1876年に磁石式電話を発明した、アメリカの発明家は誰 ?,理系,ポケベル,パワーショベル,ライトノベル,ベル,ベル
次のうち、てこの原理と関係がないものはどれ2?,理系,支点,力点,作用点,中点,中点
円の直径は和牛径の何倍の長さ ?,理系,3倍,4倍,5倍,2倍,2倍
見た目がある鳥の中に見えることから命名された、古生代前生に栄えた軟体動物は何 ?,理系,カナリアガイ,インコガイ,オウムガイ,ツバメガイ,オウムガイ
DNAはどのような構造になっている 2,理系,二重波形構造,外行直線構造,二重コイル構造,二重らせん構造,二重らせん構造
秋の虫で、夜に「ちんちろりん」とまう95】たる円時,理系,カメムシ,タケムシ,マツムン,ウメムシ,マツムン
絹を生み出す「カイコ」はどんな種類の昆中の幼虫?,理系,ガの一種,カミキリムシの一種,ハエの一種,アリの一種,ガの一種
血中で酸素を運ぶ役割を担うタンパク質のへヘモグロビンは、通常何色をしている ?,理系,"字
月",赤,黒,日,赤
高層建築物の谷間で発生する強い風のことを何という?,理系,タワー風,ドーム風,ビル風,空風,ビル風
ガリウムとゲルマニウムの元素記号に共通して使われるアルファベットは何 ?,理系,F,G,H,E,G
蒸発や沸騰など、液体が気体に変わる現象を何という ?,理系,液化,気化,進化,酸化,気化
睡眠と覚醒とが1日を単位として現れるなど、生物の活動における周期的な変動を何という?,理系,バイオボリューム,バイオリズム,バイオメロディ,バイオハーモニー,バイオリズム
木造住宅の外壁などに使われた、鉄に亜鉛をめっきした板を何という ?,理系,コパン,キタン,エタン,トタン,トタン
ドブニウムとダームスタチウムの元素記号に共通して使われるアルファベットは何 ?,理系,A,D,B,C,D
植物の細胞の中にある、光合成を行うための器官は何 ?,理系,葉黒体,葉青体,葉緑体,葉黄体,葉緑体
ハワイ島などにみられる、マグマを発生し続ける場所を何という ?,理系,ホットスポット,コールドプレイス,ホットプレイス,コールドスポット,ホットスポット
次のうち、日本全国に分布するハトはどれ2?,理系,オリーブバト,キジバト,タイワンジュズカケバト,カンムリバト,キジバト
農業廃棄物やサトウキビなど、エネルギーとして使える生物資源のことを何という ?,理系,バイオマス,バイオカツオ,バイオマグロ,バイオイワン,バイオマス
人体にある、尿を蓄えておく器官は円時,理系,勝腕,脇,"Eヨ
月",肝臓,勝腕
酸素や窒素の常温常圧での状態は円時,理系,固体,液体,気体,プラズマ,気体
かつて用いられていた、無線電信で痢難を伝えるモールス符号は何 ?,理系,TOT,PHP,SOS,DVD,SOS
犬歯に起こりやすい、正常な位置からずれて、重なるように生えた歯を何という ?,理系,八車歯,九車歯,七車歯,十重歯,八車歯
太陽系の中心にある恒星は何 ?,理系,太陽,地球,月,異土星,太陽
次のうち、農作物につくアブラムシなどの娠躍を駆除する時などにも利用される昆虫はどれ ?,理系,カイガラムシ,テントウムシ,シンジミムンシン,ハリセンボン,テントウムシ
人体では体重の約7006を占める物質は何 ?      ー,理系,リリ,風,水,地,水
動物行動学者のローレンツが発見した、角化した鳥が初めて見たものを親と思い込む現象は何?,理系,ひさこみ,さしこみ,すりこみ,おとしこみ,すりこみ
次のうち、ペットとしても飼育されるオオツチグモ科のクモの一般的な呼び名はどれ?,理系,タランチュラ,デンキクラゲ,ガンガゼ,オナモミ,タランチュラ
動物の顔面中央にある、呼吸と吊覚をつかさどる器官は何?_,理系,"]
中紅",口,目,耳,"]
中紅"
北極星を探すために使われる、ローマ字の「W」に似た形に並んだ星座は何?,理系,カシオコンビ座,カシオセット座,カシオデュオ座,カシオペア座,カシオペア座
1時間は何分 ?,理系,120分,24分,60分,30分,60分
食材としても用いられる、上貝の閉殻筋のことを、別名で何という?2,理系,貝柱,貝頭,貝口,貝筋,貝柱
人間の生活に役立てる目的で飼育する動物のことを何という ?,理系,家畜,貯蓄,駆逐,"蓄音
機",家畜
次のうち、花の種類にあるのはどれ 2?,理系,サレンダー,ラベンダー,カレンダー,スレンダー,ラベンダー
ゾウガメは何類の生き物 ?,理系,鳥類,有申類,國類,,有申類
0ルYKの7Aもんルコ三23: 幸人1:立てたパソコンを「〇〇〇パソコン」という。〇〇〇は何 ?,理系,自作,多作,耕作,与作,自作
「2の2乗」といえばいくつ?,理系,2,2分の1,],4,4
「ユレダス」といえば、何を検知するシステム ?     ー,理系,地震,おやじ,火事,"選豆
四",地震
「オタマジャクシ」とは、どんな生き物の幼生2?,理系,カエル,ウーパールーパー,サンショウウオ,イモリ,カエル
次のうち、緑黄色野和はどれ ?,理系,ホウレンソウ,白楽,キャベツ,タマネギ,ホウレンソウ
次のうち、ミツバチが巣を守るために塗り付ける物質はどれ?2,理系,プロアゴラ,プロアテネ,プロポリス,プロアクロ,プロポリス
金属の中でも、アルミニウムなど、比較的、比重の小さいものを何という?,理系,弱金属,幼金属,超金属,軽金属,軽金属
空が赤く染まる「夕焼け」が見られる方角は、次のうちどれ?,理系,東,四,北,南,四
普通、川が下流になればなるほど河原の石はどうなる ?2,理系,小さく角が立つ,大きく丸くなる,大きく角が立つ,小さく丸くなる,小さく丸くなる
「無水炭酸」とは、何という気体の俗称? 。      ー,理系,二酸化鉛,二酸化窒素,二酸化硫黄,二酸化炭素,二酸化炭素
頭部にある3つの角が特徴的な、白亜紀に生息したとされる恐竜は何 ?,理系,ティラノサウルス,ヴェロキラプトル,プテラノドン,トリケラトプス,トリケラトプス
大気汚染によって発生する濃い霧を指す、「スモーク」と「フォッグ」の合成語は何 ?,理系,スフォッグ,スモーグ,スフォーグ,スモッグ,スモッグ
「涙営」や「ホルモンタンク」とも呼ばれる、目の下のふくらみを何という ?,理系,泌みくろ,泌ほくろ,ぶくろ,涙ろるくろ,ぶくろ
硫酸に含まれている元素は、酸素、水素と何 ?,理系,鉛,硫黄,塩化水素,ワラン,硫黄
ニワトリやキジの「トサカ」といえば、体のどこにある部分?,理系,しっぽ,約,豆,中,豆
ゴムや紙などのように、電気を通しにくい性質を持つ物体のことを何という ?,理系,絶縁体,抵折体,反抗体,拒絶体,絶縁体
次のうち、割り切ることができない数はどれ2,理系,3分の1,4分の1,2分の1,5分の1,3分の1
次の臓問のうち、「呼吸問」に分類されるのはどれ2?2  」,理系,肺,大騰,背騰,肝臓,肺
トンボの一種、アキアカネの別名は円時,理系,赤とんぼ,青とんぼ,白とんぼ,叶とんぼ,赤とんぼ
日本に棲息している二種類のクマとは、ヒグマと何 2,理系,ツキノワグマ,ホシノワグマ,ソラノワグマ,ヒノワグマ,ツキノワグマ
のコトジションーニンル4 ほれいとすらどんな惑星に関する理論 ?,理系,金星,木星,地球,火星,地球
健康食品や化粧品によく利用される「ローヤルゼリー」を分泌する生き物は何 ?,理系,ミツバチ,トノサマガエル,アンゴラヤギ,コウモリ,ミツバチ
「新三種混合ワクチン」とは、麻疹ワクチン、おたふく風邪ワクチンと何のワクチンを混ぜたもの ?,理系,火疹,林疹,山疹,風疹,風疹
水を熱した時、温かい水は、次のうちどこに移動する2,理系,右,下,左,上,上
次のうち、サクラの開花と関係があるものはどれ?2,理系,"温度
ZI お々",,花粉,物価,"温度
ZI お々"
サーモグラフィーとは、赤外線を用いて何を測定する装置?,理系,速度,角度,温度,震度,温度
頭痛薬の「バファリンA」を販売しGAとニレ マの【(和|-ヨとく円4,理系,ライオン,タイガー,チーター,パンサー,ライオン
日本で、「夏至」があるのは何月 ?,理系,9月,12月,6月,3月,6月
一青区が歌う曲のタイトルにもなった、 「アメリカヤマボウシ」の別名もある植物は何 ?,理系,ヒゲミズキ,ハナミズキ,クチミズキ,アゴミズキ,ハナミズキ
暴風・暴風婦・大雨・大雪などの種直がある、和気象庁の予報を何という?,理系,"に<ネーコ
嘱中",千備,警戒,警報,警報
目の疲労の原因となる、460ナノメートル前後の波長をもつ光を何という?,理系,イエローライト,ブルーライト,レッドライト,グリーンライト,ブルーライト
ムギやトウモロコシは何科の植物 ?,理系,イネ科,シソ科,ヤンシ科,ウリ科,イネ科
天体や宇宙を研究する学問を何といちら,理系,天文学,天化学,天経済学,天物理学,天文学
海洋研究開発機構の「しんかい(21010層8和とると 20。村2の::コクルン/,理系,潜水艦,砕氷船,捕鯨船,巡洋艦,潜水艦
次の時期のうち、台風の発生が最も多いのはどれ?,理系,8月から9月,2月から3月,5月から6月,11月から12月,8月から9月
「電気」「レーザー」などの種類がある、手術や解剖に使う小刀を何という ?,理系,メス,オス,キス,マス,メス
学名を「ホモエレクトスペキネンシス」という、東アジアで発見された化石人類は何 ?,理系,ソウル原人,年壌原人,東京原人,北京原人,北京原人
日本で、「冬至」があるのは何月 ?,理系,3月,12月,6月,9月,12月
食器などに利用される、ガラス質の畑薬を塗り、焼き上げた金属を何という ?,理系,ホイーロー,ホコーロー,ホーロー,ホイコーロー,ホーロー
酸性の液体とアルカリ性の液体が反応して、打ち消し人台うことを何という?,理系,大和,小和,高和,中和,中和
糖尿病や肥満など、普段の生活スタイルに起因する病気を何という3?,理系,生活加慣病,ライフサイクル病,ストレス病,日常生活病,生活加慣病
「パスカル」や「アール」の頭について10の2乗を表す、記号「h」の単位は何 ?,理系,"me
Pe",ヘクト,テシ,キロ,ヘクト
三角形の内角の和ほにはいくつ?,理系,60度,360度,90度,180度,180度
次のうち、ノーベル賞にある部門はとれ?,理系,力学党,地学賞,化学買,工学賞,化学買
和名を「三色スミレ」という、ガーデニングでもおなじみの花は何 ?,理系,ウドンジー,"バジ
ソ/",ゴハンジー,パンジー,パンジー
20世紀初頭に世界的に流行したインフルエンザのことを、ある国の名前を使って何という2?,理系,スペイン風邪,ドイツソ風邪,アメリカ風邪,イタリア風邪,スペイン風邪
物質を飲み込む「ブラックホール」に対し、物質を放出するとされる仮想の存在を何という?,理系,ブルーホール,ホワイトホール,レッドホール,イエローホール,ホワイトホール
「省星」ともいう、原則として星座を構成する星の中で最も明るい星は回角,理系,Q星,Y是,6星,B旦,Q星
レモン汁は何性の液体 ?,理系,酸性,アルカリ性,両性,中性,酸性
古くから「暴れると地震が起こる」と伝えられる、ヒゲが生えた淡水魚は何 ?,理系,マンボウ,アンコウ,シーラカンス,ナマズ,ナマズ
ンダ植物や単子葉植物にみられる、多数の細い根っこを何という 2,理系,まゆ根,ふで根,ひげ根,くらげ根,ひげ根
質量中心ともいう、物体にはたらく重力の中心となる点を何という3?,理系,外心,重心,垂心,内心,重心
四則演算のうち、答えを「差」という計算はどれ?      」,理系,引き算,足し算,割り算,かけ算,引き算
1950年代に南極観測際に同行し、現地に取り残されながらも奇跡的に生速した2匹の犬の名前は何 ?,理系,タロとジロ,トムとジャック,テツとゴロ,アカとシロ,タロとジロ
動物の口の中にある、ものを噛むための硬い器官は何 ?,理系,"ゃ
っ)\",は,は,ひ,は
出血量の多い手術などで、他の健康な人の血液を患者に注入することを何という3?,理系,漁血,吐血,団血,只血,団血
女土バチとなる幼虫を痛てるために働きさバチが分泌する栄養物質を何という ?,理系,ローヤルゼリー,ローヤルプリン,ローヤルヨーグルト,ローヤルケーキ,ローヤルゼリー
病院の「集中治療至」を、アルファベット3文字で何という ?2,理系,IUC,ICU,CUI,UIC,ICU
耳の中にある、有聴覚を司る器官は円時,理系,敵牛管,時昧管,娠申管,邊螺官,敵牛管
兵庫県の県の島になっている、西洋では赤ちゃんを連んでくるとされる島は何 ?,理系,コウノトリ,アホウドリ,キヌバネドリ,ヒクイドリ,コウノトリ
次のうち、植物のつくりにないものはどれ2?,理系,子葉,主根,雄化,歯茎,歯茎
ガンジス川、揚子江、アマゾン川などに生息する、淡水にすむクジラの仲間は何 ?,理系,ソライルカ,カワイルカ,ウチュウイルカ,ヤマイルカ,カワイルカ
古代エジプトでは「牟の使者」といわれ、世界一長い川から名づけられたワニの仲間は何 ?,理系,ザンベジワニ,ナイルワニ,ニジェールワニ,コンゴワニ,ナイルワニ
パソコンの表計算ソフトで、「セル」といえは次のうち何のこと 3?,理系,表のマス目,グラフ,計算の手順,丸や三角などの図形,表のマス目
夫のピエールと共に、ラジウムなどの元素を発見したフランスの科学者は〇〇〇夫人。 〇〇〇は ?,理系,ナイチンゲール,クレオパトラ,ダイアナ,キュリー,キュリー
次のうち、60秒を1とする時間の単位はどれ?       ーー,理系,時間,日,分,年,分
症状から「恐水病」とも呼ばれる、ウィルス性の感染症は何 ?,理系,狂犬病,狂猫病,狂牛病,狂魚病,狂犬病
多くの方向からX線を当て、体の断面を画像化するコンピュータ断層撮京をして何という2?,理系,ATスキャン,CTスキャン,BTスキャン,DTスキャン,CTスキャン
「AU」とされる、天文学で用いられる長さの単位は何2,理系,星座単位,地球単位,力学単位,天文単位,天文単位
別名を「フクロアナグマ」という、タスマニア島に存在する有袋類は回角,理系,タスマニアデビル,タスマニアダブル,タスマニアバブル,タスマニアバベル,タスマニアデビル
1859年にダーウィンが発表した、「進化論」について述べた著書は回角,理系,東方見聞録,何でも見てやろう,種の起源,ガリバー旅行記,種の起源
星の等級で、1等星、2等星、3等星といった時、これらの違いは何によるもの ?,理系,是の明るさ,星の方角,星の成分,星の近さ,是の明るさ
ガラスのような光沢がある、顔料とワニスを混ぜ合わせた塗料を「何ペイント」という?,理系,キャラメル,エナメル,ロンメル,カラメル,エナメル
次のうち、実際にいるペンギンはどれ 2?,理系,ラザニアペンギン,スパゲティペンギン,パスタペンギン,マカロニペンギン,マカロニペンギン
次のうち、分数において横棒の上と下に書かれている数の名前の正しい組み合わせはどれ2?,理系,分母と分子,分兄と分況,分館と分人孫,分姉と分妹,分母と分子
「三三方の定理」とは、どのような図形に使われる定理 ?,理系,直角三角形,柏円,座行四辺形,吾形,直角三角形
日本で「台風」と呼ばれるものは、次のうち、何が発達したもの ?2,理系,乾燥帯低気圧,熱帯低気圧,柱帯低気圧,冷帯低気圧,熱帯低気圧
「ウミザリガニ」「オマール海老」とも呼ばれる大型のエビは何 ?,理系,ハムスター,ロブスター,モンスター,トースター,ロブスター
次の古代の生き物のうち、空を飛んだのはとどれ?,理系,合意,海竜,"恐音
[ば =)",異電,異電
線で書かれた図形を、同じ線を2回以上通ることなく書くことを何という?,理系,五筆書き,七筆書き,三筆書き,一健書き,一健書き
方位磁石のN極が指し示す場所はどこ 2,理系,北極,太陽,地球の中心,月,北極
正六角形に三本の線を引いた図形で表される、簡単な構造の有機化合物は何 ?,理系,カンゼン,シンゼン,ゼンゼン,ベンゼン,ベンゼン
アヒルとカモの交配で生まれた、田んほぼの害虫を食べてくれる水鳥は回角,理系,アイガモ,エムガモ,エヌガモ,エルガモ,アイガモ
防腐処理によって、生きた状態と同じ姿のまま保存した動物の標本を何という2,理系,はく製,まく製,らく製,やく製,はく製
次のうち、「入道雲」の正式な名前はどれ ?     -  「,理系,積乱寺,混乱寺,錯乱雪,反乱吉,積乱寺
人体で、「三生規官」という問官があるのはどこ2,理系,目,心臓,脳,耳,耳
KStひ】s GO二ルンルクアカンルン4当たるのはどれ?,理系,"虹彩
ン",下紳経,網膜,水晶体,水晶体
ノーベルが富を築くきっかけになった爆薬は何 ?,理系,ダイナマイト,セムテックス,TNT,C-4,ダイナマイト
毛質の保持に重要な役割を果たす、髪の毛の表面を覆う組織のことを何という2,理系,ブロメリン,キューティクル,エストロゲン,メラフニン,キューティクル
映画などでもおなじみの、膜状の細で空を飛んでいたとされる、 白亜紀に生息した恐竜は何 2,理系,メガロドン,プテラノドン,イグアノドン,ディメトロドン,プテラノドン
WESひだ:EMIYX6【ゆお和ンタた 申肝2,理系,グレム,グロム,グラム,グリム,グラム
_ 「発光〇OO〇〇オード」と「〇〇〇オキシン」の〇〇〇に共通する言葉は回角,理系,モノ,トリ,ポリ,ダイ,ダイ
磁石や電流の周りに生じる、磁力の働いている空間を何という ?,理系,磁界,愉界,世界,政界,磁界
地層にチョークが含まれることから名づけられた、中生代最後の地質時代は何 ?,理系,日亜紀,亜細亜紀,東亜紀,球束紀,日亜紀
"400字詰めの原稿用紙で、1行が20文字の場合
台、全  [
部で何行ある ?2",理系,20行,10行,30行,40行,20行
化学で、BTB溶液やフェノールフタレインのような試抹のことを総称して指す用語は何 ?,理系,命令薬,指令薬,指図薬,"指示
示楽","指示
示楽"
電気製品を使用していない間にも常に消費される電力は何?,理系,大気電力,際旗電力,堆起電力,待機電力,待機電力
ーー 「OOOのゴリズム」「〇〇ののジェブラ」「〇〇〇コール」の〇〇〇に共通する言葉は何 ?,理系,バツ,ナシ,アル,マル,アル
正式名称を「流行性耳下腺炎」という、子どもがかかりやすい病気は回角,理系,おたふくかぜ,はんにゃかぜ,ひょっとこかぜ,おかめかぜ,おたふくかぜ
次のうち、コンピュータで画面上のカーソルを動かすのに用いられる如具はどれ?,理系,モルモット,マワウス,チンチラ,ハムスター,マワウス
日本にも多く分布しているアカガエル科のカエルは次のうちどれ3?,理系,トノサマガエル,ヘイタイガエル,コウテイガエル,ショウグンガエル,トノサマガエル
人間の生活に役立てる目的で飼育する動物のことを何という ?,理系,貯蓄,家畜,"蓄音
機",駆逐,家畜
0ルYKの7Aもんルコ三23: 幸人1:立てたパソコンを「〇〇〇パソコン」という。〇〇〇は何 ?,理系,耕作,与作,多作,目作,目作
ミミ、ヒメ、ダイオウなどの種類がいる、体内から吉を出すことで知られる軟体動物はなんでしょう?,理系,カニ,カメ,イカ,ワニ,イカ
次のうち、割り切ることができない数はどれ2,理系,3分の1,2分の1,5分の1,4分の1,3分の1
犬がよく舌を出しているのは、次ののまっ:2あ:まべきすれいら記?,理系,体温調節,威帳,現実逃避,衣探し,体温調節
"生物が、卵の殻を破って出てくることを、普j
樹退、 何という ?",理系,ヽ か,あか,すか,わか,ヽ か
次のうち、薬品や熱、紫外線などを用いて病原菌を殺すことを指す言葉はとどれ?,理系,,消毒,小水,省庁,消毒
軽い核種同士がくっついてより重い核種になる現象は何?,理系,核合体,核進化,核融合,核フュージョン,核融合
ABO式血液型で使われる4つの皿液型とは、A型、B型、O型と何型 2,理系,BO型,ABO型,AB型,AO型,AB型
貝殻を背負うことで体を守っているbsのちたる円7,理系,サンゴ,アメフフラン,イソギンチャク,ヤドカリ,ヤドカリ
次のうち、人体に実際にある有筋肉はとれ?,理系,サンマ筋,カレイ筋,マグロ筋,ヒラメ筋,ヒラメ筋
動物の肪のタンパク質を、酵素を加えて分離、凝固、発酎させたものを何という3?,理系,ジャムおじさん,チーズ,アンパンマン,バタ子さん,チーズ
ニワトリやキジの「トサカ」といえば、体のどこにある部分?,理系,しっぽ,頭,自,多,頭
3つの辺の長さがすべて等しい三角形を何という ?,理系,完三角形,正三角形,下三角形,王三角形,正三角形
ホタルの発光器は、次のうち、普通どこにある2,理系,とレ|,触角,おなか,目,おなか
「弁慶の泣き所」という別名もある、人の体の一部はどこ ?,理系,腹 (はら),腔 (すね),股 (また),肘 (ひじ),腔 (すね)
生糸はカイコガの旧から作られますが、カイコガの餌はどれ2?,理系,漆,"ーー
穴",聞,に,に
数学などで、条件に当てはまらないものを除き、最後に残った選択肢を正解とする考え方を何という ?,理系,因果法,消去法,矛盾法,加点法,消去法
お腹のなかの赤ちゃんと母親とをつなぐひも状の部分を何という ?2,理系,へそのい,へそのう,へそのお,へそのあ,へそのお
体の部分の「アキレス腫」があるのは、次のうちどのあたり ?,理系,膝のあたり,かかとの上あたり,笑の付け根あたり,腕の付け根あたり,かかとの上あたり
次のうち、実際にある化はどれ ?,理系,ソレンンス,カナシンス,ウレシンス,ヒヤシンス,ヒヤシンス
"医学用語で、「
、「!オペ
ぺ」といえば何のこと2",理系,自宅療法,リハビリ,退院,手術,手術
水に溶けて水素イオンを出す酸に対して、水に溶けて水酸化物イオンを出す物質を何という ?,理系,笑基,塩基,油基,酢基,塩基
主に温室で育てる、薄緑色で甘い実をつける、つる性の植物といえば回角,理系,メロン,イチゴ,ブルーハワイ,レモン,メロン
Iaにゴム32にアグん:ゴf/9才人ヨuic!た、NASAの月探査計画は何 ?,理系,アポロ計画,アルテミス計画,マルス計画,ジュピター計画,アポロ計画
次のうち、木材を食害することでおなじみの昆虫はどれ 2,理系,シロアリ,アカアリ,アオアリ,クロアリ,シロアリ
次のうち、発見した医師の名前が付けらた、和乳幼児にみられる病気はどれ?,理系,邊根病,湘南病,川崎病,横浜病,川崎病
ペニシリン・ストレプトマイシンなど、微生物から作られ、他の微生物の働きを抑える楽を何という?,理系,殺菌物質,抗生物質,吸栄養物質,毒素物質,抗生物質
次のうち、「生きている化石」 と呼ばれることもあるのはどれ?,理系,ムカデ,力,ゴキブリ,ハエ,ゴキブリ
放物線には1つ、柏円と双曲線には2つあるものといえば、次のうちどれ?,理系,界大,突点,商店,焦点,焦点
地球上で一番大きい生き物は?,理系,シロナガスクジラ,シャナ,キリン,アフリカゾウ,シロナガスクジラ
数学のフィールズ賞のメダルに描かれている、古代ギリシャの数学者は上:壮4,理系,トビメデス,アルキメデス,ハシリメデス,クルマメデス,アルキメデス
上方置換、下方置換、水上置換といえば、次のうち、何を集めるための方法 ?,理系,金属,本,気体,岩石,気体
"次のうち、小型の家電製品に使われとにE     :
電源装置はどれ ?",理系,ACアダプター,ABアダプター,AAアダプター,ADアダプター,ACアダプター
日本が冬の時、オーストラリアの季節は?         「,理系,秋,春,夏,冬,夏
元旦に見られる日の出のことを特に何という ?         「,理系,初日の出,書き初め,初顔合わせ,初陣,初日の出
紳経伝達において、還経細胞と別の旨経細胞とが接する部分のことを何という2,理系,キンリア,ブライト,バスク,シナプス,シナプス
次のうち、実在する感染症はどれ ?,理系,コレラフ,アレラフ,ドレラ,ソレフ,コレラフ
"幾何学の「結び目理論」 に登場する、「クローバー結び目」ともいう結び
3三|
は何 ?",理系,三根結び目,三葉結び目,三花結び目,三茎結び目,三葉結び目
コンタクトレンズを大きく2種類に分けると、「ハード」と何 2,理系,イージー,ソフト,デリケート,ウィーク,ソフト
「エンペラーペンギン」とも呼ばれる、世界最大のペンギンは何 ?,理系,ロウニンペンギン,コウテイペンギン,ショウグンペンギン,ダイミョウペンギン,コウテイペンギン
次のうち、一番大きい天体はどれ?,理系,月,地球,太陽,火星,太陽
限石がぶつかったあとにできる窪みを何と呼ぶ?,理系,クレーター,クレープ,ツイッター,グレープ,クレーター
地球から見られる時間帯にちなんで「明けの明星」「窒の明星」の別名でよばれる惑星は何 ?,理系,火星,土星,木星,金是,金是
高周波の音を指す「モスキート音」の「モスキート」とは、どんな昆虫のこと2?,理系,カ,ゴキブリ,ハチ,ハエ,カ
次のうち、光化学スモッグ注意報が発令されている時にしないほうが良いことはどれ?,理系,お風呂に入る,外へ出かける,家でパソコンを使う,高いマンションにいる,外へ出かける
ヒトのオスが持つ性染色体の組合せは、何遺伝子と何遺伝子 ?,理系,X遺伝子とY遺伝子,V遺伝子とW遺伝子,Y遺伝子とZ遺伝子,W遺伝子とX遺伝子,X遺伝子とY遺伝子
次のうち、緑黄色野和はどれ ?,理系,大根,こごぼう,れんこん,にんじん,にんじん
一般に「恐竜竜の体のどの部分が化石になったもの?,理系,助肉,血管,皮膚,人,人
次のうち、褐色の体と足の結模様が特徴的な、キリン科の動物はどれ ?,理系,ゾウ,オカピ,ピューマ,パンダ,オカピ
次のうち、「化石燃料」 と呼ばれる91にっだ当とる2ル 6 放っ,理系,石炭,地熱,ゴミくず,水力,石炭
WESひだ:EMIYX6【ゆお和ンタた 申肝2,理系,グリム,グラム,グレム,グロム,グラム
次のうち、「化石燃料」 と呼ばれる91にっだ当とる2ル 6 放っ,理系,木くず,ウラン,石油,太陽光,石油
イタリアの物理学者・トリチェリが、真空と大気圧の存在を示すために用いた金属は何 ?,理系,水銀,日金,鉛,鉄,水銀
虫類や鳥類などの動物が持つ、下向きに曲がった鋭い爪を何という 2?2,理系,けづめ,まさきづめ,ふかづめ,かぎづめ,かぎづめ
、人が出会ったり追いかけたりする場合の、時間や距離を求める計算を何という ?,理系,旅人算,俳人算,大人算,浪人算,旅人算
「ひまわり」や「ゴーズ」などの種類がある、気象観測のために宇宙空間を回る機械は何 ?,理系,気象惑星,気象彗星,気象衛星,気象恒星,気象衛星
患者を実際に治療する医学を、「基礎医学」に対して何という ?,理系,絆床医学,和床医学,臨床医学,温床医学,臨床医学
カリウムとクリプトンの元素記号に共通して使われるアルファベットは回角,理系,N,K,L,M,K
レンズを通った光が集まる点を何という ?,理系,焦点,商店,内点,書大,焦点
日本近海での大量発生も話題となった、かさの大きさが最大で2mになることもあるクラゲは何 ?,理系,ノトクラゲ,エッチュウクラゲ,エチゼンクラゲ,エチゴクラゲ,エチゼンクラゲ
南アジアを中心として自然分布するのムジたスク4のたくる円半。,理系,アメリカクジャク,フランスクジャク,インドクジャク,イギリスクジャク,インドクジャク
太陽系の惑星で、金星と火星の間にクル3Yの】ちく幅7        「,理系,水星,地球,木星,土星,地球
「ピンクリボン運動」といえば、どんながんの早期発見のための活動 ?,理系,朋がん,肺がん,乳がん,直腸がん,乳がん
薬事法において、うがい楽や整腸剤など、人体への作用がやかな製品を何という ?,理系,医楽論外品,医薬部外品,医薬例外品,医薬以外品,医薬部外品
地球の自転と同じ周期で移動するため、上空のある地点にとどまって見える人工衛星を何という ?,理系,硬直衛星,脱着衛星,静止衛星,停止衛星,静止衛星
"水の沸点は、摂氏でおよそ何""C ?",理系,10C,100で,10000C,1000C,100で
懐中電灯などに取りつける、小さな電球を何という 2?,理系,麦電球,,豆電球,芋電球,豆電球
「相対性理論」で知られるアインシュタインは、次のうちどんな科学分野の学者 ?,理系,物理学,天文学,地質学,生物学,物理学
一般的なサイコロの形は、次のうちとれ?,理系,正六面体,正八面体,正四面体,正十面体,正六面体
かつては「ビタミンM」と呼ばれた、ホウレンソウから発見された栄=またる円4,理系,茎酸,葉酸,化酸,根酸,葉酸
「マンモグラフィー」といえば、どんながんを診断する方法 ?,理系,子宮頸がん,季がん,勝朋がん,背臓がん,季がん
火山岩や深成娠などの「火成岩」は、主にどのようなものがかたまってでさる ?,理系,マクラ,水,マグマ,マフラー,マグマ
俗に「ニコチン中毒」といえば、次のうち何がやめられない症状のこと?,理系,お洒,水,甘いもの,タバコ,タバコ
ある面を単位時間あたりに移動する荷電粒子の量を表す物理量は何 ?,理系,,電川|,電海,電湖,
一般的なサイコロの6つの目の数字の最小公倍数はいくつ?,理系,S0,60,90,80,60
カタツムリを坦って殻の中の肉を食べる、オサムシ科の甲虫は何 ?,理系,コイコイカブリ,マイマイカブリ,トイトイカブリ,アイアイカブリ,マイマイカブリ
次のうち、月を観測するために打ち上げられた人工衛星はどれ ?,理系,かぐや,あじさい,ひので,あかつき,かぐや
観光地の中心になることもある、地球内部の熱で温められた地下水のことを何という ?,理系,帆船,逢船,"温泉
Imス",廃線,"温泉
Imス"
人間の生活に役立たせる目的で飼育される動物のことを何という ?,理系,びちく,かちく,さちく,くちく,かちく
携帯などの電池の残量を回復させるために、電力を供給する道具を何という ?,理系,航電筑,充電器,,放電器,充電器
俗にデンキクラゲとも呼ばれる「〇〇OO〇ノエボシ」。〇〇〇は何 ?,理系,イルカ,カツオ,クジラ,マグロ,カツオ
コンパスの2つの脚のうち、片方には急筆がついていますが、もう片方には何がついている 2,理系,WT,定規,消しゴム,接着剤,WT
人の脳の表面を覆っている膜で、硬膜と軟膜の間にあるものを何という?,理系,クモ脱,アリ膜,ハチ膜,ノミ膜,クモ脱
化学式CI2で表される、衣服の漂白やプールの消毒などに使われる物質は何 ?,理系,窒素,酸素,塩素,水素,塩素
水分を多く含んだ地盤が地震などによって軟らかくなる現象を何という?,理系,エルニーニョ現象,ラニーニャ現象,液状化現象,ヒートアイランド現象,液状化現象
新たなエネルギーとして注目を集める、水分子の中にメタンが取り込まれた構造の物質は何 ?,理系,メタンマーメイド,メタンマーマレード,メタダンハイドレート,メタンバンブーブレード,メタダンハイドレート
太陽はどの方角から昇って、どの方角へ沈む2,理系,東から昇って西へ沈む,北から昇って南へ沈む,西から昇って東へ沈む,南から昇って北へ沈む,東から昇って西へ沈む
呼吸時に空気が通る、咽頭と肺を結ぶ官は何 2,理系,道党,毛官,気官,師官,気官
古紙をリサイクルし、化学的な処理をして、作り直した紙を何という 2?2,理系,人生紙,学生紙,先生紙,再生紙,再生紙
関節を動かしやすくする働きがある、骨と肖の間にある支持組織は回角,理系,丸骨,軽骨,緩骨,軟骨,軟骨
ミツバチの巣にある巣穴はどんな形をしている ?,理系,正六角形,正三角形,正五角形,正方形,正六角形
コケから得られる紫色の染料で、化字の実験では指示楽として用いられるものは何 ?,理系,リトマス,リトサケ,リトタイ,リトアユ,リトマス
人間なら肺、魚ならエラがこれに当たる、生物が呼吸を行うための器官を何という ?,理系,消化器,呼吸器,炊飯碧,電話器,呼吸器
の:IEiIひまっ交野:ミ3:yIEilとすず2ル4呆2,理系,赤道気団,揚子江気団,シベリア気団,小笠原気団,シベリア気団
次のうち、植物が行う「蒸散」の説明として正しいものはどれ?,理系,水蒸気を外に出す,酸素を外に出す,水蒸気を取り込む,酸素を取り込む,水蒸気を外に出す
T3.35」や「!7.23」などのような、数字の列に点をつけたものを何という?,理系,低数,小数,大数,高数,小数
電圧の単位・ボルトの名前の由来となった科学者は誰 ?  「,理系,ボルタ,ボラス,ボーズ,ボッテイィチェリ,ボルタ
水を怖がるようになることから「恐水症」の別名がある、人畜共通の感レロロた円肝,理系,狂猫病,狂犬病,狂牛病,狂馬病,狂犬病
植物が二酸化炭素と水から有機物を生成することを何という ?,理系,光合成,間全成,緑合成,水合成,光合成
「ボイルの法則」を発見したイギリスの物理学者は誰?,理系,ジョン・ドルトン,ロバート・ボイル,マイケル・ファラデー,アイザック・ニュートン,ロバート・ボイル
0度より大きく、90度より小さい角度を何という ?,理系,小角,多角,実角,名用,名用
タンパク質を分解する、胃液中に人訪との の:とやも円4,理系,ナッナチャン,"プ  、]
アァンタン",ペプシン,コカコーラン,ペプシン
眼に存在する光を感知できない点のことで、見落としていたことを表す時にも使われる言葉は何 ?,理系,"でビー
自点",質点,焦点,氷点,"でビー
自点"
次のうち、実際に存在する星座はどれ 2?,理系,ユニコーン座,ペガスス座,マーメイド座,セイレーン座,ペガスス座
水に反応すると、青から赤に変色するため、水分の検出に用いられる試験紙は何 ?,理系,新聞紙,ちり紙,包装紙,塩化コバルト紙,塩化コバルト紙
次のうち、貝類はどれ ?,理系,ハマグリ,イガグリ,ドングリ,スモグリ,ハマグリ
水を怖がるようになることから「恐水症」の別名がある、人畜共通の感レロロた円肝,理系,竹馬病,狂牛病,狂猫病,狂犬病,狂犬病
次のうち、狂心征のための薬としても使われる化学物質はどれ ?,理系,トランス脂肪酸,ニトログリセリン,二酸化炭素,塩化ナトリウム,ニトログリセリン
物体が持つ、外力を受けない限り同じ運動を続けようとする性質を何といつ ?,理系,慣性,期性,展性,情性,慣性
そのナトリウム塩が味の素などのうま味調味料として利用されている、アミノ酸の一種は何 ?,理系,チオタミン酸,グルタミン酸,レフェタミン酸,ビタミン酸,グルタミン酸
次のうち、一般に「昭和の三大台時 ッ名2と 6MZNM人TO】ちとちず2光2,理系,枕崎台風,カトリーナ,至戸台風,伊勢湾台風,カトリーナ
ソ連の「ルナ計画」やアメリカの「アポロ計画」といえば、どんな天体の探査計画 ?,理系,火星,月,太陽,金是,月
インドリやアイアイなどの固有種が棲思している、インド洋西部に浮かぶ島はどこ ?,理系,ボルネオ島,マダガスカル島,ニューギニア鳥,イースター鳥,マダガスカル島
導面体のサイコロを1回振った時、31にもツ9クMarPとotn: 2,理系,3分の1,9分の1,5分の1,7分の1,3分の1
直角三角形の合同条件「斜辺と他の〇つつ〇がそれぞれ等しい」。〇〇に入とを:ちゃ 閉4,理系,一辺,一変,一片,ー刀,一辺
片方の皿に試料を、もう片方の皿に分鋼を載せ、そのつりあいで重さをはかる天科は何 ?,理系,下皿天各,左皿天各,上皿天科,石皿天宮,上皿天科
次のうち、人のでん部や大服部にかたまって存在する皮下脂肪を指す言葉はどれ ?,理系,ビッコロライト,ブウライト,セルライト,フリーザライト,セルライト
風・虫・島などによってめしべに運ばれる、種子植物のおしべでできるの中山たる四2,理系,花粉,骨粉,,米粉,花粉
雲の色が白く見えたり黒く見えたりするのは、次のうち何の違いによるの放,理系,電気エネルギー,窒素の割合,光の反射の仕方,"温度
し"">-4",光の反射の仕方
人間の歯で、最も遅く、また最も奥に生えてくる、計4本の歯のことを一般に何という ?,理系,親知らず,有恥知らず,命知らず,露知らず,親知らず
人体に張りめぐらされている、動須と静脈をつなぐ細い血営を何という?,理系,毛細血管,全身血管,枝葉血管,細胞血官,毛細血管
普通、吸血をする由は、オス・メスどっち?,理系,オス,どちらも吸血する,メス,どちらも吸血しない,メス
主に種子植物にみられる、道管と師管からなる東状の複合組織を何という?,理系,輸官,気孔,根,維客束,維客束
ジャガイモにヨウ素液をたらすと、ジャガイモは何色に変化する ?,理系,青紫色,朱色,黄緑色,黄土色,青紫色
実験器具のピペットで扱うのは、普通、どんな物質 ?,理系,液体,固体,気体,プラズマ,液体
水が凝固し固体状態とながったものを特に何という ?,理系,承,水,水,永,水
次のうち、日本人に最も少ない血液更はどれ2,理系,0型,AB型,A型,B型,AB型
次のうち、人の皮慮が受け取る感覚はどれ2?,理系,聴覚,触覚,味覚,相覚,触覚
「在方」とは、同じ数を何回かけ合わせること?   ー,理系,3回,1回,2回,4回,2回
次のうち、日本で、秋分の日にみられる現象はどれ ?2  「,理系,昼と夜の時間が同じ,1年で1番昼が短い,1年で1番昼が長い,夜に太陽が昇る,昼と夜の時間が同じ
プランクトンの異常増殖によって、海や川が変色する現象を何という2?,理系,折潮,,青潮,黒潮,
青緑色の光沢があり、古くから装飾品にも使われている昆虫は何 ?,理系,油虫,吉虫,玉虫,弱由,玉虫
次のうち、「遠近両用」といった種類がある道具はどれ?,理系,メガネ,ネクタイ,アイロン,カツラ,メガネ
人間の肺の中で、広がったた気管枝の未端にある、無数の袋状の部分を何という2,理系,肺袋,肺室,肺箱,肺肥,肺肥
語ョ4三目還たきたy4の1いん:がウ】三時,理系,2枚,8枚,4枚,1枚,2枚
再生可能な自然エネルギーを利用している、風車で発電機を回す発電方式を何という ?,理系,風力発電,原子力発電,水力発電,火力発電,風力発電
「ホール」や「駒込」などの種類がある、液体を吸い取るために使う道具は何 ?,理系,フフスコ,ビーカー,シリンダー,ピペット,ピペット
野茶の「ラディッシュ」のことを、成長が早いことから「何大根」という?,理系,はつか,みっつか,ようか,とおか,はつか
梅雨の中でも「空梅雨」や「照り梅雨」といえばどんな梅雨 ?,理系,"損師が塵
気温が遍 い",風が強い,時期外れである,雨が降らない,雨が降らない
長さの単位 「ユカワ」に名を残す、日本人物理学者は誰 ?,理系,湯川一骨,湯川宗則,湯川稼頭央,混川秀樹,混川秀樹
次のうち、ダイヤモンドの別名は円時,理系,楼名石,竣島石,金剛石,比燥石,金剛石
別名を「ピタゴラスの定理」というゴゴのかき円W    」,理系,三條方の定理,五在方の定理,二下方の定理,四下方の定理,三條方の定理
次のうち、クジラが水面で息継ぎをする時に行うことはどれ?,理系,呼び潮,測まねき,潮吹き,うず潮,潮吹き
磁石の極で、N極に引き寄せられるのは何極 ?,理系,F極,S極,A極,L極,S極
物理学者のアインシュタインが残した有名な言葉「〇はサイコロを振らない」。〇は何 ?,理系,俺,宇宙,母,軍,軍
ルーメン、ルクス、カンデラといえはばは、どんなものに関する単位 ?,理系,"温度
ZI お々",光,力,"と=コ
四",光
白熱電球や蓄音機を発明した人物、トーマス・〇のO〇OO〇。 〇〇〇は何 ?,理系,エジソン,ネルソン,ハドソン,トムソン,エジソン
類の斑点があるお面に似ていることから名付けられた、インコの種類は回角,理系,ハンニャインコ,オカメインコ,オキナインコ,ヒヨットコインコ,オカメインコ
RIES ねこ4ミIIIES92M0 コンルルル に【か骨の内部にある柔らかい人造血組織を何という3?,理系,ランゲルハンス島,骨簡,脳下垂体,副背,骨簡
次のうち、小学校で習う「三角形の面積を求める公式」に出てくる「辺」はどれ?,理系,底辺,ポポ巡J,知辺,対辺,底辺
次のうち、元素名ではないものはどれ 2?,理系,画素,,水素,酸素,画素
ムン衣 シーズー、 ナヤ ウナ ヤ ウなどの品種がある動物は何 ?,理系,サル,ウン,イヌ,ネコ,イヌ
医者が患者の患部を切り開いたり、切断・摘出したりして回復させる治療法を何という ?,理系,頭術,手術,青術,足術,手術
季節の変化などによって、植物の葉が枝から落ちることを何という ?,理系,落葉,堕葉,墜葉,下葉,落葉
塩化ナトリウムを主成分とする鉱物で、食塩の原料として用いられることもあるのは何 ?,理系,岩男,岩瀬,岩塩,岩鬼,岩塩
日本の国蝶は何?,理系,ヨナグニサン,オオカバマダラ,オオムラサキ,トリバネアゲハ,オオムラサキ
超低温のヘリウムで見られる、液体が粘性なしに流れる現象を何という?,理系,超暴動,超連動,超感動,超流動,超流動
ヨウ素液にデンプンを加えるとどうなる2?,理系,酸素が発生する,塩素が発生する,青紫色になる,曰く滴る,青紫色になる
ドイツで最初に警察大や軍用犬として利用された、中型犬の品種は何 ?,理系,レスフー,ファイター,ソルジャー,ボクサー,ボクサー
ヤンバルクイナといえば、どこの都道府県に生息する鳥類 ?,理系,北海首,長野県,沖縄県,埼玉県,沖縄県
四則演算のひとつ「乗法」とは、次のうちどんな計算のこと?,理系,割り算,掛け算,足し算,引き算,掛け算
次のうち、生面図形ではないものはとれ?,理系,羽型,直方体,座行四辺形,三角形,直方体
次のうち、タコの種類に実際にあるのはどれ2?,理系,フツウダコ,ワルイダコ,ダメダコ,イイダコ,イイダコ
物質が酸素と化合する化学変化を何という?,理系,硫化,酸化,合化,ヨウ化,酸化
物質も光も外部へ脱出できないような、強いい重力を持つ天体はどれ ?,理系,グリーンホール,レッドホール,ブラックホール,ホワイトホール,ブラックホール
次のうち、和気象用語の「前線」の種類にあるものはどれ?,理系,不快前線,,温暖前線,淫度前線,温暖前線
太陽はどの方角から昇って、どの方角へ沈む2,理系,北から昇って南へ沈む,東から昇って西へ沈む,西から昇って東へ沈む,南から昇って北へ沈む,東から昇って西へ沈む
血液中の赤血球に含まれ、酸素を運ぶ役割を果たす複合タンパク質はどれ?,理系,ミオグロビン,フィトクロム,へモンアニン,へモグロビン,へモグロビン
恐竜を、骨格の特徴から大きく2種類に分けると、童盤類と何類 ?,理系,,,,蛇毅類,
別名を「金剛石」という鉱石は何 ?,理系,ダイヤモンド,ルビー,エメラルド,トパーズ,ダイヤモンド
一般的なサイコロの6つの目の数字の最小公倍数はいくつ?,理系,S0,80,60,90,60
育呈がある動物のことを何という?,理系,キセツイ動物,セキツイ動物,セキセキ動物,セッカイ動物,セキツイ動物
数学で「ルート3」の近似値の覚え方「人並みにOO〇OO〇」。〇〇〇は回角,理系,おだてろや,はらえや,おごれや,のませろや,おごれや
極地方の夏にみられる、1日中太陽が沈まなかったり、潤明るかったりする現象を何という?,理系,光夜,明夜,昼夜,日夜,日夜
次のうち、一般にプリン体が最も多く含まれている飲み物は?,理系,ウィスキー,ワイン,ビール,焼酎,ビール
インドリやアイアイなどの固有種が棲思している、インド洋西部に浮かぶ島はどこ ?,理系,マダガスカル島,ニューギニア鳥,ボルネオ己,イースター鳥,マダガスカル島
次のうち、日本式の天気記号で、「雨」を表す記号はどれ ?,理系,黒丸,白丸,白丸の中に黒丸,二重丸,黒丸
抵抗が小さく、電流が流れやすしい物質を何という?,理系,感体,非絶体,献体,導体,導体
正方形の対角線は何本 ?,理系,2本,4本,3本,1本,2本
人の体液中の不要物質が腎臓でこしだされ、対外に排出されたものを、普通、何という ?,理系,だ液,汗,便,尿,尿
次のうち、「星の明るさ」を表す尺度はどれ?2   ーー,理系,海里,光束,寺級,気圧,寺級
白血病治療などに使われる「膳帯血」といえば、次のうちどこからとれる血?,理系,勝腕,へその縮,網膜,膝,へその縮
種子が発芽したとき、子葉が2枚の植物を何という?,理系,単子葉類,コケ類,ンダ植物,双子葉類,双子葉類
次のうち、月を観測するために打ち上げられた人工衛星はどれ ?,理系,かぐや,あかつき,あじさい,ひので,かぐや
エンドウマメを用いた実験によって「遺伝の法則」を発見した、オーストリアの人物は誰 ?,理系,メンデル,ドウデル,ツキデル,コテデル,メンデル
顕微鏡で、接眼レンズが5倍、対物レンズが10倍だったとき、全体の倍楽はいくら?,理系,50倍,5倍,15倍,10倍,50倍
長方形や正方形の、ひとつの内角のIEちる円はに/      ー,理系,60度,30度,120度,90度,90度
口腔内の細菌による酸の産生がほとんどなく、中歯になりにくいと言われる甘味料とは?,理系,グルコース,キンシンリトール,オリゴ糖,ガラクトース,キンシンリトール
次のうち、エメラルドの別名はどれ 2?,理系,水玉,紅玉,黄玉,,水玉
ある面を単位時間あたりに移動する荷電粒子の量を表す物理量は何 ?,理系,電川,電湖,,電海,
次の数のうち、2でも3でも4でも5でも6でも割り切れるものはどれ 2?,理系,70,SU,60,80,60
裸子植物の特徴は次のうちどれ2?,理系,膝珠が小さい,豚珠が無い,膝珠が子房の中にある,膝珠がむき出し,膝珠がむき出し
ナトリウムの元素記号は何?,理系,Na,CU,Fe,CI,Na
水の状態変化で、水蒸気が該当するのはどれ2?,理系,液体,固体,気体,プラズマ,気体
スポーツ選手などがしばしば怪我をする、骨と骨を結び付けている組織は何 ?,理系,がん壮,だん淀,じん淀,ぎん淀,じん淀
次の割り算の計算式のうち、答えが整数になるのはどれ?,理系,9ょ6,/=テ4,8+5,6-3,6-3
「腸内フローラ」とは、動物の腸の中にある何のこと ?,理系,はほこり,毛,のみ,細,細
硬膜、クモ膜、軟膜の3つの膜に包まれ守られている、身体の部分はどご2,理系,脳,肺,肝臓,心臓,脳
6月4日は「〇〇予防デー」 。〇〇つは何 ?,理系,"虫歯
洲",肥満,結核,風邪,"虫歯
洲"
次のうち、軟体動物はどれ ?,理系,カニ,カメ,クモ,イカ,イカ
次のうち、希ガス元素の名前にあるのはどれ2?,理系,モスフ,ラドン,ゴジラ,キングギドラ,ラドン
緑内障や白内障といえば、身体のどの部分で起きる病気 ?,理系,耳,目,"三]
呈紅",国,目
"春頃に耳にする 「『開花宣言」といえば、普通、どんな花の開花に関するご つう
三時王還に",理系,セイタカアワダチソウ,さく,さくら,つばき,さくら
人間の皮膚の皮脂や角質が、毛穴をふさいで固まったものを何という ?,理系,耳梓,元欄,角欄,血欄,角欄
"日本語
ョレモ
「正弦」という、三角
、三角関数のひとつは何?",理系,ライン,ワイン,サイン,ナイン,サイン
次のうち、本当にあるキノコはどれ 2?,理系,ナキタケ,ワライタケ,オコリタケ,アバレタケ,ワライタケ
生活の環境が変わった人に表れやすいうつ病のような症状を、GW明けに出やすいことから何という ?,理系,二月病,五月病,十一月病,八月病,五月病
「エチゼン」「ミズ」「オワン」などの種類がいて、長い触手で人を刺すことがある海洋生物は何 ?,理系,イソギンチャク,クラゲ,タコ,サンゴ,クラゲ
チョーク、上貝殻、卵の殻の主成分は円時,理系,灰酸カリウム,炭酸マグネシウム,炭酸カルシウム,炭酸ナトリウム,炭酸カルシウム
次のうち、花の種類にあるのはどれ 2?,理系,オクレヤ,カトレア,エクレア,ハレルヤ,カトレア
「アミノエチルスルホン酸」ともいう、肝臓を助けるため、栄養ドリンクに多く含まれる成分は何 ?,理系,パイリン,タウリン,ガンマリン,ローリン,タウリン
無脊椎動物の中で最も知能が高いといわれるイカの仲間といえはばは、次のうちとれ?,理系,コウイカ,オツイカ,テイイカ,ヘイイカ,コウイカ
次のうち、時間の単位ではないものはどれ2,理系,年,分,秒,円,円
イギリスの医師・マンテルが化石を発見した、ある則申類に似ていることから名付けられた恐竜は何?,理系,トカゲノドン,ヘビノドン,ヤモリノドン,イグアノドン,イグアノドン
水かきとくちばしが特徴的な、オーストラリアに生息する卵を産む貴乳類は何 ?,理系,ハトノハン,ツルノハン,サギノハンシ,カモノハンシ,カモノハンシ
次のうち、「劇物」と呼ばれる強い毒性を持つ薬品にあたるものはどれ?,理系,灰酸,硫酸,砂糖,食塩,硫酸
"街中で見かける医療機器のAED。この機械が治
治せる病気は何 ?",理系,脳居海,心訟細動,骨折,負血,心訟細動
次のうち、生物が細胞から生産物を排出することを指す言葉は何 ?,理系,分極,分泌,分留,分圧,分泌
次のうち、日本語で「減号」という数学の記号はどれ?2        」,理系,イコール,プラス,ベクトル,マイナス,マイナス
エタノール、水銀、水は、常温ではどんな形で存在している ?2,理系,固体,気体,液体,個体,液体
「ポニー」とは、何という動物の小型のもの 2?      ー           「,理系,,"E
月
すず0へ",席,牛,
ランチュウやデメキンなどの品種がある、よく人夜店ですくう観賞用の魚は何 ?,理系,キンギョ,メダカ,クマノミ,グッピー,キンギョ
パソコンで、 「テンキー」を使って入力するものは何?,理系,カタカナ,ひらがな,数字,アルファベット,数字
次のうち、実際にいる島はどれ ?,理系,アオサギ,カンプキンサギ,オークションサギ,フリコメサギ,アオサギ
体の和器孔で「毛管」といえば、次のうち何のこと?2,理系,毛中移管,毛細血管,毛穴配窟,毛皮保官,毛細血管
「ソユーズ」といえば、どこの国が打ち上げる宇宙船 ?2,理系,日本,アメリカ,フラフランス,ロンシア,ロンシア
昆虫で、カブトムシはコガネムシ科に属しますが、クワガタムシは何科に属する ?,理系,クワガタムシ科,バラ科,サンフィッシュ科,キュウリウオ科,クワガタムシ科
超低温のヘリウムで見られる、液体が粘性なしに流れる現象を何という?,理系,超暴動,超流動,超連動,超感動,超流動
90度より小さい角度のことを鋭角といいますが、90度より大きい角度のことを何という ?,理系,錯覚,同位角,対頂角,部用,部用
カニの一種 「オウギガニ」が行う「擬死」といえば、次のうちどんな省性?,理系,自殺,,和多んだふり,目殺願望,和多んだふり
溶震の流出や噴火、火山性地震など、火山が引き起こす諸現象 「K)〇活動」。 のの〇は何 ?,理系,火山,アイドル,結婚,学級,火山
元素記号「K」で表される元素は円時,理系,キセノン,カルシウム,クリプトン,カリウム,カリウム
イタリアの物理学者ボルタが発明した、銅を正極、亜鉛を負極に用いた電池は何 ?,理系,ダニエル電池,ボルタ電池,ルクランシェ電池,バグダッド電池,ボルタ電池
ラーメンの麺がのびる主な原因は、麺が〇〇〇を吸い込むから。〇〇〇は何 ?,理系,水,ルン,金,木,水
ムン衣 シーズー、 ナヤ ウナ ヤ ウなどの品種がある動物は何 ?,理系,イヌ,ウン,ネコ,サル,イヌ
渦巻管、前庭、三年規管からなる体の部分はどこ ?2        「,理系,頭髪,爪,内耳,眼球,内耳
一度磁気を帯びたあと、その磁力を長く保つ磁石のことを何という ?,理系,氷眠磁石,氷遠磁石,永楽磁石,永久磁石,永久磁石
正式名称を「シアン化カリウム」という毒薬は何 ?,理系,ツィクロン,サリン,テトロドトキシン,青酸カリ,青酸カリ
エネルギー〇〇〇の法則」 「質量〇つつ〇つ〇の法則」の〇〇〇に共通すとを:ヨコちゅノノ) pきっず< 2,理系,保険,保全,保官,保存,保存
次の数の単位のうち、一番大きいのはどれ2?,理系,阿僧入,無量大数,不可思議,那由多,無量大数
花火が美しい光を放つのは、次のうちどの現象による ?,理系,レイリー散乱,チェレンコフ放射,赤方偏移,炎色反応,炎色反応
「アメフラシン」や「イソギンチャク」といえば、次のうちどこに住む生き物?,理系,砂漠,海,熱帯雨林,山,海
次のうち、魚の名前にあるのはどれ 2?,理系,おどれ,くえ,うたえ,のめ,くえ
人間の第三大臼基のことを、それが最も遅く生えてくる歯であることから俗に何という ?,理系,父知らず,親知らず,子知らず,母知らず,親知らず
顕微鏡で、対物レンズを装着する回転式の装置のことを何という 2,理系,レボルバー,ランチャー,ライフル,バズーカ,レボルバー
日本の国蝶は何?,理系,オオムラサキ,ヨナグニサン,オオカバマダラ,トリバネアゲハ,オオムラサキ
主に耳や鼻の病気や治療を扱う医学の分野を何と言う?,理系,泌尿器科,且鼻科,歯科,眼科,且鼻科
寄生生物によって、寄生されてしまう側の動物や植物を何という2?,理系,メッンー,宿主,ミツグ,アッンー,宿主
ハチが人花から集めた蜜のことを何といつ ?,理系,ハチミツ,バター,マーガリン,ジャム,ハチミツ
「快晴」を表す天気記号はどんな形をしている ?,理系,四角,三角,丸,バツ,丸
化学式CH3C00Hで表される、お酢の主成分となっている液体は回角,理系,酢酸,塩酸,硫酸,硝酸,酢酸
Ba2十で表されるのは何イオン 2?,理系,水素イオン,バリウムイオン,ランタンイオン,カルシウムイオン,バリウムイオン
「中点連結定理」や「ピタゴラスの定理」といえば、主にどんな図形で成り立つ定理 ?,理系,三角形,円,五角形,球,三角形
健康食品としても利用されている、ミツバチが巣の隙間を埋めるのに使う樹脂のような物質は何?,理系,アナポリス,プロポリス,ミニスカポリス,ケツノボリス,プロポリス
「光の三原色」の3色とは、赤、青と何色? 。     「,理系,黒,放,栓,緑,緑
「ツベルクリン検査」といえば、どとどんな病気の診断に用いられる検査法 ?,理系,ペスト,,ナフス,結核,結核
世界遺産にも指定されている屋久島の名物・屋久杉のうち、幹周り16.4mと最も太い個体の名前は何 ?,理系,古墳杉,縄文艇,,弥生杉,縄文艇
「cal」で表される 「カロリー」といえば、次のうち何の単位?,理系,体積,,距離,速度,
海に棲むサカナは!,理系,メダカ,フナ,コイ,マグロ,マグロ
万有引力を発見し、近代精密科学の中とされるイギリスの物理学者は上:壮4,理系,パスカル,ガリレオ,ケプラー,ニュートン,ニュートン
EEの】三にGEG半時=レさクツル、$ 入川されている物質は何2,理系,塩素,フッ素,室素,ヨウ素,塩素
次のうち、九州などに自生し、観賞用にも栽培される常緑低木はどれ ?,理系,サテツ,コテツ,ソテツッ,シテツ,ソテツッ
カナダの国旗にも描かれている、メープルシロップの原料となる落葉樹は何 ?,理系,ショウユカエデ,シオカエデ,コショウカエデ,サトウカエデ,サトウカエデ
ののjpまっ計っそッ4たすル】呆2,理系,4,2,8,6,2
寿司ネタとしてもおなじみの、ヒラメやカレイにある、ヒレを動かす筋肉といえば何 ?,理系,うらがわ,そとがわ,うちがわ,えんがわ,えんがわ
レンズの軸に下行な光が凸レンズを通過したのちに、集中する一点のことを何という ?,理系,"でビー
自点",明点,焦点,終点,焦点
記号「A」で表される、電流の強さの単位は何 ?,理系,アンペア,エーカー,オングストローム,オーム,アンペア
「アオムシ」といえば、次のうちどの昆虫の幼虫 ?,理系,カブトムシ,"セミ
es]
jeコ",チョワウ,トンボ,チョワウ
次のうち、内角の和が最も大きくなる図形はどれ ?,理系,六角形,二等辺三角形,座行四辺形,吾形,六角形
磁石の2つの極といえば、「S極」と何極 ?,理系,O極,N極,L極,M極,N極
ダイヤモンドを構成する元素は何 ?,理系,アルミニウム,,ケイ素,リン,
地球上で一番大きい生き物は?,理系,キリン,シロナガスクジラ,アフリカゾウ,シャチ,シロナガスクジラ
「三在方の定理」の別名に名を残す古代ギリシャの哲学者・数学者は上:壮4,理系,ピタゴラス,アルキメデス,アリストテレス,デモクリトス,ピタゴラス
コーラやサイダーなどの、泡の正体である気体は何 ?,理系,酸素,二酸化炭素,一酸化炭素,守素,二酸化炭素
著書に30年かけて出版された『昆虫記』全10巻がある、19世紀フランスのアマチュア博物学者は誰 ?,理系,キュヴィエ,ファーブル,ダーウィン,シートン,ファーブル
十円玉と百円玉が全部で5枚あり、その総額が320円のとき、十円玉は回いも2との宮4,理系,2枚,4枚,1枚,3枚,2枚
四則演算のひとつ「減法」とは、次のうちどんな計算のこと?,理系,掛け算,割り算,足し算,引き算,引き算
次のうち、かけ算九九の表に1回も登場しない数字はどれ ?,理系,14,15,13,12,13
体から甘い匂いがすることから名付けられた、水面を滑走する昆申は_回角,理系,アメンボ,タガメ,ウンカ,カメムンシン,アメンボ
大型のものは直径1mを越す、世界最大の花を咲かせる植物は何 ?,理系,ラフレンア,クサイハナ,ナゾノクサ,キレイハナ,ラフレンア
太陽系にある唯一の恒星は何 ?,理系,地球,太陽,木星,異土星,太陽
火山活動で作られた、大きな凹地のことを何という ?,理系,カルボナーラ,カステラ,カルデラ,カンテラ,カルデラ
入院患者がベッドから看護師を呼び出すための装置のことを、和製英語で何という ?,理系,ナースホール,ナースコール,ナースポール,ナースドール,ナースコール
次のうち、実際に存在する貝はどれ 2?,理系,タフガイ,バカガイ,ボケガイ,ワルガイ,バカガイ
単位としては温度を表すケルビン、元素記号としてはカリウムを意味するアルファベットは何 ?,理系,N,K,M,L,K
次のうち、0.1や2.3などが当てはまとでの)】ちたず2光中,理系,虚数,整数,小数,偶数,小数
風が、前面に置かれた物体に加える圧力のことを何という ?2,理系,電圧,油圧,風圧,気圧,風圧
金をも溶かす「王水」は、塩酸と何を混合してできる液体 ?    「,理系,里酸,炭酸,硝酸,表酸,硝酸
記号「C」で表される温度の単位は何?,理系,華氏温度,閣氏温度,摂氏温度,列氏温度,摂氏温度
人体の皮膚にある4つの感覚点といえば、圧点、温点、冷点と何?,理系,黒点,焦点,痛点,露点,痛点
最高気温が摂氏25度以上の日のことを何という2,理系,秋日,冬日,夏日,春日,夏日
種子が発芽して最初に出る葉のことを何という ?,理系,親葉,子葉,先宜葉,孫葉,子葉
マグマが冷却して固まった岩石を総称して何という ?,理系,火成岩,水成岩,風成岩,土成岩,火成岩
円周率の、小数点以下第1位の数は何 ?,理系,3,5,],4,]
「島物」や「沖縄ら海」など、水生動物を飼育・展示している施設を何という3?,理系,海族館,川族館,池族館,水族館,水族館
100円の商品に8%の消費税がかかった場合、購入者が支払う金額はいくら?,理系,108円,1800円,800円,180円,108円
最大風速の大きさによって 「強い」「非常に強い」 「猛烈な」に分類される自然現象といえば何 ?,理系,肥,木枯らし,百風,高潮,百風
「ドライアイス」はどんな気体を回体にしたもの2,理系,窒素,水素,二酸化炭素,酸素,二酸化炭素
これを越えると万年雪に履われる、年間の積雪量と融雪量とが等しくなった地点を連ねた線は何 ?,理系,,,,雷線,
マグロやイワシなど、季節によってほぼ一定の経路を移動する魚を何という ?,理系,出世魚,深海魚,淡水魚,回遊魚,回遊魚
"人体の皮膚にある4つの感覚点といえば、圧点
は  仕点、 痛点、 冷点と何?",理系,力点,"、臼
mm 点",支点,焦点,"、臼
mm 点"
空全体を覆う雲の割合が9割以上で、雨や雪などが何も降っていないとさの天気を何という ?,理系,あめり,ゆきり,くもり,はれり,くもり
誕生した、サクランボの品種は何 ?,理系,佐藤錦,田中錦,高橋錦,木綿,佐藤錦
世界最大の等脚類の生き物「C〇CCOグソクムシ」。〇〇〇は何 ?,理系,コウテイ,キング,オウサマ,ダイオウ,ダイオウ
電流回路に並列につないで用いる、「ボルトメーター」とも呼ばれる道具は何?,理系,雨量計,電圧計,雪高計,腕時計,電圧計
氷河の水などが海へ押し出され、巨大な氷の塊として浮いているものを何という3?,理系,火山,氷山,富士山,丸山,氷山
30の抵抗に1Aの電流を流した時の電圧はいくつになる ?,理系,4V,2V,1V,SV,SV
頭に耳のような2弥毛をもったフクロウを特になんという ?2,理系,ナメクジク,"ミミズク
に
ee",カタツムリク,ヒルク,"ミミズク
に
ee"
元素の周期表で、第17族に属する元素を総称して何という ?,理系,ハロゲン,ボーゲン,インゲン,ニンゲン,ハロゲン
日本語では「紅玉」と呼ばれる鉱石は何 ?        ーー,理系,ペリドット,ラピスラズリ,オパール,ルビー,ルビー
主に航空機で広く用いられる、高圧のガスを噴射した反動で推進力を得るエンジンを何という?,理系,ジャンボエンジン,ジョーエンジン,ジュースエンジン,ジェットエンジン,ジェットエンジン
実数xに対してlxlで表される、その数から符号を取って正の数にした数を何という ?,理系,近似値,偏差値,絶対値,極小値,絶対値
医者が使う用語で「オペ」といえば何のこと?      -,理系,手術,骨折,団血,入院,手術
恒星の表面の色は、一般に、次のうちどんなものによって決まる ?,理系,地球からの距離,大きさ,構成元素,表面温度,表面温度
「交感紳経」や「副交感紳経」などの種類がある、自分の意志とは関係なく作用する旭経は何 ?,理系,自動紳経,自律紳経,自発利経,目分理経,自律紳経
次の月の形のうち、光って見える面積が最も小さいのはどれ?,理系,新月,年月,三日月,満月,新月
動物の性別のうち、人間の男に当たとをの】ちく円 時7,理系,メス,オス,マス,イス,オス
サケが川を遡上するのは何をするため 2,理系,産卵するため,捕食者から逃げるため,体力をつけるため,川魚を食べるため,産卵するため
次のうち、「活火山」ではない山はどれ?                  -,理系,桜島,富士山,線山,阿魅山,線山
人間の「声帯」は、普通、次のうちどこにある?,理系,耳,のど,腹,"芋
中紅",のど
人類史上最も多くの論文を書いた数字者」ともいわれる、スイスの数字者は誰 ?,理系,オイラー,オマエダー,キミダー,ワタシダー,オイラー
体の大きなメスの背中に小さなオスがくっついている姿から名付けられた、バッタの種類は何 ?,理系,ハグバッタ,ダッコバッタ,オンブバッタ,カタグルマバッタ,オンブバッタ
光エネルギーを電気エネルギーに変換するのに使う道具は何 ?,理系,乾電池,原子力電池,太陽電池,発電機,太陽電池
「月」は何という惑星の衛星 ?,理系,木星,土星,地球,火星,地球
チョウチンアンコウの名前の由来となった、ちょうちんのような突起は、体のどこにある 2?,理系,ヒレ,腹,口の中,頭,頭
炎色反応を覚える語呂合わせ「リアカー無きK村」で、「リアカー」が示す元素と色は何 ?,理系,リチウムと青,リチウムと赤,リチウムと紫,リチウムと緑,リチウムと赤
アニメ 『 鉄腕アトム』の主人公・アトムの妹の名前にもなっている、元素記号「U」の元素は何 ?,理系,イラン,アラフン,ウラン,エラフラン,ウラン
次のうち、その色素で、酸性やアルカリ性といった水溶液の性質を調べることができさる野楽はどれ?,理系,黒ホウレンソウ,赤レタス,紫キャベツ,白コマツナ,紫キャベツ
足湯などで、古い角質を食べて、肌をきれいにしてくれる魚は何 ?,理系,ナースフィッシュ,ドクターフィッシュ,ポリスフィッシュ,ティーチャヤーフィッシュ,ドクターフィッシュ
理科の実験などで、生物の体を解体し、内部の構造を観察することを何という2,理系,かいそう,かいぼほう,かいろう,かいとう,かいぼほう
熱帯魚飼育は「これに始まりこれに終わる」といわれる、鮮やかな色が特徴の熱帯負といえば何 ?,理系,ゲッピー,ゴッピー,グッピー,ガッピー,グッピー
人間の歯で、歯列の一番奥の部分に生える歯を俗に何という 2?,理系,親しらず,時しらず,虫しらず,命しらず,親しらず
イルカの仲間としては最も大きい、白と黒の体色が特徴的な喘乳類は回角,理系,シャナ,ホオジロザメ,メバル,ハマナチ,シャナ
ライオンは、その勇猛さから、俗に「百獣の何」と呼ばれる ?,理系,土,大臣,貴族,姫,土
ろ紙は何をするための人道具 ?,理系,蒸発,ろ過,電気分解,かくはん,ろ過
「LED」の「D」は何の略 ?,理系,ダイス,ダイナマイト,ダイオード,ダイオキシン,ダイオード
「破気コンパス」ともいう、自由に回転する磁石を取り付けて方角が分かるようにした装置は何 ?,理系,方位クリップ,方位ペン,方位ホチキス,方位磁石,方位磁石
水の圧力を用いて物を圧縮したり切断したりできる特殊な機械を何といつ ?,理系,気圧プレス,ボディ プレス,水圧プレス,電圧プレス,水圧プレス
本名を宮澤正之という、魚類学者としても活躍するタレントは誰 ?,理系,深海魚くん,KIRIMIちゃん.,たいやきくん,さかなクン,さかなクン
積もった雪が重力によって高速で滑り落ちる現象のことを何という ?,理系,すだれ,なだれ,まだれ,がんだれ,なだれ
池や田んぼでよく見かけるカエルの幼生のことを、一般的に何という ?,理系,おたまじゃくし,はしじゃくし,ごじじゃくし,れんげじゃくし,おたまじゃくし
携帯カイロなどの温かいものを長時間皮膚に当て続けることによって起さるやけどを何という?,理系,ぬるま湯やけど,長時間やけど,熱源やけど,低温やけど,低温やけど
若者にしか聞こえないとされる、17キロヘルツ前後の周波数の音を何といつ ?,理系,ホーネット音,バタフライ音,モスキート音,ビートル音,モスキート音
体から甘い匂いがすることから名付けられた、水面を滑走する昆申は_回角,理系,プリンボ,アメンボ,モチンボ,チョコンボポ,アメンボ
野生の應を家畜化して生まれた、アヒルに似た鳥は何 ?,理系,ワン,ハクチョワウ,ハヤブサ,ガチョウ,ガチョウ
后い地域に集中的に降る強い雨のことを何という?,理系,ゲリラ豪雨,バブル豪雨,スペル豪十,"エリア豪
ノア之雨",ゲリラ豪雨
次のうち、普通コンパスのみを使って描くことができる図形はどれ3?,理系,円,正方形,羽形,正三角形,円
日本に生息する、最も大きいセミは円時,理系,クマゼミ,シカゼミ,トラゼミ,ロバゼミ,クマゼミ
次のうち、植物のつくりにないものはどれ2?,理系,雄花,主根,歯茎,子葉,歯茎
化学反応によって生まれた生成物が液体の底に沈んでたまることを何といつ ?,理系,沈殿,沈没,沈湖,撃沈,沈殿
「年導体」や「絶縁体」に対して、電気や熱を比較的よく通す物質を何という2,理系,路体,流体,導体,動体,導体
足し算の答えは何 ?,理系,和,差,柄,商,和
イヌやネコの足の裏にある、弾力のある盛り上がった部分を何という 2?,理系,指球,足球,毛球,肉球,肉球
一般的な昆虫の足の数は何本 ?,理系,8本,5本,4本,6本,6本
三角形の内角の和は何度 ?,理系,90度,180度,360度,270度,180度
「優性の法則」 「!分離の法則」 「独立の法則」という遺伝の3法則を発見した生物学者は誰 ?,理系,メンデル,ド・フリース,モーガン,ラマルク,メンデル
小腸の内壁にある、養分を吸収するための突起を何という ?,理系,独毛,細毛,和潜毛,柔毛,柔毛
線で書かれた図形を、同じ線を2回以上通ることなく書くことを何という?,理系,一筆書き,三筆書き,七筆書き,五筆書き,一筆書き
次のうち、シベリア気団のことを指す言葉はどれ?,理系,冬大将,冬宰相,冬将軍,冬軍章,冬将軍
和名を「オウゴンカズラ」という、園芸植物としておなじみのサトイモ笠の植物は何?,理系,アフミス,ポトス,ポルトス,アトス,ポトス
元素記号Hgで表される、常温で液体の元素といえば何 ?,理系,水銀,水鋼,水角,水金,水銀
『種の起原』を著して進化論を提唄した、イギリスの博物学者は誰 ?,理系,アクイナス,ソクラテス,マキアァヴェリ,ダーウィン,ダーウィン
次のうち、実際にある元素はどれ ?,理系,火銀,木銀,水銀,月銀,水銀
名前とは裏腹にリスの仲間である、北米プレーリーで穴を掘り集団生活する動物は何 ?,理系,プレーリーマウス,プレーリードッグ,プレーリーラビット,プレーリーキャット,プレーリードッグ
アキアカネ、ギンヤンマといえは、何の仲間 ?,理系,トンボ,バッタ,ハチ,昧,トンボ
遺伝子を構成する物質、デオキシリボ核酸をアルファベット3文字でいうと何?,理系,DNA,ENA,SNA,CDNA,DNA
rmという記号で表わされ、およそ3.14を表す数学における定数は何 ?,理系,直径率,生径率,円弧率,円周率,円周率
「C」 「C++」 「Java」といえば、コンピューターに関する「〇〇〇言語」。〇〇〇は何 ?,理系,グルーミング,チャーミング,ロッククライミング,プログラミング,プログラミング
一般的なレントゲン検査で用いられる電磁波の一種は何 ?,理系,ガンマ線,X線,可窟光線,赤外線,X線
毛皮が衣服に用いられたことから「ケイトネズミ」という別名を持つ、リスの仲間は何 ?,理系,ナチラナチラ,アセナラ,チンチラ,ミギチラ,チンチラ
ウひのわる28還にME:に才か329 にアドにゴセルんて、世界中で流行したインフルエンザはとどれ?,理系,スペインかぜ,イギリスかぜ,フランスかぜ,アメリカかぜ,スペインかぜ
オゾン層を壊すとして問題となった「クロロフルオロカーボン」といえば一般的にいう何のこと ?,理系,イマン,トイレン,フロン,ダイドコロン,フロン
マイクロソフトのブラウザ 「IE」を略さずにいうと「インターネット・〇つ〇の〇」。〇〇〇は何 ?,理系,エクスプローラー,エクザンプル,エクスペクト,エクセレント,エクスプローラー
円運動をしている物体が受ける、円の中心から遠ざかる向きに働く力を何という3?,理系,万有引力,摩擦力,垂直抗力,遠心力,遠心力
次のうち、「てこの原理」で必要な3つの点にあてはまらないものはどれ?,理系,力点,定点,作用点,支点,定点
次のうち、名前の最後に「く」をつけると、フクロウの仲間になる生き物はどれ ?,理系,みみず,らくだ,かえる,いるか,みみず
「青虫」といえば、その体の色は、普通、何色 ?,理系,黄,日,緑,赤,緑
氷河や雪渓にできる大きな裂け目のことを、フランス語で何という ?,理系,クレヨン,クレバス,クレジット,クレーン,クレバス
人間には通常46本ある、細胞核が分烈する際に現れるひも状の物質を何という2,理系,綿糸体,動糸体,染色体,糸状価,染色体
次のうち、ワトソンとクリックによって明らかにされたDNAの構造はとれ?,理系,五車らせん構造,二重らせん構造,四生らせん構造,三重らせん構造,二重らせん構造
アメリカ・フロリタダ生島東岸にある宇申ロケット発射基地は「〇OO)宇由センター」。〇〇〇は何 ?,理系,プーチン,ドゴール,ケネディ,サッチャー,ケネディ
「ウルトラマリン」とも呼ばれる、ケイ砂や炭酸ナトリウムなどを焼成して作る青色顔料は何 ?,理系,臓脂,分,群青,明黄,群青
次のうち、「算用数字」を指す言葉はどれ ?   ーー,理系,アフリカ数字,アメリカ数字,アジア数字,アラビア数字,アラビア数字
頭に3本の角があるのガ特徴的な、白亜紀後期の草食恐竜は何 ?,理系,プテラノドン,ステゴサウルス,ティラノサウルス,トリケラトプス,トリケラトプス
河口近くにみられる、枝分かれした川と海で囲まれた地形を何という ?,理系,ガンマ,ベータ,デルタ,アルファ,デルタ
モース硬度で最高の硬度10の標準物質となっている鉱物は何 ?,理系,エメラルド,ルビー,ダイヤモンド,サファイア,ダイヤモンド
ロバ、サイ、バクなどが属する、「奇路目」とも呼ばれる員包類の目は何 ?,理系,サル目,ネコ目,ネズミ目,ワマ目,ワマ目
次のうち、は躍類の生き物はどれ ?,理系,うま,ひつじ,いぬ,へび,へび
次のうち、混合物はどれ?,理系,水銀,食塩水,水,水素,食塩水
ガソリンは主に何を分留して得られる液体 ?   ーー,理系,石項,石炭,石放,石油,石油
昆虫のチョウの口は、次のうちどんな形状 ?,理系,コップのような形,ナイフのようなお形,スプーンのようなお形,ストローのようなお形,ストローのようなお形
液体の薬剤を、注射盾から少しずつ体内に投与する方法を何という 2?2,理系,金的,点滴,天敵,滴定,点滴
次のうち、二酸化炭素を検出する反応として正しいのはどれ?,理系,"ヨウ素液が
ウ素液が青紫になる",BTB液が青くなる,石放水が白濁する,リトマス紙が赤くなる,石放水が白濁する
豆腐を固めるのに使われる、塩化マグネシウムを主成分とする液体は回角,理系,あがり,まがり,さがり,にがり,にがり
高度な科学技術計算を行う高性能コンピュータのことを何という ?,理系,ハイパーコンピュータ,ウルトラコンピュータ,ゴールデンコンピュータ,スーパーコンピュータ,スーパーコンピュータ
ローマ数字で「10」を表すアルファベットは何 ?  -,理系,,L,V,X,X
カタツムリは、次のうち何の仲間 ?,理系,タコ,貝,エビ,イカ,貝
次のうち、アブラゼミの成虫の寿命として適当なものはどれ?,理系,1ン2カ月間,1と2週間,1-ン2時間,1と2年間,1と2週間
ワセリンなどの成分に医薬品を混ぜて、り薬として使いやすいようにしたものを何という ?,理系,なんだい,なんこう,なんこつ,なんもん,なんこう
ろ過や蒸留などによって得られる、不純物のきわめて少ない水を何という?,理系,順水,潤水,純水,準水,純水
中乳類で、唯一、田を持ち空を飛ぶEK円時?     ー,理系,ペンギン,カモノハンシ,コウモリ,ドードー,コウモリ
ひとつの個体の中に異なった細胞が混在している生き物のことを何という?,理系,ゴモラ,ベムラ,ナブラ,キメラ,キメラ
1961年より実施された、人類を6度にわたって月面に送り出した、NASAの有人宇宙飛行計画は何 ?,理系,コーヒービート計画,マーブル計画,チョコベビー計画,アポロ計画,アポロ計画
「ハンザキ」の別名もある、世界最大の両生類はオオ〇〇〇ウォ。〇〇2,理系,トウガラシ,コショウ,サンショウ,ワサビ,サンショウ
「光年」とはどんなものを表すときに用いる単位 ?,理系,車さ,距離,魅力,時間,距離
空気中に約0.9パーセント存在している、元素記号Arで表される元素は回角,理系,アルゼンチン,アルゴン,ナイゴン,アルジェリア,アルゴン
熱い食べ物が苦手な人のことを、ある動物に例えて何という ?,理系,犬舌,熊舌,馬舌,猫古,猫古
数字で、「下方」といえば数字をどうすること2?     「,理系,2分の1倍,2倍,2分の1乗,2乗,2乗
電子レンジにも利用されている、波長1mン1mmの電磁波は何 ?,理系,ミリ波,センチ波,マイクロ波,サブミリ波,マイクロ波
電波が届かず、携帯電話での通話やメールが利用できない場所のことを何という3?,理系,圏外,海外,番外,論外,圏外
xy邊面に存在する次の点のうち、原点との距離が最も近いものはどれ ?,理系,(3.3),(44),(1.1),(2.2),(1.1)
日が出ているのに雨がばらつく天気のことを、ある動物の名前を用いて何という3?,理系,さつねの嫁入り,ペヤングの嫁入り,ラ王の嫁入り,たぬきの嫁入り,さつねの嫁入り
「外反母盾」や 「内反小中」といえば、変形している体の部分はどこ ?2,理系,耳,手の指,足の指,育骨,足の指
熱帯に育つ植物で、根から取れるでんぷんがタピオカの原料となるものといえば何 ?,理系,バナナ,カカオ,トマト,キャッサパ,キャッサパ
十支の動物のうち、ネコ科は何 ?,理系,イヌ,トラ,ウサギ,イノシン,トラ
迷走旭経、顔面利経、語紳経など、年12対からなる細経を何という2?,理系,腸紳経,心臓紳経,肝臓紳経,脳利経,脳利経
人間の脊椎の最も下にある、「尾骨」とも呼ばれる骨は何 ?,理系,ばてい骨,ぶてい骨,びてい骨,ぼてい骨,びてい骨
測定時の物理的条件などから生じる、ある量の測定値と真の値との差を何という ?,理系,過差,誤差,月意,階差,誤差
次のうち、点対称である図形はどれ 2?,理系,正五角形,正七角形,正三角形,正方形,正方形
"ラテン語の「聴く」が語源とされと
の}
めの音響装置を1
回という2",理系,オーディオ,オートバイ,オードブル,オーシャン,オーディオ
目の治療「レーシック」でレーザーによって削られる、目の表面にある膜は何?,理系,鼓膜,介膜,角膜,卵膜,角膜
人間のひざにある在らな骨のことを、俗に「ひざの何」という ?2,理系,鋼,瓶,者,中,中
"電圧の単位 「ボルト」を表す、アルのグミ月cb""4にゴちとく",理系,A,V,W,K,V
竜巻よりも小さい、渦を巻く風のことを〇〇〇風という。〇O〇〇は ?,理系,こめかみ,まゆばげ,みみたぶ,つむじ,つむじ
お茶に含まれる「カテキン」は、主にお茶のどんな味に関係する ?,理系,しょっぱさ,からさ,にがさ,すっぱさ,にがさ
月刊誌「化学」や化学専門書で知られる、京都市に本視を置く出版入はとどこ?,理系,法学同人,化学同人,文学同人,哲学同人,化学同人
"日本語
レモた前|
「石綿」という、かつ
マー デハ AE KG建材として使われた繊維状の鉱物は回角",理系,アスベスト,アサッテベター,キノウワースト,オトトイワース,アスベスト
「アカ」 !「アオ」 「ヒメ」などの種半がいる、オールのように変化した手足が特徴の上過申類は何 ?,理系,ヤマガメ,ヌマガメ,ウミガメ,リクガメ,ウミガメ
現代の科学では十分な説明ができない、予知や透河などの現象を何という?,理系,天文現象,和会現象,生命現象,超常現角,超常現角
ある整数が3の倍数である時、全ての位の数を足した和はどんな時でも回の】にも>者4,理系,5の倍数,4の倍数,3の倍数,7の倍数,3の倍数
水面でよく見られる、波のうねるような動きのことを何という ?,理系,昇龍,波動,龍虎,酔,波動
次のうち、別名を「エチルアルコール」という物質はどれ ?,理系,プロパノール,ブタノール,エタノール,メタノール,エタノール
不用となった人工衛星やロケットの部品など、地球の衛星軌道上を周回する宇宙ごみのことを何という 2?,理系,スペーストラッシュ,スペースワイパー,スペースデブリ,スペースノイド,スペースデブリ
次のうち、主に熱帯雨林に生息する尼虫はどれ?,理系,ゲンジボタル,オニヤンマ,モンシロチョウ,ネプチューンオオカブト,ネプチューンオオカブト
夏の大三角の一つになっている、こと座の一等星は何 ?,理系,バルログ,サガット,べベガ,ヤン,べベガ
叫液に含まれる「アミラーゼ」は、主にどんな物質を分解する酵素 ?,理系,でんぷん,脂肪,ビタミン,食物繊維,でんぷん
物質が液体の状態を経ずに、固体と気体の間で状態を変化させることを何という3?,理系,しょくじ,しょうか,さゆうしゅう,そしゃく,しょうか
地球の自転と同じ速さで回っているため地上からは止まって見える衛星のことを何という?,理系,静止衛星,ストップ衛星,止まっている衛星,ぴったり衛星,静止衛星
物質が熱と光を発して酸素と化合する現象を何という ?,理系,,爆発,発酵,肉光,
次のうち、血管を大きく3種類に分けた時の種類にないものはどれ ?,理系,極太血管,静脈,動脈,毛細血,極太血管
地球の中緯度地域の上空でみられる、西奇りの風のことを何という ?,理系,上空風,偏西風,旋風,飛行機風,偏西風
酔ってふらふら歩くことを表す慎用句にも登場する、 「コ」 「シロ」などの種類がいる水鳥は何 ?,理系,チドリ,カモメ,ンギ,アジサシ,チドリ
もぐらは普通どこに住んでいる ?,理系,水の中,土の中,寺の中,火の中,土の中
タヌキ、キツネ、オオカミといえばどんな動物の仲間 ?,理系,サル,ウマ,イヌ,ネコ,イヌ
ゲーム愛好家・ゲーマーの中でも、特に熱心なゲーマーのことを、何という ?,アニメゲーム,へビーゲーマー,ライトゲーマー,スペシャルゲーマー,エキストラゲーマー,へビーゲーマー
次のうち、実在のアイドルグループを題材とした漫画はどれ?,アニメゲーム,AKB48殺人事件,だがしかし,國士無双!,ひめはじけ,AKB48殺人事件
スタジオジブリのアニメ映画『〇と〇和民の紳陣し』。〇に共通して入る治数字は何 ?,アニメゲーム,白,十,千,,千
次のアニメのうち、主人公と同居している家族の人数が最も多いのはどれ?,アニメゲーム,サザエさん,ドラえもん,クレヨンしんちゃん,ちびまる子ちゃん,サザエさん
次のうち、医療の世界を題材にした漫画はどれ ?      「,アニメゲーム,味いちもんめ,ラーメン発見伝,医龍,バウ,医龍
「toto」といえば、どんなスポーツに関するくじ ?,スポーツ,野球,サッカー,ボクシング,ゴルフ,サッカー
