Q,K1,K2,K3,K4,A
ウパクjpまっ スソムン アスン= にRI たないのはどれ2?,パリ・コレクション,東京コレクション,ミラノ・コレクション,艦際コレクション,艦際コレクション
メジャーリーグの球団名で「レッド〇つつ〇つ〇」「ホワイト〇〇〇」に共通して入る言葉は何 ?,シューズ,スパッソツ,ソックス,ブーツ,ソックス
電気にまつわる単位のアンペア、ボルト、オームといえば、いずれも何に由来する ?,植物の名前,動物の名前,場所の名前,人の名前,人の名前
小説『不思議の国のアリス』の冒頭で、アリスが追いかける動物は何 ?,かえる,さつね,あひる,うさぎ,うさぎ
万願寺トウガラシや九条ネギといえば、どこの都道府県名産の野茶 ?,京都府,大阪府,北海道,東京都,京都府
インド独立運動の指導者として活躍し、インド共和国の初代首相になった人物は誰 ?,オキルー,タベルー,スムー,ネルー,ネルー
日本で行われる選挙で、特に、衆議院の解散または任期満了プによる選挙のことを何という?,公選挙,,,條選挙,
一般的に「あばら骨」と呼ぶ骨のことを、学術的には何という ?,尾骨,助骨,尺骨,機骨,助骨
ファッション雑誌の編集部を舞台とした、メリル・ストリーププ主演の映画は何 ?,エルメスを着た悪腐,プラダを着た悪魔,ルイヴィトンを着た悪魔,グッチを着た悪魔,プラダを着た悪魔
次のうち、「毛皮」や「毛皮を用いた製品」を表す言葉はどれ ?,ブフォー,ファー,フィイー,フェー,ファー
工事現場などで、頭部の保護のためにかぶるものは「ヘル〇〇〇」。〇(つうは何 ?,レット,メット,バット,ボット,メット
パン屋などで、パンを挟んでつかむ道具を何という 2?,トング,リング,キング,シング,トング
次のうち、日本の歴史上存在しない幕府はどれ ?   「,江戸幕府,室町幕府,明治幕府,鍵昼幕府,明治幕府
空気中の水蒸気が、木の枝に吹き付けられて凍結したものを何という ?,樹風,樹氷,樹火,,樹氷
「ヤングなでしこ」といえば、どんなスポーツのU-20の日本代表の愛称 ?,女子柔道,女子バレーボール,女子サッカー,女子レスリング,女子サッカー
次のうち、交尾をしなくても子孫を残せる生物はどれ?2    ー,大腸上画,カブトムシ,ヒト,イカ,大腸上画
次のうち、普通、ご飯を使って作るにムシ!ちす2光6員?,ホットドッグ,ハンバーガー,おにぎり,サンドイッチ,おにぎり
次のうち、無線電波などを監富・傍受することを意味する言葉はどれ ?,モニター,シアター,アバター,センター,モニター
ノーベル賞で知られるノーベルが発= 間yyン/たる円用4,ダイナマイト,ニトログリセリン,C4,TNT,ダイナマイト
井上真央主演で実写ドラマ化もされた、倉金章介・竹本泉の漫画は『何姫』 ?,だ いふ く 姫,たいやき姫,おだんご姫,あんみつ姫,あんみつ姫
"芸術家や芸能人などを経済的に支援し、後ろ盾になる人のことを、フランス語 ヽ
語で何という?",パトロン,パトロール,パトラッシュ,パトリオット,パトロン
ウくのわる2あみ:3りルルリムクアル ニンルアルングを原曲とする、小学校唱歌としておなじみの曲はどれ?,イエローイエロー,レッドレッド,ブルーブルー,グリーングリーン,グリーングリーン
測量の結果をもとに日本地図の作成を行う、国土交通省の専門機関はどご2,日本学士院,国土地理院,会計検査院,法科大学院,国土地理院
次のうち、ラグビーの選手を指す言葉はどれ?2,ランビックマン,クラフトマン,エールマン,ラガーマン,ラガーマン
しげの秀一の漫画『頭文字D』。この「頭文字」は何と読む 2,コードネーム,イニシャル,ヘッド,カシラモジ,イニシャル
これまでに1300以上の曲が放送された、NHKのミニ音楽番組といえは、のひjpまっず< 4,ひとりのうた,ふたりのうた,みんなのうた,さんにんのうた,みんなのうた
ゴン・フリークスを主人公とする、唱酔義博の漫画作品は次のひうちどれ?,HUNTERxHUNTER,幽反遊交白書,レベルE,てんで性悪キューピッド,HUNTERxHUNTER
国土交通省の設置について定めた法律は何?,釣朋法,国土交通省設置法,楽事法,覚醒剤取締法,国土交通省設置法
テレビビ番組 『!サンデーモーニング1!の週刊御意見番に出演していたのは上:壮4,中畑清,王貞治,張本勲,長嶋茂雄,張本勲
相撲の決まり手「突き〇〇」「押し〇つつ〇つ」「浴びせ〇〇」の〇〇に入る言葉は何 ?,投げ,倒し,払い,ひねり,倒し
結婚式で、新郎新婦が互いにお洒を飲み交わす儀式を何という ?,二東三文,三々九度,四捨五入,ー日一療,三々九度
スポーツの「グラススキー」で滑るのは、次のうちどんな場所 ?,水の上,水の上,量の上,マグマの上,量の上
ファミリーコンピュータのコントローラで、Aボタンの左にあるのは何ボタン?,Bボタン,スタートボタン,Cボタン,セレクトボタン,Bボタン
サラブレッド種、アラブ種という動物が用いられるスポーツは次のうちとれ?,クレー射撃,水球,,トライアスロン,
次のうち、鎌倉時代に警察や裁列所のような役割を担った役所はどれ ?2,侍所,浪人所,宙者所,将車所,侍所
映画『逆境ナイン』やドラマ『マッサン』に主演した俳優は誰 ?,玉山鉄治,玉山鉄山,玉山鉄太郎,玉山鉄二,玉山鉄二
藤子不二雄の漫画作品で、ジャイアンというガキ大将が登場するのは次のうちどれ?,パーマン,オバケの0Q太郎,怪物くん,ドラえもん,ドラえもん
「泉州」とも呼ばれる旧国名は何 ?,甲斐国,相模国,和泉国,信濃国,和泉国
次のうち、陸上競技に分類されないものはどれ2,ハーフマフソン,スカッシュ,十種競技,ハンマー投げ,スカッシュ
東京のドン・キホーテ秋葉原店の8階に専用劇場を構えるアイドルグループといえば何 ?,HKT48,AKB48,NMB48,SKE48,AKB48
実験に使われる、一方を閉じた細長い透明のガラス製の管は何 ?,試験管,バーナー,乳鉢,るつぼ,試験管
重量挙げなどで用いる、鉄棒の両端に車輪状のおもりを付けた用具を何という2,サーベル,レーベル,ノーベル,バーベル,バーベル
次のうち、夜巡るときに用いるのはとれ?,オクラ,サクラ,イクラ,マクラ,マクラ
こらえていた怒りの感情が我慢の限界を超えて爆発することを、俗に「何の緒が切れる」という ?,堪宙袋,知恵袋,ポチ袋,"所 穫
月 家",堪宙袋
工業的に重要な「レアメタル」の「メタル」とはどういう物質 ?,金属,織物,磁融,木材,金属
名倉潤・原田泰造・堀内健の三人からなる、お笑い芸人トリオは何 ?,マーキュリー,ネプチューン,ジュピター,ワラヌス,ネプチューン
次のうち、特撮番組の『ウルトラマン』シリーズの作品にあるのはどれ?,ウルトラマンジロウ,ウルトラマンシロワウ,ウルトラマンサブロウ,ウルトラマンタロウ,ウルトラマンタロウ
映画館で映画の上映前に放送される、盗撮禁止を宣伝するCMといえばNeネロ間,映画脱税,映画残業,映画詐欺,映画泥棒,映画泥棒
目が不自由な人の生活をサポートする犬は「〇O〇〇犬」ぴ。 の〇〇は何 ?,もうどう,ほうどう,どうとどう,こうどう,もうどう
夏目直子の漫画『おこしやす、ちとせゼセちゃん』の舞台となっている都道府県はとどこ?,北海首,東京,京都,沖縄,京都
次のうち、土を掘るための道具はどれ 2?,スコンブ,スキップ,スコップ,ステップ,スコップ
江戸幕府の歴代将軍の名字は全て円時,板垣,忠沢,徳川,大塩,徳川
次のうち、車さの単位はどれ ?,ヘクタール,マイル,オンス,ヤード,オンス
シンン4 村ありとすとお生生音を表す擬音語 ?,時計,ラッパ,電車,カミナリ,時計
次のうち、チームスポーツでないのはどれ2?,セパタクロー,ハンドボール,バイアスロン,ラクロス,バイアスロン
アニメ『スポンジ・ボブ』 に登場するパトリック・スターとはどんな生さき物?,ヒトデ,サメ,カニ,マンボウ,ヒトデ
ボウリングのスコアで、「F」と書かれる反則行為は何 ?   「,ファウル,フェイント,フライング,フォールト,ファウル
『西部警察』『あぶない刑事』などに出演した、館プロ所属の俳優は誰 ?,猫ひろし,巡ひろし,阿部ひろし,玉木ひろし,巡ひろし
JR東日本のICカード 「Suica」のマスコットキャラクターになっている島は何 ?,カラス,ハト,ペンギン,ンル,ペンギン
次のうち、大みそかのちょうど]週間前にあたる日はどれ?,バレンタインデー,イースター,ハロウィン,クリスマス・イブ,クリスマス・イブ
映画『おしゃれキャット』に登場するダッチェスはどんな動物 ?,ネコ,サル,イヌ,ネズミ,ネコ
『しずかちゃん」というヒロインがをEiI回角,21エモン,ドラえもん,パーマン,キテレツ大百科,ドラえもん
紀元前を表すBCのCとは誰のこと ?,キュリー夫人,金太郎,君,キリスト,キリスト
ハレーやヘールボップといった種類がある、倫にほうき星とも呼ばれるの トレコルしさたく円4,恒星,直星,衛星,,直星
俳優・香川照之の父である、スーパ一歌舞伝を創始した歌舞伎役者は上:壮4,市川猿却,市川猫益,市川馬益,市川犬義,市川猿却
アリの集団の中で、主に営巣・育旧・食物探集などを担当するものを何という3?,動きアリ,働きアリ,欺きアリ,描きアリ,働きアリ
「新体力テスト」の実施要領で、「反復横とび」は何秒間行われる ?,20日,20秒間,20時間,20分間,20秒間
"クリやハチの協力を得て、カニが親の仙のある動物をこらしめるという内容の昔
HIた和加計4",ねこかに合戦,さるかに合戦,うまかに合戦,わしかに合戦,さるかに合戦
囲碁や将棋で、先に始める人のことを何という ?,番手,上手,先手,後手,先手
田舎の学校に通う子どもたちの日常を描いたあっとの漫画『〇OO〇OO〇びより』。〇〇〇は何 ?,どんどん,ほんほぼほん,こんこん,のんのん,のんのん
スポーツの試合で、計時係を務める「時間記録員」のことを何という 2?,タイムボランチ,タイムディフェンス,タイムフォワード,タイムキーパー,タイムキーパー
こんにゃくの原料となるのは次のとどれ 2?,こんにやゃやく豆,こんにゃやく米,こんにゃく芋,こんにゃやく才,こんにゃく芋
日本の通貨単位「円」はローマ字では普通びのように表記する?2,Ien,に],ql1,yen,yen
大黒天、恵比須、昆沙門天、弁財天、秘禄寿、寿老人、布袋の七邊を総称して何という3?,七金紳,七豊紳,七富紳,七斑旨,七斑旨
松重豊が主人公・井之頭五郎を演じている、テレビ東京のドラマシリーズTOのグルメ』 。〇〇は何 ?,未来,孤独,衝撃,"殺意
も",孤独
「FIFA」と呼ばれる組織は、次のうちどれ2    「,国際テニス連盟,国際バドミントン連盟,国際卓球連盟,国際サッカー連盟,国際サッカー連盟
「風の中のすばる 砂の中の銀河」という歌い出しで始まる、中島みゆさのヒット曲は何 ?,空と君のあいだに,地上の星,わかれうた,時代,地上の星
胃壁から分泌される、無色無臭の消化液を何という?,表液,膝液,嘩液,腸液,表液
次のうち、バレーボールを描いた漫画はどれ2?2,黒子のバスケ,ハイキュー!!,アイシールド21,ROOKIES,ハイキュー!!
次のアイドルグループのうち、NHKの「『紅白歌合戦』で司会を務めたことがあるのはどれ?,KATTUN,V6,嵐,TOKIO,嵐
ゲーム 「『マリオカート8』に登場する次のキャラクターのうち、重量級に分類されるものはどれ?,ヨッンー,ベビイマリオ,キノピオ,ドンキーコング,ドンキーコング
お笑いタレントの裕二、俳優の邦箱、女優の衣奈に共通する名字は回角,田中,佐藤,中井,西田,田中
魚介類を煮込んだ、フランス生まれのスープは「〇O〇O〇つベース」。〇〇のつつは何 ?,アイヤ,ナイヤ,ブイヤ,ガイヤ,ブイヤ
野球のバットで「ヘッド」といえば次のうちどの部分のこと ?,中央部分,グリップ,先端部分,根元部分,先端部分
女王・卑弥呼が統治していたとされる、2世紀から3世紀ごろの日本に存EEH【ひと:た6円有4,奴国,邪馬台国,黒歯,,邪馬台国
漫画『文哀ストレイドッグス』」の登場人物で、「人間和失格」という能力のこうちゅ!】ち : 者4,"ーーーマ  ニ  ーニヒビ
編沢識可",太宰冶,氏川龍之介,沢賢治,太宰冶
水泳の自由形で使われる泳法は一般的に何 ?             「,バタフライ,背泳ぎ,座泳ぎ,クロール,クロール
竜巻よりも小さい、渦を巻く風のことを〇〇〇風という。〇O〇〇は ?,まゆげ,こめかみ,つむじ,みみたぶ,つむじ
「パソコン」の「パソ」とは、何という言葉の略 ?   -,パーソリティ,パートナー,パーソック,パーソナル,パーソナル
次のうち、実際に存在する動物はどれ 2?,オリックス,ヤクルト,ディーエヌエー,ソフトバンク,オリックス
次のうち、関東地方にある工業地和淀はどれ2?,阪利工業地帯,京浜工業地帯,中京工業地帯,北九州工業地帯,京浜工業地帯
石炭やガソリンなど、燃やして熱や光を得る材料を何という ?,衣料,食料,,,
化学式「H20」で表される物質は何?,食塩,アンモニア,二酸化炭素,水,水
アイドルグループ・SKE48が活動拠点を置いている都市はどこ ?,,札幌,,名古屋,名古屋
次の『桃太郎電鉄』シリーズの作品のうち、発売されたのが一番古いものはとれ?,枕太郎電鉄WORLD,枕太郎電鉄20周年,スーパー桃太郎電鉄,桃太郎電鉄USA,スーパー桃太郎電鉄
次のうち、表計算ソフト「Excel」で「かけ算」を表す記号はどれ ?,,米,十,,米
サッカーのワールドカップが開催されるのは何年に一度 ?   「,1年,3年,4年,2年,4年
ファミコンゲーム『ダックハント』で、撃ち落としたカモを拾い上げてくれる動物は何 ?,獲,犬,に,ウサギ,犬
次のうち、四国八十八箇所と呼ばれる霊場をめぐる巡礼者を指す言葉はとれ?,お陸路さん,お道路さん,お退路さん,お刀路さん,お刀路さん
パチンコやパチスロなどの不正行為を指す、「仕事」を略した言葉は回角,シゴ,ゴト,トゴ,ント,ゴト
プロ野球の阪利の親会吐といえば、次のうちどんな会証 ?,"航空会i
L空会計",電鉄会計,アパレルブランド,携帯電話業者,電鉄会計
「やられたらやり返す。倍返しだ ! 」の決め台詞で知られる、堺雅人主演のドラマは何 ?,リーガル・ハイ,年沢直樹,南極大陸,大奥,年沢直樹
闘牛で、闘牛士がな手にもっている布の色は何 ?,黒,赤,"に ゴ
月",日,赤
「割」とも呼ばれる、大相撲の対戦どの: まち 円肝?      「,取説,取捨,取組,取締,取組
物理運動の中でも、速さが0である連動を何という 2?,自由落下,静止,振動,円連動,静止
パソコンの周辺機器で、紙に書かれた文字や図を読み取ったりする装置を何という ?,マウス,キーボード,スキャナ,ハードディスク,スキャナ
次のうち、世界一成長速度が速いといわれる植物はどれ3?,松,梅,艇,竹,竹
「すばらしい」という意味のフランス語は、次のうちどれ2?,イタリアン,ブライアン,トレビアン,エイリアン,トレビアン
ピクサーがガ制作したアニメ映画で、擬人化した車が主人公なのはどれ ?,モンスターズ・インク,バグズ・ライフ,カーズ,トイ・ストーリー,カーズ
サッカーで、  ゴールキーパー以外の10人の選手を総称して何プレーヤーという2,オーディナリー,ランニング,フィールド,オフェンス,フィールド
映画『釣りバカ日誌』シリーズで、西田敏行が演じた主人公の名前は回角,,田沼雄一,浜崎伝助,車責次郎,浜崎伝助
JE間15 所KG 少(/パリシウンシロウは「胸にいくつの傷を持つ男」と呼ばれている 2?,6つ,Sつ,4つ,/つ,/つ
日本では長崎市がセントポール市との間で初めて結んだ、文化交流などを目的とした都市提携は何 ?,姉妹都市,親子都市,従兄弟都市,親友都市,姉妹都市
上杉謙信と対立し、数度にわたって川中島で戦った、戦国時代の武将は上:壮4,"古賀2
源内",起田信玄,吉田茂,,起田信玄
地球は何という天体を中心に公転している ?,火星,太陽,月,木星,太陽
プロ野球やコリーグで、入団を希望する選手がアピールを行う入団テストを何という ?,トライアウト,ノックアウト,パンチアウト,テイクアウト,トライアウト
音楽ユニット・Perfumeの3人のメンバーは、のっち、あてちゃんと誰?,かしゆか,たむゆか,もりゆか,やすゆか,かしゆか
日本で炭酸飲料 『オランジーナ』のCMに出演した俳優は誰 ?,リチャード・ギア,リチャード・サドル,リチャード・ペダル,リチャード・ベル,リチャード・ギア
血圧計で血圧を測る時に、圧迫帯を巻きつける体の部分は次のうちどご2,豆,腕,腹,中,腕
懐かしのギャグ漫画『まことちゃん』の作者は誰 ?,稽川つばめ,税図かずお,山上たつひこ,植田まさし,税図かずお
吉田光由や関孝和が発展させた、日本独自の数学を何という ?,和算,和室,和食,和歌,和算
漫画『巨人の星』 で、主人公の星飛雄馬が投げる魔球の名前は何 ?,プロ野球ボール,大リーグボール,都市対折野球ボール,甲子園ボール,大リーグボール
時速500km超の走行も可能な、磁石の力を用いた電動車は何 ?,ウインドブレーカー,リニアモーターカー,ミランダ・カー,チェーンスモーカー,リニアモーターカー
ルンフェス』を開催し、滋賀県の観光大使にも任命されている歌手は誰 ?,西川貴教,東川貴教,北川貴教,南川貴教,西川貴教
スペインなどのラテンの国々にみられる、長めの昼休憩の習慣を何という?,ファンタジスタ,パスタ,バリスタ,シエスタ,シエスタ
勝敗が市定ではなく、獲得したセット数で決まる競技はどれ ?,ビーチバレー,体操,フィギュアスケート,新体操,ビーチバレー
カメラで写真を撮ったときに画像がほやけてしまうことを何という 2?,パンボケ,ピンボケ,ポンボケ,ペンボケ,ピンボケ
1988年に連載が始まった西森博之の2良漫画『今日から〇は!!』。〇は何 ?,君,俺,私,僕,俺
運命によって結ばれている男女の間でつながっているとされているのはEヨ pの       ヽ,青い糸,日い糸,赤い糸,黒い糸,赤い糸
次のアニメ『サザエさん』の登場人物のうち、会計貞であるのは誰 ?,カツオ,マスオ,フネ,サザエ,マスオ
プロ野球で、将来有請な選手を育てるための枠のことを何という ?,育突枠,発育枠,育成枠,保育枠,育成枠
モテデテルや女優として活躍する、広瀬すずの姉は誰 ?,広瀬トリス,広瀬ハリス,広瀬クリス,広瀬アリス,広瀬アリス
お笑いコンビ、メイプル超合金のカズレーザーのトレードマークといえば何色の衣装 ?,赤,黒,白,"宇
月",赤
次のうち、女性漫画家は誰 ?,ニノ宮知子,寺沢大介,山田貴敏,原秀則,ニノ宮知子
次の肉食動物の中で、ネコ科であるのはどれ2?,ジャッカル,ヒグマ,ハイエナ,ライオン,ライオン
黒色のメラニンなどのように、色が出る原因になる物質を総称して何といつ ?,色素,色々,色紙,色気,色素
食材を粉寿・提拝するために使用される調理器具は何 ?,ミキサー,ギャルサー,テニサー,シーサー,ミキサー
ィルート2」や「円周率m」など、分数の形で表せない数を何という 2?,非力数,駄目数,不能数,無理数,無理数
コリーやシェパードなど、放し飼いの半の群れの番や読導を行う犬を何という2,介助犬,辿察犬,牧羊犬,愛玩犬,牧羊犬
ラーメンの麺がのびる主な原因は、麺が〇〇〇を吸い込むから。〇〇〇は何 ?,水,金,ル,木,水
ジャングルの王和を守るために活躍する少年と動物たちを描いた、東映動画初のテレビアニメ作品は何 ?,北斗の拳,狼少年ケン,六三四の剣,チャージマン研!,狼少年ケン
次のうち、プロ野球で使用が認められているバットの材質はどれ?2,プラスチック製,木製,竹製,金属製,木製
ドイツ北西部の都市で、グリム童話の「音楽際」で知られるのはどこ?,ハンブルク,ミュンヘハン,ベルリン,ブレーメン,ブレーメン
かつてビートたけしとビートきよしが結成していたお笑いコンビの名前は何 ?,スリービピビート,ツービート,フォーピート,ファイブビート,ツービート
次のうち、普通、沖縄料理の「タコライス」には使われない具材はどれ?,レタス,ライス,タコ,トマト,タコ
途中区間の運賃を支払わずに電車などに乗車することを何という ?,キセル乗車,キル乗車,ヌガス乗車,メグ乗車,キセル乗車
次のうち、背中にコブがあるのかがガ特徴の動物はどれ ?       「,マクラ,ラクダ,オクラ,イクラ,ラクダ
ひださらい=【クたEi【のjpる28半*くひこが主人公である作品はどれ ?  「,ブラック・ジャック,バ しぎなメルモ,三つ目がとおる,鉄腕アトム,バ しぎなメルモ
警察がスピード違反を取り締まることを、俗に何という 2?,ウサギとり,ネズミとり,ヒツジとり,イタチとり,ネズミとり
リレー競技で、最後に走る人のことを何という?,アンカー,タッカー,ツーカー,ハイカー,アンカー
三代目J Soul Brothersの7人のメンバーのうち、ボーカルは何人 ?,7人,3人,5人,2人,2人
レオ・レオニの絵本『スイミー』の主人公はどんな生き物 ?,かえる,いぬ,ねこ,さかな,さかな
原則として毎週日曜日の21時より放送されている、NHKのドキュメンタリー番組は何?,NHKスーパー,NHKスペンシャル,NHKハイパー,NHKウルトラ,NHKスペンシャル
国民、厚生、共済などの種類がある、老後に定期的に支給されるる金銭といえば何 ?,年鐘,年鉛,年鉄,年金,年金
ボウリングで、「ノーヘッド」という時、ボールがヒットしなかったピンは何番ピビン ?,1番ピン,3番ピン,8番ピン,10番ピン,1番ピン
「ビッグエッグ」という愛称がある日本初のドーム型野球場はどこ ?2,東京ドーム,蛋岡ドーム,ナゴヤドーム,札幌ドーム,東京ドーム
「随筆」ともいう、目分の気のおもむくままに思ったことや見聞きしたことをまとめた文章は何 ?,エッセイ,トリック,ストーリー,バッドエンド,エッセイ
大相撲の番付で、最も位が低いものは何 ?,序ノ耳,序ノロ,序ノ算,序ノ目,序ノロ
ザ・タイガースのメンバーで、シロー、一徳といえば名字は何 ?,岸部,沢田,森本,加橋,岸部
"一般に「恐竜」を
童」を大きく2つに分類すると、竜般類と何 ?",人毅類,申盤類,,,
血液の成分が作られる、骨の内部にある組織といえば何 ?   ー,骨央,骨核,"骨 た
IMN",骨身,骨身
陸上の走り高跳びで、バーの上で腹ばいになるような体勢で跳ぶジャンプの方法を何という ?,シャドーロール,エンドロール,ベリーロール,トリコロール,ベリーロール
ドラマ『誰かが彼女を愛してる』の主題歌であった、中山美穂&WANDSC曲は何 ?,地球中の誰よりきっと,世界中の誰よりきっと,宇宙中の誰よりきっと,日本中の誰よりきっと,世界中の誰よりきっと
毎年1月1日は、何という委日 ?,止月,元日,初日,若水,元日
ひざを曲げ腰を落とした体勢で前へをとって何という ?,うさぎ跳び,ひつじ跳び,さきつね跳び,からす跳び,うさぎ跳び
次のうち、地球上の水の大邊が存在する場所はどれ2,大気中,地下,海洋,湖沼,海洋
次のうち、病院で診察を受ける時に宗口に提出するのはどれ?,学生証,保険証,免許証,吐員証,保険証
ボクシングで、セコンドがタオルをリングに投げ入れた場合の意味は、のひjpまっず< 4,試合放棄,相手への敬意,勝利宣言,ジャッジへの異議,試合放棄
代表曲に !WHITE BREATH」などが#4る、西川貴教を中心に活動する音楽プロジェクトは何 ?,PM.Revolution,S.M.Revolution,TM.Revolution,A.M.Revolution,TM.Revolution
2016年に実写化されたマキノの漫画うくんの言いなりになんてならない』。〇〇は何 ?,白崎,,青崎,黒崎,黒崎
アミラーゼやペプシンなどのような、消化を促進する酵素を総称して何という3?,加水分解酵素,酸化酵素,脱水素酵素,消化桂素,消化桂素
毎年11月に関東地方の御往で開かれる、緑起物の「熊手」が売られることでおなじみの年中行事は何 ?,西の市,辰の市,寅の市,婦の市,西の市
中東の国・アフガニスタンの首都はとどこ?2,ナグール,モグール,サポボール,カブール,カブール
次のうち、アガサ・クリスティの小説はどれ?2          「,ポートピア連続殺人事件,曰ゆき姫殺人事件,オリエント人急行殺人事件,後島人伝説殺人事件,オリエント人急行殺人事件
映画『ミニオンズ』に登場するミニオンズたちの体の色は何色 ?,赤色,黄色,青色,日色,黄色
次のうち、通常、週に1回発売されている漫画雑誌はどれ?,少年マガジンR,月刊少年マガジン,別冊少年マガジン,週刊少年マガジン,週刊少年マガジン
柴田亜美の漫画『南国少年パプワく<ん』の主人公・パプワくんはどんな生き物?,鯛,人間,かたつむり,犬,人間
国友やすゆきの漫画『総理の椅子はどんな世界を舞台にした作品?_,政界,球界,楽界,芸能界,政界
次のうち、スポーツで、勝負に降参することを意味する言葉はどれ3?,ギブアップ,タッチアップ,パワーアップ,タイアップ,ギブアップ
アニメ『「それいけ ! アンパンマンで、次のうちアンパンマンの仲間で29夫Y】た中 : 所4,メロンパンナ,ばいきんまん,カレーパンマン,しょくばんまん,ばいきんまん
次のうち、「編は内、鬼は外」 と言いながら豆をまく風特がある行事はとれ?,部分,秋分,野分,春分,部分
関門海峡の「門」が指す「門司」といえば、どこの都市にある地名 ?,宇都宮市,北九州市,名古屋市,相模原市,北九州市
IC乗車券の「ICOCA」を開発した鉄道会往はどこ2       「,JR北海道,JR東日本,JR西日本,JR九州,JR西日本
気象庁の発表する気象警報に存在すとで)】ちの jpまっ2光明,困風警報,暴雪警報,,暴水警報,困風警報
かつて存在したテレビ朝日の2時間ドラマ枠は何2,土曜ライド劇場,土曜ワイド劇場,土曜ガイド劇場,土曜サイド劇場,土曜ワイド劇場
次のうち、ウォッカとグレープフルーツジュースで作るカクテルはどとれ?,プレーリードッグ,ソルティドッグ,ホットドッグ,アメリカンドッグ,ソルティドッグ
真実の口、テルミニ駅、カラカラ浴場などの観光名所がある都市はどご2,ローマ,シドニー,ナイロビ,サンパウロ,ローマ
その年で初めて、海水浴場が利用できるようになる日を何という ?,海始め,海入り,海開き,海送り,海開き
投高裁剤所がある都道府県はどこ ?,広島県,北海道,忠岡県,東京都,東京都
サッカーで得点を上げたときなど、選手同士で頭上で手を合わせる行為を何という ?,チャント,ウェーブ,ハイタッチ,クリンチ,ハイタッチ
1866年に発見された、「優性」「分離」「独立」の3法則からなる遺伝の法則は何 ?,ゴハンデルの法則,メンデルの法則,モヤシテルの法則,ウドンデルの法則,メンデルの法則
"「Wボケ」という芸風で知られる、相田幸治と哲夫
からなるお笑いコ
ンビは何 ?",導い飯,怠騰,中川家,NON STYLE,導い飯
メジャーリーグの往年の名選手、べーブ・〇〇〇。〇〇〇に入る名前は回角,カップ,ディマジオ,ルースズ,ライアン,ルースズ
気象庁が全国に配置している「地域気象観測システム」の通称を何という?,ハレダス,アメダス,ユレダス,ユキダス,アメダス
事件の現場などに、面白がって集まる人のことを、ある動物に例えて何という2,野次猿,野次猪,野次犬,野 次 馬,野 次 馬
次のうち、背中がかゆい時に使う道具はどれ2?,むすめの手,まごの手,むすこの手,おやの手,まごの手
ファミコンの野球ゲームシリーズ『ファミスタ』の「スタ」とは何の略 ?,スタリオン,スタジアム,スタイル,スタート,スタジアム
女優の衣奈、裕子、律子、美奈子に共通する名字は何2,谷中,畑中,山中,田中,田中
長方形の頂点の数はいくつ?,4つ,6つ,2Zつ,8つ,4つ
生物の体を作り上げるのに必要な遺伝子の1セットを何と呼ぶ?,プロテオーム,エクソン,ゲノム,イントロン,ゲノム
次のうち、最も早く起きた歴史上の出来事はどれ ?,天保の改革,大化の改新,明治維新,建武の新政,大化の改新
カーディガンを肩にかけ、袖を前で結ぶ着こなしを、ある職業にちなんで何という ?,アナウンサー巻き,カメラマン巻き,プロデューサー人巻き,アシスタント巻き,プロデューサー人巻き
学生時代は「ギブアップ住谷」として学生プロレスに参加していた経歴を持つお笑い芸人は誰 ?,ムーディー勝山,ダンディ坂野,レイザーラモンHG,木村晶寛,レイザーラモンHG
『エロティカ・セブン』や『菜のテーマ』などのヒット曲があるバンドは何 ?,サカナクション,ケツメイシ,ウルフルズ,サザンオールスターズ,サザンオールスターズ
男子ゴルフの4大大会、全米〇CO、全英OO〇つ〇。〇〇〇に共通して入る言葉は何 ?,ロード レース,トーナメント,オープン,デスマッチ,オープン
幕末に活躍した大久保利通、西郷隆盛といえば、出身地はどこ ?,長州落,,水戸藩,土佐落,
次のうち、ごはんを茶わんにつぐ時に使う道具はどれ?,いちもじ,おおもじ,しゃもじ,こもじ,しゃもじ
次のアニメのうち、原作がライトノベルではない作品はどれ2?,涼宮ハルヒの有憂鬱,提と香辛料,稀上限のシャナ,ハイキュー!!,ハイキュー!!
略称を「ドリキャス」という、セガから発売されたゲーム機は何 ?,ドリームキャスト,メガドライブ,マスターシステム,セガサターン,ドリームキャスト
漫画『ドラゴンボール』に登場する、トランクスの父親は誰 ?,ベジータ,天津飯,クリリン,孫悟空,ベジータ
"さきゃりーばみゆゅばみゆゅのアルバム第2痢のタイトルは『なんだ〇〇のりほ衝⑨,⑥(⑥)と を。",お一くしょん,これくしょん,みっしょん,くらくしょん,これくしょん
次のうち、お風呂で体をきれいにするものはとどれ?,はっけん,せっけん,たっけん,りっけん,せっけん
後ろに荷物を積むことができる車のことを何と言う ?,ライトバン,カンイバン,サンモンバン,タイコバン,ライトバン
俗に「赤ヘル軍団」と称される、日本プロ野球の球団はどこ 2?,広島,中日,ヤクルト,,広島
ボクシングのリングにある、ニュートラルコーナー以外のコーナーの色は、何と何?,赤と黒,赤と青,紫とピンク,黄と緑,赤と青
宇宙空間から飛来し、地球や惑星の表面に落下した物質を、一般に何という ?,了石,懐石,歯石,石,了石
SFアニメの作品のタイトルで、『超時空要塞』といえばこのあと何と続く?,マクロス,エヴァンゲリオン,イデオン,ガンダム,マクロス
代表作に『舞姫』『高瀬表』」『山概大夫』がある日本の作家は誰 ?,木鳴外,樹鳴外,森鳴外,林際外,森鳴外
次のうち、ジャムのフタが開かないとき熱すると開くようになる現象を説明するのはどれ?,,沸点上昇,凝固,圧縮,
次のうち、使われるラケットが最も小さいスポーツはどれ?,卓球,バドミントン,テニス,スカッシュ,卓球
次のうち、女性ファッション雑誌にあるのはとどとれ2?,"mae     ee
mw  ーー ヤー
ae て   ae",ニャーニャー,キャンキャン,ワンワン,キャンキャン
2011年度までは浜松市のマスコットキャラクターだった、 漫画『天才バカボン』に登場する生物は何 ?,アナゴネコ,ハモウサギ,ウナギイヌ,ウツボウマ,ウナギイヌ
次のうち、薫たり、ごはんに混ぜて食べられる海草はどれ ?,かじき,ひじき,さじきさ,はじきさ,ひじき
「空紅アワー」で有名なテレビ朝日のバラエティ番組『〇〇〇倶楽部』。〇〇の〇は何 ?,タモリ,シムラ,タケシ,サンマ,タモリ
NHK連続テレビ小説 『マッサン』でヒロインを演じた女優、シャーロット・ケイト・〇のOO〇OO〇。 〇〇〇は何 ?,ファルコ,スリッピー,フォックス,ペッピー,フォックス
女性タレント・IMALUの父親にあたる、吉本興業のタレントは誰?,大竹まこと,明石家さんま,堺正章,ビートたけし,明石家さんま
次のうち、電化製品はどれ ?,ニンン,"や へ
ニンン",ヤシン,キシン,"や へ
ニンン"
ウパのpる28還=レさノジマEHRまきら反とゴリ7年が飲むことができないのはどれ?,コーヒー,ワイン,コーラフ,ミルク,ワイン
次のうち、リオデジャネイロ五輪の女子レスリングで行われた階級はどれ?,98ko級,120kg級,36kg級,48kg級,48kg級
次のうち、長さの単位にあるのはとれ 2?,マイル,タダイル,ナイル,ネイル,マイル
これ以上は食べられない満腹状態でも、甘いスイーツなら食べられるということを何という?,別中,別胸,別背,別腹,別腹
次のうち、ゆうきまさみの漫画ではない作品はどれ ?,究極超人あてる,機動警察パトレイバー,鉄腕バーディー,らんま1/2,らんま1/2
スキーの中でも、1枚の板に両足をのせて滑るスキーを何という ?,テトラスキー,ジスキー,トリスキー,モノスキー,モノスキー
大学で履修する外国語の科目で、「チャイ語」と呼ばれるのは何 ?,央語,中国語,韓国語,アラビア語,中国語
競技者を「ボールター」と呼ぶ、陸上競技の種目は何?,棒高跳び,走り高跳び,走り幅跳び,三段跳び,棒高跳び
篠丸のどかの漫画『うどんの国の金色毛均』の舞台となっている県はどご2,奈良県,貴岡県,香川県,品城県,香川県
母を探し旅をするマルコを主人公とするアニメといえば、「母をたずねて何」 ?,五千里,三千里,作十里,四千里,三千里
テレビドラマ『ガリレオ』で、 探偵のに北信とこセタアル トクは誰 ?,阿部覧,山雅治,沢村一樹,谷原章介,山雅治
"回庄計きめ       フ
    「サ>
ント  」 (の)
映画       サ          「サヽゝ
ン 」を略さずにいうと何?",サキソフォン,サンバ,サウンド,サンタクロース,サウンド
回転する物体に生じる、円の中心から遠ざかる向きに働く力は「〇〇9!⑳)たく計。,"<三= ヽ
に",慢心,車心,安心,"<三= ヽ
に"
アメリカのアニメキャラクターで、彼を捕まえようとするクルーゾー党部からうまく逃げるのは誰 ?,ピンクパンサー,ブラックパンサー,イエローパンサー,ホワイトパンサー,ピンクパンサー
「ラガーマン」といえば、どんなスポーツをする人のこと ?,レスリング,ボクシング,ラグビー,ハンドボール,ラグビー
鎌倉幕府で執権を務めた人物のうち、名前に「時」という文字が入るのは何人 ?,1113人,113人,11113人,13人,13人
数池で用いられる記号「三」のことを、日本語では何という2,等号,相似,一定,合同,等号
日本式の天気記号で、黒丸の右下に「ツ」と書く天気は何 ?,雨続く,雨強し,雨辛し,雨疲れる,雨強し
「AU」とされる、天文学で用いられる長さの単位は何2,星座単位,天文単位,地球単位,力学単位,天文単位
目玉焼きをのせたピザを、卵が好物だったドイツの元首相にちなんで何という2,ハインリッヒ,ヴィルヘルム,ビスマルク,ヨハン,ビスマルク
次のうち、映画 『スターウォーズ』シリーズに登場する、不思議な力の源となるエネルギーは何 ?,パワー,プオォオーズ,スキル,ストレングス,プオォオーズ
水泳などで着用する「ゴーグル」は体のどの部分を保護する道具 ?,肢,腕,首,目,目
"央語では
ーー   「マー
マーブル」とし
」 という
pp キン/の床によく使われる広白色の石は回角",大理石,大往石,大算石,大国石,大理石
次のうち、和柔道の試合場にしかれているものはどれ ?2,化びら,カーペット,砂利,宣,宣
「大地を震わす和太鼓の律動に」という書き出しで始まる、お笑い芸人・又吉直樹の小説は何 ?,尾花,風花,造化,火花,火花
後ろ向きにコインを投げ入れる避慣で知られるローマの観光地「〇〇〇の泉」。 〇〇〇は何 ?,ドリフ,トレビ,ドレミ,トレイ,トレビ
必須ミネラルのひとつでもある、元素記号Znで表される元素は何 ?,亜昭,亜金,亜銀,亜鉄,亜昭
石屋製菓が販売するおなじみの北海道土産「〇つ〇恋人」の〇〇は何 2,赤い,白い,黒い,青い,白い
次のうち、日本海側にある牛島はどれ 2?,房総生島,紀伊生島,能登生島,大隈生島,能登生島
読みづらい漢字の上にふられる、小さな読みがなを何という ?   「,トパズ,ルビ,ダイヤ,オバル,ルビ
金管楽器を中心にして、太鼓などを加えた吹奏楽団を何という ?,ブラスバンド,アームバンド,ゴムバンド,"へへ
アバンド",ブラスバンド
"松本大洋の漫画『ルーヴルの獲』の舞台と
MPN
つ
ている国
はどこ
こ 2?  -",フフランス,中国,エジプト,アメリカ,フフランス
WAY/e提軒三2の】三[で的漫画作品のタイトルは何 ?,作家道,まんが道,アニメ道,上京首,まんが道
『おい地獄さ行ぐんだで』の書き出しで始まる、小林多喜二の小説は回角,蛇工船,貝工船,滞工船,昭工船,滞工船
ヒトの赤血球の中にあり、酸素を運ぶ役割があるタンパク質は何 ?,トムグラビン,へモンアニン,インヒビン,へモグロビン,へモグロビン
次のうち、人の皮慮が受け取る感覚はどれ2?,聴覚,触覚,味覚,相覚,触覚
幽寺退治を専門とする会往を舞台とする、アイヴァン・ライトマン監督(のりMEIちる由記,ゴーストハンターズ,ゴーストクリーナーズ,ゴーストバスターズ,ゴーストスレイヤーズ,ゴーストバスターズ
1980年代に発売された次のゲームのうち、野球を題材にした作品はどれ?,ドカベン,ストライダー飛竜,エリア88,天地を喰らう,ドカベン
入ってくる光の量を調節するための、顕徴鏡の部品は何 ?,なぐり,かすり,ばぱくり,しぼり,しぼり
「ラッシュニスタ」や「ボリュームエクスプレス」などのマスカラを販売する化粧品メーカーはどこ?,メイベリン,デイベリン,ワイベリン,アイベリン,メイベリン
水を怖がるようになることから「恐水症」の別名がある、人畜共通の感レロロた円肝,狂犬病,狂猫病,狂牛病,狂馬病,狂犬病
"西条真二
真二の漫画
画『鉄朋のジャン!』の題材となっているものは次のうちとれ?",将棋,ビリヤード,ダーツ,麻雀,麻雀
サッカー中継などで耳にする、「体力」や「体幸の強さ」を表す言葉はとれ?,ベテラン,フィジカル,リーチ,キャプテンシー,フィジカル
漫画 IDrスランプ』に登場する、ゴム以外の物は何でも食べる天使のと2たる円4,グッちゃん,ゲッちゃん,ギッちゃん,ガッちゃん,ガッちゃん
次のうち、サッカーの控え選手を表す英単語はどれ ?                「,ラブ,サブ,タブ,カブ,サブ
甲子園球場の外壁に張り巡らされている、名物の植物は何 ?,シンュロロ,フジ,アン,ツ タダ,ツ タダ
書道をする時に用いるすみの汁のことを何と言う2,わたしじゅう,おれじゅう,さみじめゅう,ぼくじゅう,ぼくじゅう
「事件は会議室で起きてるんじゃない。 現場で起きてるんだ!」この名右詞が出てきた映画は何 ?,臨場,相棒,あぶない刑事,踊る大捜査線,踊る大捜査線
相手の態度次第で自分の態度が決まるという意味のことわざ「魚心あれのの才⑨!⑥)たくる口4,海心,水心,川心,潮心,水心
用根つきで、2約根をつく道具を何という ?    ー,はごいた,はねいた,はりいた,はぶいた,はごいた
耳に穴をあけてつけるファッションアイテムは何 ?,ビピラフ,ピカソ,ビピアス,ビタパ,ピカソ
次のうち、三角形に存在しないものは何 ?         「       「,車心,鉄心,外心,内心,鉄心
イアン・フレミングの小説を原作とする、人気スパイ映画シリーズは回角,007シリーズ,0007シリーズ,07シリーズ,7シリーズ,007シリーズ
戦争を題材としたシューティングゲームで、略称を「BF」というのは『何フィールド』 ?,ベンチ,ボール,バトル,ブラック,バトル
次のうち、光化学オキシダントなどが原因となる大気汚染の一種はどれ?,スモッグ,スラック,スパッソツ,ストップ,スモッグ
本名を畑正憲という、北海道にあるルク店E認のと pa を ミレな人物は誰 ?,シオマネキ,ヤマトシジミ,ムツゴロウ,ワミネコ,ムツゴロウ
トウモロコシを炒めて作るお菓子は「〇〇〇コーン」。O〇O〇〇は何 ?,ポップ,トップ,カップ,コップ,ポップ
城アラキとホリエリュウの漫画『ギャルソン』の主な舞台となっているのはRどんな場所 ?,レストラン,病院,"研究
所",警察,レストラン
ベトナム料理のひとつである、米で作られた下たい舌は何 ?,ブフォー,ツ ーー,スリー,ワン,ブフォー
"次のうち、玉置活ニがボーカルを務める音2
に: 4
グループはどれ3?",一方通行,優先道路,駐車禁止,安全地帯,安全地帯
人の眼の構造にある、厚みを変化させることによってピントを調節する僧巨は何 ?,瑠璃体,水晶体,真珠体,金剛価,水晶体
物理学で、「力の大きさx移動させた距離」で求められるものは何 ?,仕事,作業,労作,課題,仕事
スキーの回転競技で、コースを指示するために立てられた一対の旗を何という3?,旗門,族門,放門,旅門,旗門
2月に開催される、アメリカンフットボールリーグ・NFLのチャンピオンを決める試合を何という3?,ワールドカップ,ワールドシリーズ,スーパーボウル,ザ・ファイナル,スーパーボウル
「ボウラー」といえば、次のうち、どのスポーツのプレーヤーのこと 2?,ビリヤード,ダーツ,パターゴルフ,ボウリング,ボウリング
アメリカ第42代大統領・クリントンの妻で、自身も政治家として活躍すとの】と中 : 者4,レイチェエル,ヒラリー,バーバラ,ミンシエル,ヒラリー
"代表曲に『365日のラブストーリー。』がある、「ソナポケ」の愛称で有名な音楽ユニ
な音楽ユニットは何 ?",GReeeen,ONE OK ROCK,ソナーポケット,RADWIMPS,ソナーポケット
久保帯和人の漫画 『BLEACH』の主人公の名前は何 ?      -,黒崎一護,黒子テツヤ,坂田銀時,両津勘吉,黒崎一護
さつねうどんとは、かけうどんに何を乗せたもの ?        「,温泉卵,もち,大ぷら,油揚げ,油揚げ
元々住んでいた住民が他の土地へ移住してしまい、無人化してしまった町のことを何タウンという?,ベッドタウン,ゴーストタウン,ケープタウン,ニュータウン,ゴーストタウン
はやかわけんじの漫画!『デカニアラズ』の主人公・花田義太郎の職業は回角,医者,刑事,弁護士,消防士,刑事
海水浴の時に浜辺に立てる日よけの傘を「ビーチ〇〇〇」という。〇〇つつは何 ?,パラパラ,パライバ,パラレル,パラソル,パラソル
「波乗りジャパン」といえば、どんぁなスポーツの日本代表の愛称 ?,サーフィン,水上スキー,セーリング,カヌー,サーフィン
カリフォルニア州にある都市は次のうちどれ2,モスクワ,バンコク,シンガポボール,ロサンゼルス,ロサンゼルス
草川龍之介の小説『弘生門』の冒頭部分で、主人公の下人が行っていることは次のうちどれ?,日光浴,雨宿り,散歩,天体観測,雨宿り
憎らしいほと在然としている様子を例えた言葉「いけ〇OO〇」。 〇〇〇は何 ?,しっつくしっく,しゆゅるしゅる,しようしよょう,しゃあしゃあ,しゃあしゃあ
次のうち、和柔道の技にあるものはどれ 2?,肩車,胴上げ,握手,手招き,肩車
次のアニメ作品のうち、主人公が女のの占今/Vひ】たすず2光明4,おそ松くん,パーマン,ジャングル大仙,魔法使いサリー,魔法使いサリー
ある宝石の養殖に使われることにちなんで名付けられた、アコヤガイの別名は何 ?,真珠貝,瑠璃貝,琉垢上,攻澄由,真珠貝
テニスで、ガットをラケットに張る強さのことを何という?,ムード,アトモスフィア,テンション,フィーリング,テンション
次のうち、木で作られた日本の伝統工芸の人形はどれ?,こけし,こわし,こにし,こいし,こけし
一見関係がないように見えて実は同類であることの例え「同じ穴の〇〇(〇」 o 〇〇〇は何 ?,もぐら,いたち,うさぎ,むじな,むじな
別名を塩基性という、赤色リトマス紙やBTB溶液を青に変える水溶液の性質は何 ?,アルアリ性,カルカリ性,アルカリ性,カルアリ性,アルカリ性
野性的な戦闘スタイルが特徴的な、南米の密林で育った改造人間・山本大介が変身する仮面ライダーは何 ?,仮面ライダーナイル,仮面ライダーアマゾン,仮面ライダーコンゴ,仮面ライダーライン,仮面ライダーアマゾン
野球で、「スライダー」とは逆に、ピッチャーの利き手側に曲がる変化球を何という ?,シュート,アシスト,トラップ,ドリブル,シュート
この人物を名乗った人の寄付は入会現象になった、漫画『タイガーマスク』の主人公は誰 ?,,伊達直人,天吹丈,番場密,伊達直人
NHK連続テレビ小説の、午前の放送開始時間は午前8時ですが、午後の636lsiElとも放3回にの導,14:4S,13:45,12:4S,15:4S,12:4S
ギリシャ紳ち話のエロスにあたる、口ーマ四話の愛の紳は何 ?,ロビンフッド,ユークリッド,シンドバッド,キューピッド,キューピッド
大阪のテーマパーク「USJ」の「J」は何の頭文字 ?    」,Jarm,Junior,January,Japan,Japan
かつて存在した国「ソ連」とは、〇)の視会主義共和国連邦の略。〈〇)〇つつは ?,ソビエト,ソンガイ,ソマリア,ソロモン,ソビエト
次のうち、海にすむ貝に実際にいるのはどれ2?,リンゴ,ブドウ,バナナ,カキ,カキ
次のうち、料理の「さしすせそ」に稿まれる調味料はどれ ?,みりん,みそ,しょうが,わさび,みそ
「アロハ・ステート」という別名を持つアメリカの州はどこ?,テキサス州,ハワイ州,ニューヨーク州,カリフォルニア州,ハワイ州
「昭和」は何年まであった?,30年,64年,40年,15年,64年
浜田雅功と松本人志からなるお笑いコンビは何 ?,ネプチューン,ダウンタウン,爆突問題,くりいむしちゅ一,ダウンタウン
次のうち、ヒトの心臓はどれ ?,1心房1心至,2心房2心訟,2心房1心室,1心房2心至,2心房2心訟
「キュー」と呼ばれる長い棒で球を折く球技といえば何 ?,ビリヤード,ビリパーセク,ビリメートル,ビリプランク長,ビリヤード
次のうち、〇の部分に入るのが「の」ではないのはとれ2?,左門くん〇サモナー,斉木楠雄〇W難,黒子ひバスケ,食載つソーマ,左門くん〇サモナー
長野県の県の木にもなっている、 白い樹皮が特徴の木は何 ?,ジングウスギ,シラカバ,フェニックス,ウバメガン,シラカバ
0にセリン2間jpた』度0p】ぶつの森』の舞台となっているのはタカのうちどれ?,ジャングル,マンション,商店街,無人島,無人島
「プロジェクトX 挑戦者たち』のテーマソングとして有名な、中島みゆさのヒット曲は何 ?,地上の宇宙,地上の太陽,地上の月,地上の星,地上の星
オットマー・グッドマンが生み出した「ピングー」といえば、どんな動物のキャラクター ?,ペンギン,ペリカン,キツツキ,フラミンゴ,ペンギン
Jリーグのクラブで「浦和」 といえば後に続く愛称は何2,ベべベガルタ,レッズ,サンガ,アビスパ,レッズ
条昌子、桜田浮子とともに「花の中三トリオ」と呼ばれた女性歌手は上:壮4,山口百恵,山口千恵,山口一恵,山口十恵,山口百恵
「ワイヤレスフィデリティー」を略して名付けられた、無線LANの規格のひとつは何 ?,Y-Fal,WLFI,Wari-Fai,Y-FI,WLFI
アイスホッケーの選手が、試合中に頭にかぶっているものは何 ?,学生帆,ヘルメット,ベレー帽,ナースキャップ,ヘルメット
一次元の「長さ」、二次元の「面積」に相当する、三次元における量は何 ?,堆積,体積,革積,集積,体積
ムッシュ吉崎をリーダーとする、代表曲に『大都会』や『愛をとりもどせ!』 があるロックバンドは何 ?,クリスタルナイト,クリスタルキング,クリスタルプリンス,クリスタルクイーン,クリスタルキング
の224の月中54のjp有あっ介半伝導革ぶ4が高いほうが良いものはどれ?,打率,併殺打数,失策数,防御率,打率
映画『パルプ・フィクション』や『キル・ビル』などを手がけた映画監督は誰 ?,ヴィスコンティ,ダランティーノ,ウォシャウスキー,ウェルマン,ダランティーノ
漫画 !ONE PIECE』に登場するウソップは「何の王様」と呼ばれている ?,脱獄,狙撃,居合,外罪,狙撃
石灰を主成分とする、土木建築用の無機質接合剤を何という ?,セメント,コメント,タレント,イベント,セメント
河合克敏の漫画『うどんちゃん』にを場する「うどんちゃん」の身体は何てでさている ?,大豆,小麦粉,米,そば粉,小麦粉
アニメ『「サザエさん』を放送しているテレビ局は次のうちどれ?,テレビ朝日,フジテレビ,日本テレビ,TBS,フジテレビ
毛根の活動を活発にさせるなどの頭皮のケアのことを何という ?,オーラルケア,メンタルケア,ネイルケア,スカルプケア,スカルプケア
ドラマ 『 年沢直樹』などに出演した、「ラブリン」の愛称で呼ばれる歌舞伎役者は誰 ?,松本幸四郎,尾上松緑,片岡愛之助,中村卿章,片岡愛之助
野球で、守備練習のために野手にボールを打つことを何という?,ロック,ホック,コック,ノック,ノック
格闘ゲームシリーズ『デッド オアアライブ』のアルファベット3文字の略称は何 ?,COA,BOA,DOA,AOA,DOA
次のうち、ナトリウムイオンの表記として正しいものはとどれ?,+Na,+Na+,Na+,N+a,Na+
池や田んぼでよく見かけるカエルの幼生のことを、一般的に何という ?,れんげじゃくし,さじじゃくし,おたまじゃくし,はしじゃくし,おたまじゃくし
_ 国の名前、赤道〇つ〇O、 〇〇〇ビサウ、パプアニュー〇の〇〇の〇〇〇に共通して入る言葉は何 ?,ランド,インド,アイス,ギニア,ギニア
次の柔道の技の中で、抑え込み技ににを導6丈1ゆ】たとず2光8?,横四方固,大腰,痛負投,大外刈,横四方固
日本でサトウキビを栽培している都道府県は次のうちどこ?,岐阜県と長野県,徳島県と香川県,"北海
海道と青森
朋灯県",沖縄県と鹿児島県,沖縄県と鹿児島県
ふつう 、「焼き島」といったときに焼かれている動物は何 ?,アホウドリ,ニワトリ,コウノトリ,コマドリ,ニワトリ
「ビーフステーキ」で、ステーキにされるのは何の肉 ?,ニワトリ,半,牛,ブタ,牛
次のうち、空気中で物が燃えるときに必要な物質はどれ 2?,アルゴン,窒素,二酸化炭素,酸素,酸素
ピクサーのアニメ映画『カーズ』は、何が擬人化したキャラクターが主人公の作品 ?,鉄道,飛行機,船,自動車,自動車
次のうち、ウイスキーの種類にあるのはどれ2?,スイッチ,ステッナチナチ,スコッチ,スオッチ,スコッチ
フィギュアスケートで活躍したキム・ヨナといえば、どこの国の選手?,オランダ,モンゴル,インドネシア,韓国,韓国
13週を1とする、テレビ番組の放送期間の単位は何 2       「,ウール,カール,クール,ポール,クール
江戸幕府の初代将軍は誰 ?,徳川家康,起田信玄,織田信長,豊下秀吉,徳川家康
本名が南出繁と高田昭徳の二人からなる、吉本興業所属のお笑いコンビは何 ?,オール阪御・巨人,オール中日・ヤクルト,オール広島・横浜,オール楽天・西武,オール阪御・巨人
モアイ像で有名な、チリに属する島は何 ?       「,イースター鳥,サウサー但,ウエスター島,ノーサー島,イースター鳥
野球の投手のアンダースローを表す日本語は次のうちどれ?,下手投げ,小手投げ,横手投げ,上手投げ,下手投げ
在安時代の文学作品『竹取物語』で、かぐや姫はどこに帰ってしまう?,地球,火星,金星,月,月
テレビ番組『情熱大陸』のメインテーマの作曲を手掛けた葉加瀬太郎は、何の演奏家 ?,トランペット,バイオリン,ピアノ,クラリネット,バイオリン
「TNo.5」や「No.19」などの香水で知られるファッションブランドは回角,プラダ,アルマーニ,グッチ,シャネル,シャネル
古代中国で同盟を結ぶ際に行われた習慣に由来する、団体の支配者になることを指す言葉は何 ?,和牛耳を執る,犬省を執る,豚鼻を執る,猫古を吾る,和牛耳を執る
次のうち、スポーツにおいて、「相手の選手との距離」という意味がある言葉はどれ ?,わあい,はあい,たあい,まあい,まあい
マゼランやフンボルトなどの種類がある、水族館などでも人気の島は回角,フラミンゴ,カモメ,ハクチョワウ,ペンギン,ペンギン
マグロの赤身を酢飯と海苔で巻いた巻き寿司を何という ?,銅火巻,金火巻,鉄火巻,銀火巻,鉄火巻
ゲーム !『ワールドサッカー ウイニングイレブン 2014』の副題『CX)侍の挑戦』の〇〇は何 ?,和弥き,黒き,含さ,日き,含さ
石炭や重油を燃焼させることでタービンを回し、電気を作ることを何という2,魔力発電,水力発電,火力発電,電力発電,火力発電
「ウナギイヌ 」というキャラクターが登場する、赤塚不二夫の漫画は回角,天才バカボン,鉄腕アトム,銀河鉄道999,ドラえもん,天才バカボン
"登山家の中でも、高度な技術で高難見度の登
登山に
に挑む人のことを特
に何という2",アンディニスト,ロッキニスト,ヒマリニスト,アルピニスト,アルピニスト
「持株会往」を意味する言葉「〈)〇カンパニー」。O〇〇〇は何 ?,ホールディング,テイキング,ハビング,キャッチング,ホールディング
スポーツなどで、失敗した人を励ますためにもちいる言葉はどれ2?,ドンマイ,シンマイ,ゼンマイ,センマイ,ドンマイ
次のファミコンゲームのうち、野球ゲームはとどれ?,ベースボールスター,脱獄,1943,マインドシーカー,ベースボールスター
声優の豊崎、タレントのほしのに共通する名前は何 ?,あさ,はる,で ゆ,なつ,あさ
女子の日本代表チームを、「なでしこジャパン」と呼ぶスポーツは何 ?,野球,新体操,サッカー,カーリング,サッカー
NHKで、生日夜9時から放送されているニュース番組は何 2,ニュースキャッチ9,ニュースグッチ9,ニュースタッチ9,ニュースウオッチ9,ニュースウオッチ9
プロ野球で、病気や怪我を乗り越え再び活躍した選手に贈られる賞は回角,カムバック賞,リバイバル賞,レトロ賞,ロートル賞,カムバック賞
次のうち、ウナギの養殖で有名な静岡県の湖はどれ ?,京名湖,阪名湖,葉名湖,浜名湖,浜名湖
次のうち、「同等、同じ」という意味があるゴルフ用語はどれ ?,フェアワウェイ,パー,パター,バンカー,パー
怒りや不満を、無関係の人に向けて発散することを「何当たり」という?,六つ当たり,八つ当たり,七つ当たり,五つ当たり,八つ当たり
人間にある胃の数はいくつ?,2Zつ,4つ,3つ,1つ,1つ
元笑相の竹下登を宜父に持つ、ロックバンド「BREAKERZ」のボーカルに上:壮4,MAIGO,DAIGO,KENGO,SHINGO,DAIGO
食べものや飲みもので「糖分ひかえめ」と言えば、何の量が少ないこと?,さとう,しお,あぶら,こしょう,さとう
山ちゃんとしずちゃんの2人からなる吉本のお笑いコンビ、南海〇〇〇つ。〇〇の〇は何 ?,キャンディーズ,キャプテン,ピンクレディー,ピーナッツ,キャンディーズ
"生物が、世代
、世代を経る中で、環境に合わせて体を変化させていくことを何という2",深化,老化,劣化,進化,進化
モデルからデザイナーに転身した政美を主人公とする漫画 『デザイナー』の作者は誰 ?,一条ゆかり,三条ゆかり,四条ゆかり,二条ゆかり,一条ゆかり
次のうち、かつて「陸奥国」と呼ばれていた地方はどれ2,東北地方,関東地方,九州地方,東海地方,東北地方
ラジオの司会者を意味する「DJ」とは、「ディスク〇のO〇O〇」 。 のOO〇OOは ?,ジョッキー,ジョーカー,ジャージー,ジャーキー,ジョッキー
"かか              ーーョ
かとの部分が高くなった靴のことを何という2    ー",ハイヒール,ハイカット,ハイボール,ハイテンション,ハイヒール
人気バンド「MAN WITH A MISSION」のメンバー。 身体は人間ですが、頭はどんなお動物という設定 ?,ヒツジ,オオカミ,ブタ,ワシ,オオカミ
沖縄県に生息する飛べない鳥「てCO)〇っクイナ」。〇〇〇は何 ?,ハルバル,ヤンバル,ガンバル,ヨクバル,ヤンバル
カエルやイモリは何類の生き物 ?,路乳類,,,両生類,両生類
010』Eにゴゴ:もmfc多ゆけ/eウルキルレ:さと作して山田家の住人の血を吸うゲームは何 ?,紀,虹,蜂,到,到
中央アジアを通る「シルクロード」は、どんな物品を運んだことにちなんで名付けられた ?,毛糸,費,絹,麻,絹
野球で、走者をさらに先の塁に行かせるための打撃のことを何という ?2,進撃打,進軍打,進較打,進学打,進較打
ティーン・ケーメンが発明した、体重移動によって運転する電動立ち乗り二輪車は何?,マルウェイ,タブウェイ,セグウェイ,リムウェイ,セグウェイ
次のうち、ゲーム 『マリオゴルフワールドツアー』に登場しないキャラクターはとれ?,カービィ,ドンキーコング,ピーチ,ワリオ,カービィ
俗に、出場機会のない野球選手が「温める」といわれるものは何 ?,スパイク,ベンチ,グローブ,バット,ベンチ
漫画『ドラゴンボール』に登場するマジュニア。彼のお父さんは何大魔土 ?,オカリナ大魔王,ピッコロ大魔王,チャルメラ大魔王,フルート大魔王,ピッコロ大魔王
SAと略される、高速道路にある給油・食事・手洗いなどの設備を整えた休憩所は何 ?,サービスエリア,インターチェンジ,パーキングエリア,ジャンクション,サービスエリア
女性漫才コンビ、いくよ・くるよと具ときたとうにゴちく円7,"どっ
ープ",東,中,春,"どっ
ープ"
次のうち、バット、グローブ、ボー月るEpXのの】ちす2光時7,卓球,テニス,野球,サッカー,野球
藤沢とおるの漫画『湘南純愛組 ! 』で、主な舞台となっているのは何県 ?,奈川県,千葉県,静岡県,埼玉県,奈川県
次のうち、元々は、映画業界で「快晴」を指した言葉はどれ ?,ビピーカン,タータン,ビピータン,ワータン,ビピーカン
リトマス試験紙で羊別する性質で、「アルカリ性」の反対は何 ?,性,酸性,陽性,母性,酸性
紳木隆之介が主演した映画『桐島、〇つつ〇つ〇やめるってよ』。〇〇〇に入とを:ちゃ 閉4,クイズ,バイト,部活,受験,部活
料理番組『キユーピー3分クッキング』のテーマソングとして知られる、イエッセルの曲は何 ?,おもちゃの兵際のソナタ,おもちゃの兵際のタンゴ,おもちゃの兵隊のマーチ,おもちゃの兵際のワルツ,おもちゃの兵隊のマーチ
映画 『グラン・ブルー』や『レオン』 に主演した、フランスの俳優は上:壮4,ジャン・コクトー,ジャン・レノ,ジャン・ギャバン,ジャン・バルジャン,ジャン・レノ
しアルリリ【ひ5ミトさ<の【ク) トクアミにさとタん全て等しい四角形はどれ ?,長方形,正方形,座行四辺形,ひし形,正方形
オーストラリアにある、観光地としたうめも:の】ニレマン=定の!⑨(@】m 5ク」。〇の〇〇は何 ?,ドアーズ,レアーズ,エアーズ,ツアーズ,エアーズ
『クレヨンしんちゃん』の劇場版『爆発 ! 温泉わくわく大決戦』のエンディング曲は何 ?,いい湯だな,ひまわりの家,こんな時こそ焼肉がある,元気でいてね,いい湯だな
野球やゴルフなどで、動作の瞬間にはたらかせる手首の力のことを何という ?,スナッチナチ,スナック,スナッグ,スナップ,スナップ
アニメ 『シティーハンター』の主人公、湖秘猿の声を演じた声優は誰 ?,千葉繁,利谷明,二又一成,古川登志夫,利谷明
ヨーグルトの名前にもなっている、イランやカザフスタンに囲まれた世錯最大の湖は何 ?,紅海,カスピ海,地中海,妹海,カスピ海
「明治」と「昭和」の間にあった、日本の元号は何2 。,大将,大勝,大,大正,大正
本田圭佑、長友佑都、香川真司といえば何の選手?   ー,水泳,野球,サッカー,マフソン,サッカー
ロシア語で「水」という意味がある、アルコール度数の高い蒸留酒は回角,ウォーム,ウォッチ,ウォーク,ワウオッカ,ワウオッカ
次のうち、オットセイに似た動物はとれ?,アシバ,アンユ,アシピ,アシカ,アシカ
沖縄や奄美大島では、ハブを退治するために持ち込まれた、別名を「ネコイタチ」という動物は何 ?,レッサーパンダ,ミーアキャット,マングース,アライグマ,マングース
結婚披露宴で、新郎新婦が宴の途中で衣装を変えることを何という?,お色直し,お香直し,お花直し,お楽直し,お色直し
次のうち、「酸性雨」による直接の被天はどれ ?   -,南極の氷が溶ける,オゾン層が破壊される,魚が増えてしまう,条林が枯れてしまう,条林が枯れてしまう
お酒をやめることができない人を指す言葉「〇〇〇中毒」。 〇〇〇は回角,アルコール,アンコール,マンホール,ダンボール,アルコール
短時間に狭い地域で降る大量の雨のことを、奇襲に例えて何という ?,アタック杏雨,レンジャー愛雨,ゲリラ豪雨,サプライズ裏十,ゲリラ豪雨
のどぼとけのことを、西洋では「アダムの何」という?,ブドウ,トマト,メロン,リンゴ,リンゴ
横山裕二の漫画『十勝ひとりぼっち暑園』」の舞台となっている都道府県はとご2,沖縄県,北海道,石川県,和歌山県,北海道
フジテレビの番組『全力 ! 脱カタイズ』でMCを務めているお笑い芸人は上:壮4,有田哲在,太田光,田村淳,後藤輝基,有田哲在
命日を「ゲゲゲ忌」という漫画家は誰?,水木しげる,石ノ森章太郎,手塚治虫,藤子・F・不二雄,水木しげる
次の調味料のうち、普通、辛いものはどれ ?,シナモン,タバスコ,酢,砂糖,タバスコ
auの「三太郎」のCMで、桃太郎を演ている俳優は誰 ?,桐谷健太,松田翔太,賞田将晶,演田岳,松田翔太
地球の体積の8割近くを占める、地穀と核の間にある層の名前は何 ?,マンジュワウ,マンボウ,マンモス,マントル,マントル
漫画 リドラえもん』で、ジャイアンの妹のジャイ了が目指している職業は何 ?,声優,漫画家,ファッションモデル,総理大臣,漫画家
おなじみの早口言葉「生麦、生米、〇つつ」。〇の〇つ〇に入る食べ物は回角,生ハム,生肉,生卵,生野楽,生卵
ゲームメーカーの任天堂が本視を構2る関西の市は何市 ?,大阪市,利戸市,京都市,奈良市,京都市
家庭的な様子のことを「〇〇〇ホーム」。〇〇〇は何 ?,バット,ホット,カット,アット,アット
おバカユニット 『!Pabo」のメンバー[なったことがないのは誰?,木下優樹楽,スザンヌ,里田まい,若槻千夏,若槻千夏
カタカナ語の中でも「和製英語」といえば、どこの国で生まれた言葉 ?,オーストラリア,アメリカ,日本,イギリス,日本
元禄文化といえば、何時代に栄えた文化 2,鍵昼時代,江戸時代,明治時代,奈良時代,江戸時代
次のうち、いわゆる「探点競技」はとれ?,ゲートボール,スピードスケート,野球,体操,体操
スパゲッティやマカロニといえは、0ひ】EHTの75:革/,ブラジル,イタリア,オーストラリア,モンゴル,イタリア
ドラマ「『邊沢直樹』で、主人公・牛け直樹を演じた俳優は誰 ?,佐々木蔵之介,長谷川博己,堺雅人,西島秀俊,堺雅人
合気道が生まれた国はどこ 2?,日本,タイ,ベトナム,韓国,日本
最初に並べた数字に続くように順番にカードを出していくトランプゲームは何 ?,三並べ,巧並べ,九並べ,五並べ,巧並べ
水面に弱い風が吹いてできる細かい波を何という ?,引き波,さざ波,三角波,砕波,さざ波
冬李五輸で行われるスキージャンプの2種目とは、ノーマルヒルと何 ?,ラージヒル,フライングヒル,ミドルヒル,ショートヒル,ラージヒル
7人組ダンス&ボーカルユニット、三代目Jつ〇つ〇Brothers。〇〇〇に入とを:ちゃ 閉4,JaZZ,R&B,Pop,Soul,Soul
次のうち、野球で、投手が狙ったところにボールを投げる能力はどれ ?,包容力,消臭力,制球力,紳通力,制球力
パソコ ン で、 レアル あこ0/ とルダのサイズを小さくする操作を何という2,濃縮,分割,分散,圧縮,圧縮
次のうち、コンピューターに文字を入力するための機器はどれ?2,ギター,ドラム,キーボード,ベースズ,キーボード
ゲーム 『スーパーマリオブラザーズ』で、マリオは花を取るとどんなことができる?,火の玉を出す,しゃがむ,ハンマーを出す,空を飛ぶ,火の玉を出す
アメリカの国旗に使われている色は、赤、青と何色 ?,緑,黄,紫,日,日
ラテン語で「大きさ」という意味がある、地圭のエネルギーの大きさを表わす指数は何 ?,マグニチュード,マグノックス,マグネシウム,マグネトグラフ,マグニチュード
IF:aしにゴfhきリムY 還にド-ゴRCのにヘレナ島に追放された、フランスの車人は誰 ?,ハンニバル,シーザー,アレキサンダー,ナポレオン,ナポレオン
プロ野球・中日の応援歌の名称は次のうちどれ2?       「,消えよドラゴンズ !,強えよドラゴンズ !,集えよドラゴンズ !,燃えよドラゴンズ !,燃えよドラゴンズ !
EPSときりた3のた6区=|名なワタナベエンターテインメント所属の人物は誰 ?,柳原可奈子,近有藤春楽,やしろ優,大島美幸,やしろ優
アイスホッケーで使われる、円柱型のゴムを何という 2?     「,パック,ピック,ペック,ポック,パック
武田信玄が陣中食にしたという「ほうとう」は、何県の郷土料理 ?,忠岡県,静岡県,山口県,山礎県,山礎県
集団内で特に優れている3人のことを、ある鳥を使って何という ?,三牧スズメ,三物カモメ,三物ツバメ,三狗ガラス,三狗ガラス
靴を履く際などに足に直に履く衣類を何という ?   「,時,時上,靴左,寺石,時
トルコ料理の「シシケバブ」や北海道の「ジンギスカン」で使われるの回の】内用4,イノンシンン,ヒツジ,ウマ,イヌ,ヒツジ
苦い粉薬を包んで飲みやすくする、薄いデンプン肛を何という ?,オブラート,オブライエン,オプチミスト,オブリガート,オブラート
モース硬度でもっとも硬い「硬度10」の標準物質とされる物質は何 ?2,オパール,ダイヤモンド,トパーズ,コランダム,ダイヤモンド
お笑い番組 『〇〇〇のガキの使いやぁへヘへんで! 。〇〇つO〇は何 ?,ナインティナイン,爆笑問題,ダウンタウン,ココリコ,ダウンタウン
次の陸上競技の種目ひかうち、1人ではでさないのはとれ2?,砲丸投げ,三段跳び,800m,4x400mリレー,4x400mリレー
次のうち、「エクスクラメーションマーク」はどれ ?,90,&,,半,
次のうち、1月7日に、刻んでお敵に入れて食べる風特があるのはどれ?,春の七草,秋の七草,夏の七草,冬の七草,春の七草
子宮内で赤ちゃんを取り囲んで保護する液体を何という 2?,牛水,獲水,馬水,羊水,羊水
「申眼鏡」は、次のうち、主にどんなときに使う道具 ?,穫明なものを見るとき,小さいものを見るとき,明るいものを見るとき,遠くのものを見るとき,小さいものを見るとき
医師や化学者が着る上着を、それがどんな色であろうと一般的に何という?,緑衣,青衣,白衣,黒衣,白衣
次のうち、ヨーロッパの国はどれ ?,ソイツ,コイソツ,ドイツ,アイツ,ドイツ
お笑いコンビのロッチかが声を演じる、「dポイント」のCMに登場するキャラクターは何 ?,ポオウム,ポインコ,ポブンチョウ,ポニワトリ,ポインコ
培宮之と土屋伸之の2人からなるお笑いコンビは何 ?,クイーン,ポンス,キングス,ナイツ,ナイツ
アニメ『ドラえもん』で、ジャイアンの声を演じている声優は誰 ?,木村史,関智一,松本保典,高木小,木村史
次のうち、ギャグ漫画に分類されるのはどれ2?,野球狂の詩,天才バカボン,デビルマン,うしろの百太郎,天才バカボン
陸上の400mハードルで、跳び越すハドルは全部で何台 ?,26台,34台,10台,19台,10台
父を探すためにハンターになった、漫画 『HUNTERxHUNTER』 の主のた本 記一アスリピニンルレ9/,ガン,ゴン,ビン,ジン,ゴン
陸上競技で、オリンピックでは50km20kmで行われる種目は何 ?,マフソン,説歩,障害走,トライアスロン,説歩
「ウィッグ」や「かつら」といえば、普通体のどこに取り付けて使うの放,膝,局,つま先,頭,頭
レストランやナイトクラブなどが集中する繁華街である、東京都港区中部の町は何 ?,八本木,二本木,導本木,五本木,導本木
ピポザルというキャラクターが登場する、ソニー・コンピュータエンタテインメントのゲームは何 ?,4|,パラッパラッパー,どこでもいっしょ,サルゲッチュ,サルゲッチュ
大相撲の本場所において、初日、中日、千秋楽はいずれも何果日にあたる ?,月曜日,日曜日,土曜日,金曜日,日曜日
宛・リチャード、妹・カレンからなる、アメリカの兄妹デュオは何 ?,カーペンターズ,レ・フレール,ビリーバンバン,企川地一丁目,カーペンターズ
次のうち、漫画 『ドラえもん』に登したひみつ道具ではないのはどれ2?,スモールライト,どこでもドア,航時機,アンキパン,航時機
加箇利や大森などが有名な、縄文人が捨てたゴミが積もった遺跡を何という ?,貝塚,旬塚,,を,貝塚
「BLTサンド」の、「B」はベーコン、「L」はレタスのことですが、「T」は何のこと?,タマゴ,トースト,タマネギ,トマト,トマト
洗川が流れ込む湾はどこ?,伊勢湾,鹿児島湾,大阪湾,東京湾,大阪湾
かつてF1グランプリも開催されたサーキット「富士スピードウェイ」があるのはどこの都人道府県 ?,広島県,静岡県,徳島県,栃木県,静岡県
「ノブコブ」と略されるお笑いコンビ「〇〇ノブシコブシ」。〇〇に入とを:ちゃ 閉4,在成,大正,明治,昭和,在成
ビートたけしのギャグでのおなじみの、ルーマニアの元体操選手は誰 ?,チャスラフスカ,ジョイナー,イナ・バウアー,コマネチ,コマネチ
次のうちドイツにない都市はどれ?,シンガポール,フランクフルト,ミュンヘハン,ベルリン,シンガポール
喧嘩をした者は双方とも処罰するという意味の言葉「喧嘩両つ〇」。〇に入る言葉は何?,成敗,処分,手打,仕置,成敗
テレビ朝日 『やべっちFC』は、どんメスポーツに関する情報番組 ?,テニス,ゴルフ,野球,サッカー,サッカー
有名人に四字熟語のあだ名をつける技でも注目を浴びたモデル・タレントは誰 ?,藤田ニコル,トリンドル玲奈,滝沢カレン,ダレノガレ明美,滝沢カレン
パソコンのキーボードで、「F1」や「F2」と書かれたキーを総称して何という2,フェイバリットキー,フルキー,"ファンク>
ションキー",ファンダメンタルキー,"ファンク>
ションキー"
「エッグベネディクト」や「ポーチドエッグ」に欠かせない食材は次のうちとれ?,海苔,海老,豆腐,卵,卵
こじるり、という愛称でおなじみのホリプロ所属の女優は誰 ?,小嶋陽打,小嶋達也,児島明子,小島瑠璃子,小島瑠璃子
台湾で、『蜂蜜幸運草ヨというタイトルで実写ドラマ化された漫画は回角,ハチミツとクローバー,化より男子,のだめカンタービレ,NANA,ハチミツとクローバー
久米島、西表島、波照間島などの島がある都道府県はどこ ?,静岡県,沖縄県,東京都,和歌山県,沖縄県
二階営ヒカルの漫画『へブンズランナーアキラ』の主人公の名前は何 ?,綿叶陣,武将影アキラ,大八木将司,品崎隼人,武将影アキラ
"野球のポジションの「レフト」を、日本語 R
語では何という 2?      「",右細手,左介手,中堅手,遊撃手,左介手
次のうち、「すれちがい通信」という機能が搭載されているゲーム機はとれ?,ゲームボーイアドバンス,WiiU,ゲームキューブ,ニンテンドー3DS,ニンテンドー3DS
テニスの試合で、男女のペア同士で邊うダブルスの試合のことを何という <?,インダブルス,ウィズダブルス,"ノ
/",ミックスダブルス,ミックスダブルス
目動車や家電製品メーカーが、不恨品を無料で回収・修理することを何という2,バコール,ワコール,オコール,リコール,リコール
「マモ」という愛称で呼ばれる、人気の男性声優は誰2,小野大輔,宮野真守,争木達央,利谷浩史,宮野真守
一般的なサッカーボールの表面を橋成する2種類の図形は、正五角形と回角,正三角形,正七角形,正導角形,正四角形,正導角形
テニスの試合で、ミックスダブルスといえば、コートに立つ女性選手は何人 ?,2人,0人,3人,1人,2人
俳優兄弟の佑と時生の名字は何 ?,城田,柄本,佐藤,大谷,柄本
ツツジ科の沙葉低木で、藍色の実がジャムやジュースに加工されるのは回角,イエローベリー,グリーンベリー,ブルーベリー,レッドベリー,ブルーベリー
わんこそば、じゃじゃ麺といえば、何県の名物料理 ?,鳥取県,石川県,岩手県,茨城県,岩手県
日本で最も面積の大きい湖は?,サロマ湖,中禅寺湖,琵琶湖,霞ヶ清,琵琶湖
次のうち、『週刊少年ジャンプ』」と同じ出版和計が発売している漫画雑誌はとどれ?,ウルトラジャンプ,ヤングアニマル,ビッグコミック,アフタメヌーン,ウルトラジャンプ
ジェットエンジンを推進装置とする航空機は何 ?  「,プロト機,プロペラ機,ガソリン機,ジェット機,ジェット機
次のうち、ある空間に存在できる水蒸気の質量を表した言葉はどれ2,朗商水蒸気量,人差水蒸気量,郎積水蒸気量,分和水蒸気量,分和水蒸気量
「つけ麺」の「麺」は、普通、どんな種類の麺?,フーメン,そば,ビーフン,スパゲッティ,フーメン
蛇に例えて「うわばみ」といわれるのはどんな人 ?   -,お金持ち,うそつき,大酒飲み,太った人,大酒飲み
大自然の映像を紹介するNHKのテレビ番組『〇OO〇〇が来た!』。 つの〇の〇のは何 ?,ガリレオ,ダーウィン,エジソン,ニュートン,ダーウィン
次のうち、甲殻類の生き物はどれ ?,ヤドカリ,ヤモリ,コウモリ,イモリ,ヤドカリ
人間の指で、小指の隣にあるのは何指 ?       ー              「,中指,親指,薬指,人差し指,薬指
火事現場などで、人が手渡しで順々に水を運ぶリレーを何という ?2,ホケツリレー,カケツリレー,バケツリレー,ヒケツリレー,バケツリレー
和牛や填の肝臓の肉のことを英語で何という ?     「         「,レバー,リ バー,ラバー,カバー,レバー
次のうち、1チームの人数が最も少ないスポーツはどれ2?,アメリカンフットボール,バスケットボール,ラグビー,サッカー,バスケットボール
「ジェイロー」という愛称でも呼ばれる、アメリカの歌手・女優は誰 ?,ジェニファー・ロロペス,マライア・キャリー,ブリトニー・スピアーズ,ミランダ・カー,ジェニファー・ロロペス
アメリカの武力征服に対する抵抗で知られたジェロニモといえば、何とロビコミゴルさゆ】三Eこ守4,イノッチ族,スイッチ族,クラッチ族,アパッチ族,アパッチ族
チューリップやヒヤシンスにある、養分を蓄えて肥大化した地下部を何という2,球根,円雛根,円柱根,トーラス根,球根
NHK BSプレミアムで放送された、架空の虫を主人公としたアニメ !C)〇かじり虫』。 のの〇は何 ?,あたま,おなか,うで,おしり,おしり
2016年公開の劇場版『名探偵コナン』のタイトルは何 ?,新・のび太の日本誕生,ガンバと仲間たち,イタリアから来た少年,純黒の悪夢,純黒の悪夢
レモニンルアーニニトク 時おいとすと 8んな魚を使った料理 ?,マス,サケ,サバ,タラ,サケ
次のうち、加山雄三のヒット曲はどれ 2?,舌人よ,偉人よ,旅人よ,法人よ,旅人よ
青森で夏に行われる祭りは「〇〇O〇まつり」。〇〇〇は ?,ねとり,ねぶた,ねうし,ねうま,ねぶた
「おたふくかぜ」といえば、次のうち、どこが腫れる症状で知られる病気 ?,耳のト,足の裏,お腹の周り,頭の上,耳のト
原爆の投下を庶民生活の日常的語点からとらえた、井伏能二の長編小説は何 ?,黒い雨,黄色い雨,青い雨,日い十,黒い雨
ラグビーで、「PG」と表記されるプレーは何 ?,パートゴール,ポータブルゴール,プロテクトゴール,ペナルティゴール,ペナルティゴール
メジャーリーグで「サイ・ヤング賞」を受賞できるポジションはどご2,捕手,内野手,投手,外野手,投手
次のゴルフクラブのうち、普通、最も飛距離が出るものはどれ ?,5番ウッド,1番ウッド,3番アイアン,パター,1番ウッド
サッカーで、俗に「信る」といえば、次のうちどんなプレー ?,激しいチャージ,汁をたくさんかく,水分を補給する,口汚いヤジ,激しいチャージ
国家公務員控用!種試験に合格し、中央省庁の幹部候補として控用された公務員を俗に何という?,セレブリティ,エキスパート,ブルジョア,キャリア,キャリア
映画を、一般公開の前に、特定の観客に見せる催しを何という ?,大納会,歓迎会,"Aぬ4 すそへ、
子款玄",試写会,試写会
シミュレーションゲーム『大航海時代』。 舞台となっているのは何世紀の世界 ?,21世紀,11世紀,16世紀,3世紀,16世紀
「後ろ髪を引かれる」といえば、次のうちどんな状態を指す言葉 ?,髪がとても伸びている,心残りがある,早く出て行きたい,強く引き留められる,心残りがある
妖退治の一族に生まれた亜村良守を主人公とする田辺イエロウの漫画は回角,結界師,うえさの法則,お茶にごす。,はじめてのあく,結界師
片方に分鍋を、もう片方に重さを計りたいものを乗せて使う理科の実駿娠具は何?,ビュレット,コニカルビーカー,上中てんびん,ピペット,上中てんびん
チョコレートの原料となる植物は円時,カカオ,カカン,カカリ,カカト,カカオ
にしうら染の漫画『前略、パリは甘くて苦いです。』の舞台となっている国はどこ ?,フフランス,イギリス,イタリア,ドイツ,フフランス
和音の中でも、短3度の音からなるコードを、「メジャーコード」 に対して何という ?,アンダーコード,バックコード,マイナーコード,インナーコード,マイナーコード
|っPA 7まく東ヨーロッパの国はとどこ?,ブルガリア,ウクライナ,マケドニア,モンテネグロ,ウクライナ
料理の盛り付けなどに用いられる、通常より少し長い箸を何という 2?,楽閉,魚箸,豆者,肉著,楽閉
野球で、打球を打った選手が最初に目指す塁はどこ ?2,1塁,本塁,3塁,2塁,1塁
テレビなどに使用されていた陰極線管を発明した、ドイツの物理学者は上:壮4,ブラック,ブラウン,ホワイト,グレイ,ブラウン
次のうち、手塚治虫の漫画はどれ ?,ホワイト・ジャック,オレンジ・ジャック,ブラック・ジャック,パープル・ジャック,ブラック・ジャック
物質が液体の状態を経ずに、固体と気体の間で状態を変化させることを何という3?,しょくじ,そしゃく,さゆうしゅう,しょうか,しょうか
アニメ『妖怪ウォッチ』のオープニングに使われた曲は『何のうた』 2?,ゲラゲラポーのうた,キラキラポーのうた,ワラワラポボーのうた,パラパラボーのうた,ゲラゲラポーのうた
「マリンスポーツ」の「マリン」とにどんな場所のこと ?2,海,街,山,家,海
玉置活二がボーカルを務めるロックバンドはどれ?,山岳地帯,安全地帯,航空地帯,危険地帯,安全地帯
もとはアメリカで考案された、蒸し曇さを表すための指標は何 ?,不満指数,不幸指数,不安指数,不快指数,不快指数
美術作品を「今日の一枚」と題して紹介する、テレビ東京の美術番組は回角,新美の巨人たち,"新音の
巨人
こち","新愛の
巨人たち",新聞の巨人たち,新美の巨人たち
Ep】タルコたすず/WrGI癌に|にaoプリさせるメイク道具は何 ?,ピーラー,シューター,ビューラー,ディーラー,ビューラー
競走馬・キタサンブラックのオーナーである演歌歌手は誰 ?,五木ひろし,北島三郎,細川たかし,森進一,北島三郎
ccゴゴ生きytム39りにた6とこの国の車人 ?,アメリカ,フフンス,ロンア,イギリス,アメリカ
フィギュア化もされた、漫画!よつばと!』に登場するダンボール製のロボットは何 ?,クリボー,ランボー,ダンボー,ブラボー,ダンボー
次のうち、和花粉などによって人箇の粘膜が刺激されて起こる生理現象はどれ?,まばたき,あくび,くしゃみ,せき,くしゃみ
巨人の永久欠番「3」は誰にちなむもの?   「  -,沢村栄治,川上哲治,王貞治,長嶋茂雄,長嶋茂雄
「波乗りジャパン」といえば、どんぁなスポーツの日本代表の愛称 ?,水上スキー,サーフィン,カヌー,セーリング,サーフィン
本名を井口薫仁という、たけし軍団の一員として知られるタレントは上:壮4,イスパニョーラ・タカ,ガダルカナル・タカ,イースター・タタカ,ガラパゴス・タカ,ガダルカナル・タカ
柏市、銚子市、船橋市などの都市がある都道府県はどこ ?,大阪府,秋田県,鹿児島県,千葉県,千葉県
地図記号で二重丸はどのような施設を表している ?,市役所,理吐,書祭者,学校,市役所
女性が装飾として帽子や髪の毛に付ける、帯状の織物を何という2,ちゃお,りぼん,なかよし,マーガレット,りぼん
備え付けの洗浴機を使って、有料で洗濯できるサービスを、普通、何という ?,コインランドリー,コインロッカー,コイントス,コインパーキング,コインランドリー
スマホゲーム 『D4DJ Groovy Mix』 はジャンルでいうと何ゲーム?,ロールプレイングゲーム,シューティングゲーム,パズルゲーム,音楽ゲーム,音楽ゲーム
父島、母島、兄島、姉島など、血緑関係を表す言葉に由来する名前の島が多くある諸島はどこ ?,歯舞群島,隠岐諸島,小笠原諸島,先島諸島,小笠原諸島
次のうち、裾が広がり波打っているように見えるデザインのスカートはとれ?,フレアスカート,コクテンスカート,プロミネンススカート,コロナスカート,フレアスカート
武道の世界でよく言われる理念。「何に始まり何に終わる」 ?,挙,食,礼,"せ寺
TP",礼
食用になるワラビやゼンマイなどの植物のことを、生えている場所から普通何という ?,空洒,海楽,田楽,山栄,山栄
AEに10K11=コニニ 巴上ル<肖三LN好角家としての一面も持つミュージシャンは誰 ?,サタン閣下,エンジェル閣下,ゴッド閣下,デーモン間下,デーモン間下
手を十字に交差させて発射する、ウルトラマンの必殺技は何 ?,スペシウム光線,ストリウム光線,ゼペリオン光線,メタリウム光線,スペシウム光線
次のうち、肉食動物はどれ?,シマウマ,ライオン,ゾウ,シカ,ライオン
画家レオナルド・ダ・ヴィンチの代表的な絵画はどれ?,マネ・リザ,モナ・リザ,スカ・ラザ,モカ・ラザ,モナ・リザ
コントの間にはさむ「ジャンガジャンガ」というアクションでおなじみのお笑いコンビは何 ?,パンクブーブー,南海キャンディーズ,日本エレキテル連合,アンガールズ,アンガールズ
スピルバーグ監督の映画『ジョーズ』で人々を襲った生き物は何 ?,サメ,バッファロー,ワニ,ライオン,サメ
ボクシングやラグビーで、選手が舌や歯の損傷を防ぐために口に入れて使う道具を何という ?,リガチャー,リード,バッフル,マウスピース,マウスピース
リコーラン』に従った本来あるべき姿へ原点回帰しようとする、ムスリムの連動を何という2?,イスラム前衛主義,イスラム原理主義,イスラム未来主義,イスラム印象主義,イスラム原理主義
唱歌『茶摘』」の歌いだしは「夏も近づく〇O〇OO〇」。〇〇〇に入る言葉は回角,八十八夜,二百十日,巧五三,七夕,八十八夜
次のうち、魚はどれ ?,カッケ,シッケ,ホッケ,ヤッケ,ホッケ
音が鼓膜を介さずに生体内部を通り、直接且の奥に届く現象を何という?,皮膚伝導,筋肉伝導,脂質伝導,骨伝導,骨伝導
次のうち、映画やイベントなどの見どころとなる場面を指す言葉はどれ?,サテライト,ハイライト,セルライト,ペンライト,ハイライト
ゲームの最後に登場するボスを「ラスボス」といいますが、 「ラス」は何の略 ?,ラスト,ラスコー,ラスベガス,ラスク,ラスト
「同温・同圧・同体積の気体に含まれる分子の数は同じ」という法則を、発見者の名前から何という 3?,メロンロの法則,アボガドロの法則,チェリモヤロの法則,ブドウロの法則,アボガドロの法則
次のうち、最も南に位置するものはとれ?,南回帰線,南極点,,北回帰線,南極点
人が「横になる」といった時、この人はどうする?,寝る,服を着る,トイレに行く,ご飯を食べる,寝る
次のうち、女子体操競技の種目にあとをのちず2 6  「,在均台,跳び箱,縄跳び,のぼり棒,在均台
次のうち、ラグビーの得点方法にあるものはとどれ?,バラエティゴール,ノベルティゴール,ソサエティゴール,ペナルティゴール,ペナルティゴール
森川ジョージの漫画『はじめの一歩」で題材となっているスポーツは回角,柔道,マフソン,レスリング,ボクシング,ボクシング
"大久保人篤の漫画『炎炎ノ消防際』」の「炎炎
炎炎」は何と読む ?",じんじん,がんがん,こんこん,えんえん,えんえん
企業やブランドの「ネーミングライツ」といえば、どんな権利のこと ?,立法権,司法権,命名権,選学権,命名権
次のうち、野球で「打者」とも呼ばれるのはどれ2?   ー,ランナー,キャツナャー,バッター,ピッチャー,バッター
次のうち、氷の上で行うスポーツはとどとれ?      ー,スカート,スタート,スケート,スエード,スケート
ヒトの身体の部位の中で、味を感じる感覚器官は何 ?,皮膚,古,耳,目,古
レストランなどの飲食店に用意されている料理の一覧のことを何という?,ベニュー,オニュー,レニュー,メニュー,メニュー
作家の博嗣、夫子、茶外に共通するとにコとき幅計2,林,株,原,泉,株
原子番号の順に規則的に並べた元素の一覧表を何という 2?,一覧表,番付表,周期表,順位表,周期表
校井のりおの漫画『ロロッロロ ! 』にを場する炉端イチカの正体は次のうちとれ?,ロボット,宇宙人,幽霊,ソゾンビピ,ロボット
次の文字を並び替えて安倍夜郎の漫下にしたとき、最初にくる文字はどれ ?,党,夜,"^7じ
/不",食,"^7じ
/不"
相撲で相手力士のまげをつかむなど、反則になる行為を総称して何といつ ?,ゆるして,さんじて,だんじて,みのがして,さんじて
ジョン・カビラを上兄に持つのは誰 ?,"城彰
クー",前園真聖,川條慈英,松木安太郎,川條慈英
次のうち、実際にある貝はどれ?,サッキ貝,アッキ貝,シッキ貝,ホッキ貝,ホッキ貝
漫画 「ONE PIECE』に登場する「悪典実」を食べると、能力を得る代わりにとどとうなる?,泳げなくなる,身体の一部を失う,"寿命が
\衝分に
こな
る",日光を浴びれなくなる,泳げなくなる
俳優の中でも、特に芝居公演やミュージカルで活躍する俳優のことを何という2,映画俳優,ドラマ俳優,ラジオ俳優,舞百俳優,舞百俳優
サントリーが展開する緑茶ブランド「伊右衛門」。何と読む ?,いえもん,せかおわ,どりかむ,みすちる,いえもん
アニメ『ムーミン』に登場する次の人物のうち、服を着ているのは誰 ?,ニョロニョロ,スニノ,ムーミン,スナフキン,スナフキン
オーストリアの科学者に由来する、音速の単位は何?_,ヘルソツ,マッハ,オーム,ワット,マッハ
正式には「18リットル缶」と呼ばれる、角形をした金属製の容器は何 ?,一台向,一斗缶,一石向,一井缶,一斗缶
車さ300kg9にもなるアトランティックジャイアントはどんな野茶?,カボチャ,サツマイモ,ダイコン,カブ,カボチャ
次のうち、「内燃機関」とも呼ばれるパーツはどれ?2,ハンドル,エンジン,ブレーキ,アクセル,エンジン
日本列島の主要な4つの島とは、北海道・本州・九州と何?,三国,"ーー
^\国",五国,,
テレビで、映像の下部などに表示される文字を何という 2?    「,タラップ,トリップ,テロップ,スリップ,テロップ
毎年11月に関東地方の御往で開かれる、緑起物の「熊手」が売られることでおなじみの年中行事は何 ?,責の市,広の市,西の市,辰の市,西の市
野球のデッドボール。ボールを当てられたバッターはどうなる ?,アウトになる,1塁に進む,ホームランとなる,打ち直しとなる,1塁に進む
次の本宮ひろ志の漫画のうち、『三国志』 をモチーフにした作品はどれ?,天地を喰らう,俺の空,真田十勇士,サラリーマン金太郎,天地を喰らう
音楽番組 !室本兄弟』 で司会を務めるアイドルは ?      -,KinKi Kids,TOKIO,タッキー&妥,V6,KinKi Kids
物事の段階や評価が急上昇することを、川をのほる魚にたとえて何という?,あなごのぼり,うなぎのぼり,うつぼのぼり,こいのぼり,うなぎのぼり
次のうち、目薬を目にさすことを意味する言葉はどれ?,肉眼,点眼,正眼,補眼,点眼
ケンヂ、カンナ、オッチョといった人物が登場する、浦沢直樹の漫画は回角,鉄コン筋クリート,最終兵器彼女,月下の棋士,20世紀少年,20世紀少年
「ラッキーセブン」という言葉が生まれたスポーツはどれ?,剣道,スノーボード,野球,テニス,野球
次のボクシングの階級のうち、最も体重の重い選手が戦うのはどれ?,バンタム級,フェザー級,ヘビー級,フライ級,ヘビー級
明治時代に設立された「博愛往」を前身とする、献血に関する事業などを行う組織といえば何 ?,日本赤十字視,日本緑十字視,日本黒十字往,日本白十字填,日本赤十字視
映画 !ジュラシック・パーク』の主人公・グラントの職業は何?,還人,古生物学者,PCオタク,学生,古生物学者
世界中でベべベストセラーとなり漫画化もされた、スティーブン・コヴィーの目己啓発書は何 ?,1つの習慣,4つの属慣,7つの属慣,9つの習慣,7つの属慣
鈴木亜久里や片山右京といえば、かつてどんなスポーツで活躍した選手?,総合格闘技,モータースポーツ,スピードスケート,跳泳,モータースポーツ
パソコンの「iMac」を発売しているメーカーはどこ2,IBM,デル,アップル,マイクロソフト,アップル
LISTEN MY HEART』や『メリクリ』などのヒット曲かある、韓国出身の歌手は誰 ?,BoA,CAT,DEER,SNAKE,BoA
オートバイや自動車で、峠道や高速道路で暴走・競走をする人のことを何という3?,走り屋,歩き屋,泳ぎ屋,飛び屋,走り屋
編本伸行の漫画『最強伝説OXO』。〇①〇に入る名前は何 ?,黒沢,赤沢,青沢,日沢,黒沢
犬が他の犬に覆いかぶさる行為のことを何という?     _,ギャロップ,マウンティング,去勢,ギグレース,マウンティング
プロレスで行われる、「ヘッドバット」とも呼ばれる技は何 ?,貴沙とし,斑返 し,張り手,頭突き,頭突き
イギリスを構成する4つのカントリーは、スコットランド、ウェールズ、北アイルランドと何 ?,グリーンランド,ニュージーランド,イングランド,プライドランド,イングランド
映画『マトリックス』シリーズてで、主人公のネオを演じた俳優は誰 ?,マイケル・フォックス,ボビー・ジョーンズ,ウィル・スミス,キアヌ・リーブス,キアヌ・リーブス
アメフト漫画『「アイシールド21』の主人公・小早川瀬那の背番号は何番?,11番,41番,31番,21番,21番
次のうち、「木魚」を使う職業として最も適切なのはどれ?,坊さん,医者,韻察到,消防士,坊さん
スポーツで、支えとして体重を残しておく側の足を特に何という?,軸足,速足,生足,並足,軸足
演劇やオペラなどで、演者が作品を演じるための空商のことを何という?,時計台,舞台,天文台,灯台,舞台
蒸発や沸騰など、液体が気体に変わる現象を何という ?,酸化,気化,液化,進化,気化
壮大な草原、草千里が広がる、九州地方の山はどこ2?,作甲山,貧波山,妙桶山,阿魅山,阿魅山
歌手・山下達郎の妻は誰 ?,松任谷由実,原由子,竹内まりや,松田加子,竹内まりや
人体で、胸骨の下部に見られるくぼみのことを何という ?,みぞでおち,みぞでぐち,みぞれ,みぞぶち,みぞでおち
次のうち、黄道12星座にないのはどれ 2?,おとめ座,おひつじ座,オリオン座,おうし座,オリオン座
通称「バッシュ」 「バッシュー」といえば、どんなスポーツの時に履く時のこと?,フィギュアスケート,ラグビー,バスケットボール,フェンシング,バスケットボール
歌舞伎役者で、白員、幸四郎といえば、号は何 ?,片岡,尾上,市川,松本,松本
次のうち、ブラジルの都市はどれ ?,サンパウロ,サンクトペテルブルク,サンモリッツ,サンフランシスコ,サンパウロ
ファッションの新作発表会 「パリコレ」の「コレ」は、何という言葉の略 ?,コレクトコール,コレステロール,コレスポンデント,コレクション,コレクション
レオ・レオニの絵本『スイミー』で、主人公のスイミーはどんな生き物 ?,蛇,,色,人,
ゲームの『ドシン』、スポ根漫画の『星』。 共通して前につく言葉は回角,鋼鉄の,巨人の,海底の,宇宙の,巨人の
長嶋茂雄にちなむ、プロ野球・巨人の永久欠番は何番 ?       「,1番,10番,16番,3番,3番
次のうち、壮の肉を使った鋼料理はどれ?              「,カントクカン,テンアンモン,ジンギスカン,トンチンカン,ジンギスカン
パチンコや競馬などのかけ事のことを何と言う?,キャンセル,ギャンブル,キャンパス,キャンドル,ギャンブル
夏目激石の小説『坊っちゃん』。成長した坊っちゃんがついた職業は回角,医者,偽察到,信介,教師,教師
テレビ朝日系 『お願い!ランキング』のコメンテーターを務める、宮崎出身の料理人は誰 ?,川越達也,春日部達也,大宮達也,川口達也,川越達也
次のうち、ロシアの作家は誰 ?,プーシキン,ゾラ,バルザック,島崎藤村,プーシキン
円を描く時によく使用される、開閉する2本の足からなる器具は何?,コンパス,キャンパス,クレパス,バイパス,コンパス
ウムちとうツンンと:だゴム pょ28バレーボール選手だったのは誰 ?,山本美憂,増田明美,大林素子,八木沼純子,大林素子
次のうち、RPG『ファイナルファンタジー』シリーズに登場しない魔法はとどれ?,サンダガ,ブリザド,ファイラ,ベギラマ,ベギラマ
次のうち、女の子を主人公とする湿画はどれ?,キングダム,嘘喰い,リアル,干物妹 ! うまるちゃん,干物妹 ! うまるちゃん
沖縄では「イラブー」と呼ばれる、ウナギのような細長い体をした海の生き物は何?,ウミネコ,ウミガメ,ウミウン,ウミヘビ,ウミヘビ
「ソネット君」「コココール」 「呼んでる君」といえば、レストランなどにあるどんな人道具 ?,呼び錦,レジスター,卓上ライト,調味料入れ,呼び錦
サッカーで得点のチャンスとなる、相手守備陣の間を抜くパスを何という?,スローパス,スラーパス,スルーパス,スリーパス,スルーパス
次のカプコンのゲームのうち、戦国時代が舞台になっている作品はどれ?,鬼武者,逆転裁独,デビルメイクライ,モンスターハンター,鬼武者
電流を大きく2種類に分けると、直流電流と何?,曲流電流,混流電流,回流電流,,
次のうち、しろの漫画『ヤマノススメ』の題材になっているのはどれ?,ヨット,ビリヤード,登山,"=
茶道",登山
トランプのカードで、「J」と何の略 ?,ジャレコ,ジャック,ジャスト,ジャイブ,ジャック
戦国時代に北条氏の拠点であった、紳奈川県にある城は何 ?,江戸城,小田原城,熊本城,大坂城,小田原城
人間の足の部位に名を残す、かかとが弱点というギリシャ紳話の英雄は上:壮4,バジリスク,オンシンリス,アキレウス,レビドゥス,アキレウス
任天堂のキャラクター、ワリオがかぶっている帽子に描かれているアルファベットは何 ?,L,W,M,P,W
次のうち、調味料はどれ ?,つ,ぬ,す,く,す
タレント・長嶋一門の父の職業は何だった2?,俳優,政治家,指揮者,プロ野球選手,プロ野球選手
実写化された際には堺正章、香取慎吾らが演じた『西遊包』の登場人物は誰 ?,三蔵法師,係悟空,沙情兆,釘八戒,係悟空
世界柔道選手権で、これまでのメダル獲得数が最も多い国はどこ ?,日本,タンザニア,オランダ,キューバ,日本
正六角形に三本の線を引いた図形で表される、簡単な構造の有機化合物は何 ?,ゼンゼン,カンゼン,シンゼン,ベンゼン,ベンゼン
火を通しやすくするため、ニンジンなどを回しながら不規則な形に切ることを何という?,乱切り,崩切り,蔽切り,経切り,乱切り
男子陸上の110mハードル。 飛び越えるハードルの数は全部でいくつ?,10個,1個,100個,1000個,10個
「黒の組織」という国際的犯罪集団が登場する青山剛昌の漫画は何 ?,金田一少年の事件矯,名探偵コナン,探偵学園Q,探偵大シャードック,名探偵コナン
妊娠・出産や、女性に特有の病気を主に診療する、医学の臨床科は何 ?,産婦人科,小児科,外科,内科,産婦人科
漫画『キテレツ大百科』に登場する浪人生の名前は何さん ?2,移四さん,旬二さん,勉三さん,意一さん,勉三さん
乗用車で、連転席の隣の席のことを何という?,助手席,拓還席,補佐席,護衛席,助手席
次のうち、映画『ドラえもん 新・のび太の日本誕生』の舞台となった時代はどれ ?,原始時代,明治時代,府安時代,江戸時代,原始時代
ことわざで、「一日にして成らすず」「すべての道は通ず」などといわれる都市はどこ ?,パリ,ベルリン,ローマ,ロンドン,ローマ
「亜席色の髪の乙女』や『パピヨ ーン』などのヒット曲がある女性歌手は誰 ?,宇多田ヒカル,島谷ひとみ,川本真琴,華原朋美,島谷ひとみ
サッカーの反則の「ハンドリング」とは、次のうちどの部分にボールが触れること?,手,あご,ひざ理,育中,手
AKB48のヒット曲 『上から〇〇〇つつ』。 〇つつ〇つ〇に入る名前は何 ?,トモチン,マエゴゴ,マリコ,アッチャン,マリコ
ごま油や椿油、条種油などを総称して何という?,魚類油,植物油,動物油,昆虫油,植物油
次のうち、魚類に含まれない生物はとれ?,クジラ,サメ,ブラックバス,マグロ,クジラ
ラグビーの試合は、1チーム何人で行われる ?       ー,9人,15人,18人,12人,15人
次のうち、洋服のチェック模様の種類にあるのはどれ2?,ウメガムチェック,フーセンガムチェック,ギンガムチェック,チューインガムチェック,ギンガムチェック
鳥取・山口・広島と隣接する県は?,島根県,沖縄県,北海道,東京都,島根県
次のうち、フジテレビの織田裕二主演のドラマシリーズはどれ ?,眠る大捜査線,踊る大捜査線,迫る大捜査線,走る大捜査線,踊る大捜査線
次のうち、プロ野球選手の契約形態にあるものはどれ?,模擬選手,育成選手,訓練選手,教育選手,育成選手
アメリカの国旗の星は何を表している?,国会議員の数,意味はない,守の数,州の数,州の数
次のうち、魚の種類はどれ ?,なまり,なまわ,なまえ,なまず,なまず
普段から診察してもらっている医者のことを「〇〇〇の医者」という。〇つつ〇は何 ?,かかりつけ,しかりつけ,はかりつけ,たたみつけ,かかりつけ
「アケメネス朝」 「ササン朝」といえば、古代の何という国家の王朝 ?,ペルシンヤ,ブラジル,アメリカ,中国,ペルシンヤ
次のうち、月々、分割で代金を支払うことを指す言葉はどれ?,げっし,げっく,げっぷ,げっと,げっぷ
次のうち、漫画・アニメ・ゲームなどの世界を指す言葉はどれ3?,二次式,二次的,二次元,二次会,二次元
F1の名門チーム「フェラーリ」のレーシングカーのイメージカラーは何色?,紫,緑,赤,日,赤
次のうち、普通、電子回路には使わないものはどれ2,トランジスタ,コンデンサー,メスシリンダー,ダイオード,メスシリンダー
兎中信志の漫画『弟キャッチャー俺ピビピッチャーで! 』の題材となっているスポボーツは何 ?,サッカー,バスケットボール,柔道,野球,野球
次のうち、野球で、守備側の選手を指す言葉はどれ?  「,座手,逆手,野手,素手,野手
毎年7月9日・10日に「ほおずき市」が開催される、東京都台東区の寺はどこ3?,原宿寺,日比谷寺,亀有寺,浅草寺,浅草寺
小説『東京タワー オカンとボクと、時々、オトン』を書いた、文化人・イラストレーターは誰 ?,ルルー・フランキー,ララー・フランキー,レレー・フランキー,リリー・フランキー,リリー・フランキー
井上雄彦の漫画 『!リアル』は、何のスポーツを題材としたもの?2,車いすマラソン,車いすテニス,車いすフェンシング,車いすバスケットボール,車いすバスケットボール
イカやタコが危険を感じた時に吐く、黒い液体のことを何という ?,紙,大,筆,にコ,にコ
藤崎マーケットの「ラララライバ〇)(っ」 と、COWCOWの「あたりまえく)〇つ」。 〇の〇に入る言葉は何 ?,陸上,剣道,水泳,体操,体操
バケツを振り回しても、水がこぼれないのは、何という力が働くから ?2,浮力,揚力,電磁力,遠心力,遠心力
次のうち、Jリーグにあるチームはとれ?,FC名古屋,FC東京,FC大阪,FC編岡,FC東京
メジャーの試合が行われる「ヤンキー・スタジアム」があるアメリカの都市はどこ?,ロサンゼルス,ボストン,シカゴ,ニューヨーク,ニューヨーク
次のうち、植物はどれ ?,"ツン
ツ",ツツイ,ツツリ,"ツミ
ツ","ツン
ツ"
断熱材や梱包材に使われる、気泡を含んだポリスチレンは 「発泡〇〇〇つ」。の〇〇は ?,スプロール,スクロール,スナロール,ステロール,スナロール
妊産婦であることを表す、母と子の姿がデザインされたマークを何という?,エタニティマーク,マタニティマーク,アメニティマーク,セーフティマーク,マタニティマーク
女優の江角マキコが、かつて実業団チームで選手として活躍していたスポーツは次のうちどれ?,卓球,バレーボール,ソフトボール,サッカー,バレーボール
1977年に放送されたアニメ『あらいぐま〇OO』。 の〇〇は何 ?,メスカル,パスカル,ラスカル,オスカル,ラスカル
ひらがな表記の「つくば市」と「つくばみらい市」があるのは何県 ?,茨城県,貴岡県,兵庫県,青森県,茨城県
国内ツアー2年連続賞金女王のプロゴルファー、イ・ボミの出身国はどご2,韓国,ロンア,フィリピン,中国,韓国
アニメ放送版では『世紀末救世主伝説』という沖題がつけられている漫画は次のうちどれ?,ウイングマン,ハイスクール!奇面組,北斗の挙,キン肉マン,北斗の挙
較全ヨミfひとさりjァんムず|レバサルいる、持ち出しが不可能なことを1だ提計=:ヨた 肝,天地無用,禁帯出,泥ぜるな危了,割れ物注意,禁帯出
歌手のマッカートニー、俳優のニューマン、デザイナーのスミスに共通するファーストネームは何 ?,ジョージ,リンゴ,ジョン,ポール,ポール
『島唄』などのヒット曲を歌った、宮沢和史がボーカルを務めたバンドは何 ?,THE BOOM,THE ROOM,THE DOOM,THE Z00M,THE BOOM
二重のガラス瓶の間を真空にした、保温・保冷に用いる容器を何という?,幻術拒,腐法瓶,呪法手,妖術瓶,腐法瓶
発明や商標に関する手続きを行う、経済産業省の外局は何庁?,観光庁,特許庁,水産庁,林野店,特許庁
人間が呼吸する時に使う、酸素を取り入れる騰器は何 ?,いいえ,ノ 一,はい,イエス,イエス
ナスやトマトなどの野茶を、主に収稚される時期から、一般的に何という?,夏野楽,彼岸野楽,正月野楽,冬野楽,夏野楽
Excelの「A1」や「C3」といった1マスのことを何という2,ルエ,エク,クセ,セル,セル
次のうち、一般に「昭和の三大台時 ッ名2と 6MZNM人TO】ちとちず2光2,伊勢湾台風,枕崎台風,至戸台風,カトリーナ,カトリーナ
「春の七草」に含まれる植物はどれ ?      」,アリ,トリ,マリ,セリ,セリ
「亀ト (きぼく) 」や「太占 (ふとまに) 」といえば、古代日本で行われたどんな風浪 ?,耕作,葬式,占い,狩猟,占い
アメリカのテレビドラマ『アルフ』 。主人公アルフの吹き替えを担当したタレントは誰 ?,明石家さんま,タモリ,ビートたけし,所ジョージ,所ジョージ
讃岐うどんのお店を案内する「うどんタクシー」といえば、何県の交通サービス ?,愛妨県,徳島県,高知県,香川県,香川県
「ごめんね、ごめんねぐて」のフレーズでおなじみのU字工事。2人の出身都道府県はどこ ?,"宇
表条県",山形県,栃木県,,栃木県
次のうち、サッカーとボクシングに共通する用語はどれ ?,レジスター,テーブル,ワゴン,カウンター,カウンター
野球で、両チームの選手が投げたり打ったりするものは何 ?,パック,ストーン,ボール,スパイク,ボール
次のうち、サッカー漫画は!,タイガーマスク,名探偵コナン,俺たちのフィールド,タッチ,俺たちのフィールド
ゲーム 「ドラゴンクエスト」シリーズ第1作の最後の病は?,カオス,竜王,ハーゴン,目らの欲,竜王
化学式「CH3CH (OH) COOH」で表れる、たまると疲労の原因になるという物質は何 ?,葉酸,乳酸,アスコルビン酸,リノール酸,乳酸
登山を趣味とする会視員・日々野鮎美を描いた、信濃川日出雄の漫画は回角,働かな いふた り,山と食欲と私,宇宙戦艦テニィラミス,妖怪の飼育員さん,山と食欲と私
西暦2000年における日本の元号は円時,在成,大正,昭和,明治,在成
昭和アニメ、ハクション大魔王。魔土の娘は?,アクビちゃん,さんぼちゃん,ねむいちゃん,おはようちゃん,アクビちゃん
チルチルとミチルの兄妹を主人公とした、メーテルリンクの小説は何 ?,黒い鳥,赤い鳥,白い鳥,育い島,育い島
次のうち、本拠地がドーム球場であるプロ野球チームはどこ2?,広島,中日,阪旭,ヤクルト,中日
腕前を広く知らしめるのにふさわしい、晴れの舞台を何という?,さくら舞台,いちょう舞台,ひのき舞台,すぎ舞台,ひのき舞台
ドレスなどにつける和花の飾りは何 ?,オマージュ,ポボポタージュ,コラージュ,コサージュ,コサージュ
「生きろ。」といえば、スタジオジブリの何という映画作品のキャッチコピー ?,魔女の宅節便,もののけ姫,紅の豚,千と千尋の紳隠し,もののけ姫
ミュージカル『ウエストサイドストーリー』で、ジェット団と対立する不良グループは何 ?,薔薇十字団,シャーク団,血盟団,テンプル騎士団,シャーク団
ストレスや飲みすぎなどによって、表の表面が傷ついてしまう症状を何という2,いんどよう,いろもよう,いかいよう,いさようよう,いかいよう
ゴルフで、プレイヤーに同件 して用具を運んだり、アドバイスしたりする人を何という ?,チャンプ,キャディ,"=  ゃ%
ee】    me
ミーコ",ネッシー,キャディ
サッカーで「レフティ」といえは、どんな選手のこと2,国の代表を引退した,利き足が左,移籍が多い,ドリブルが速い,利き足が左
女優の「ゆう子」と「温子」に共通する名字は何?       ー,大野,遠野,小野,浅野,浅野
数字で、「無限大」を表す記号は円時,90,の,8,CO,CO
"新美南吉の昔話
草話 『ごんぎつね』
っね』に登場する「ごん」はどんな動物 ?",タヌキ,キツネ,ウサギ,ネズミ,キツネ
古典文学『竹取物語』で、竹の中からかぐや姫を見つけたのは誰 ?,竹取の男,竹取の女,竹取の湊,竹取の欧,竹取の欧
マリリン・マンソンが率いるアメリ力のバンドは何 ?,マリリン・マンソン,マゾソソゾソソ・マゾソソソン,マソソソ・ママンソン,マリリン・マソソソ,マリリン・マンソン
夜間に、灯りで虫を引きつけて駆除する装置を何という 2,殺申剤,読峨灯,ゴキジェット,下取り線香,読峨灯
食べ物を体に吸収できるよう分解する働きのことを何という?,消化,代謝,酸化,文化,消化
"カヌーを溝ぐときに使う「権」のことを身語
語で何という 2?2  「",パドル,ボイル,スターン,クリーク,パドル
"アニメ『地獄少女』の主人公、間魔あいが普      1
段着ている服はどれ?",ジャーンジン,セーラー服,体操服,ボディコン,セーラー服
ゴルフクラブで、「アイアン」といえば、その頭部はどんな素材でできている ?,金属,石,木,プラスチック,金属
次のうち、漢字などにつけるフリガナのことを指すことばはどれ2?,ダイヤ,エメフ,ルビ,サファ,ルビ
漫吉画太郎が漫画化した、サン・テクンジュペリの小説『〇の王子さま』。 ては何 ?,海,性,"ワロ
コロ",山,性
将棋で、最も数の多い駒は何 ?,桂馬,金将,香車,歩兵,歩兵
次のうち、実在する星座はどれ ?,おうし座,おうま座,おやぎ座,おぶた座,おうし座
「ボブスレー」といえば、次のうち何に乗って行う競技 ?,自転車,ヨット,そり,飛行機,そり
都会で暮らす学生が、故卿に戻って就職することを「何ターン」という?,Xターン,Uターン,Wターン,Vターン,Uターン
フラン ス料理で、   メニューの by/ 2)客が1品ずつ選ぶ形式を「アラ〇〇〇つ」という。〇〇〇は何 ?,カルタ,カルト,カルキ,カルス,カルト
野球で失策や予期せぬアクシデントなど、ユニークに見えるプレーを傘に何という ?,珍プレー,有プレー,賃プレー,沈プレー,珍プレー
次の芸能人のうち、日本人はどれ?,クラーク・ゲーブル,チャック・ノリス,ユースケ・サンタマリア,モーガン・フリーマン,ユースケ・サンタマリア
スポーツで、 守備をディフェンスというのに対し、攻撃を何という ?,ナンセンス,オフェンス,サスペンス,インテリジェンス,オフェンス
ゆでたジャガイモをつぶして作る料理「〇OO〇OO〇ポテト」。〇〇〇は何 ?,キッシュ,ブッシュ,マッツンシュユ,メッンュユ,マッツンシュユ
次のうち、物事を包み隠さないことを意味する言葉はどれ?,白裸裸,青裸裸,赤裸裸,妹保裸,赤裸裸
次のうち、バレーボールを描いた漫画はどれ2?2,黒子のバスケ,ROOKIES,ハイキュー!!,アイシールド21,ハイキュー!!
次のうち、ノーベル賞にない部門はとれ?,物理学賞,化学党,数学買,生理学医学賞,数学買
「トッグル」とよばれる木製ボタンで留める、丈の短いフード付きのコートは何 ?,ダッフルコート,フロックコート,テールコート,ピーコート,ダッフルコート
NHK連続テレビ小説の1話あたりの放送時間は何分2,15分,60分,30分,45分,15分
体重と身長により肥満度を求める指数、BMIの「B」とはなんのこと 2,ボール,バスト,ボディー,ボトム,ボディー
"のMMIELI【のた:】E【のjpる28還=レさム舞台で
な
い作品は
どれ
フ",YAWARAI,MONSTER,20世紀少年,Happy!,MONSTER
漫画 !ONE PIECE』の麦わらの一味のメンバーで「そげキング」とも呼ばれているのは誰 ?,ロロノア・ゾロ,サンジ,"ナミ
es]
こつ",ウソップ,ウソップ
喜劇俳優を「コメディアン」というのに対し、喜劇女優を何という ?,コメダミーヌ,コメディーン,コメドン,コメディエンヌ,コメディエンヌ
次のうち、「溶岩」ができる場所はどこ2?2         -,砂漠地帯の地表,河川の上流部,北極海の海中,火山の周辺部,火山の周辺部
「保活」という言葉の「保」が意味するものは次のうちどれ2,,保守党,保育園,保険証,保育園
音楽記号で、「フォルテッシモ」を表すのは何 ?,fff,f,ff,mf,ff
人間以外でオリンピックに出場する唯一の動物は何 ?,壮,,豚,牛,
水木しげるの漫画とタイアップした、鳥取県の空港は米子つ〇〇空港。〇の〇〇は何 ?,金太郎,浦島太郎,桃太郎,鬼太郎,鬼太郎
次のうち、集英視が配信している漫下アプリはどれ3?,マンガボックス,少年ジャンプ十,マンガワン,COrmICO,少年ジャンプ十
漫画家ユニット 「藤子不二雄」の2人とは、安孫子素雄と誰2,藤本弘,田島裕之,中澤秀樹,太地大介,藤本弘
次のゲーム機のうち、発売されたのかカもっとも古いのはどれ?,プレイステーション2,プレイステーション4,プレイステーション,プレイステーション3,プレイステーション
十支に登場する動物で、ネズミの次にくるのは何 ?,ゾウ,イノンン,カバ,ワシ,ワシ
ある昆虫の名前が付いた、鉛筆の製造で国内有数のシェアを誇る文羽具メーカーは何 ?,カブトムシ鉛筆,カマキリ鉛筆,トンボ鉛筆,チョウチョ鉛筆,トンボ鉛筆
次のうち、韓国で生まれた格闘技はとれ?,テコンドー,レスリング,柔道,ボクシング,テコンドー
ピザのマルゲリータやパスタのジェノヴェーゼに使われる、シソ科のハーブは何 ?,ルッコフ,バジル,ターメリック,ワコン,バジル
イカの足のことを、倫に何という ?,ゲソ,カラストンビピ,ゴロ,エンペフ,ゲソ
膝沢周邊の小説 ! 盲目剣答返し』 を原作とする、主人公・三村新之永を押いた映画は何 ?,武士の一年,武士の一時間,武士の一世紀,武士の一分,武士の一分
ニシレル: マクヒキスッルシアエニレ「〇〇〇闘魂」。 〇〇〇は何 ?,燃える,牙える,咲える,迷える,燃える
次のうち、「スパガ」と略されるアイドルグループはどれ 2?,SUPER近GiRLS,HKT48,Rev. from DVL,E-girls,SUPER近GiRLS
代表曲に『サウダージ』    「『アゲハ蝶』などがある、岡野昭仁と新腰晴一の音楽バンドは何 ?,ゴスペラーズ,ボポルノグラフィティ,レミオロメン,スキマスイッチ,ボポルノグラフィティ
次のうち、NHK連続テレビ小説 『とと姉ちゃん』」のヒロインの職業はどれ?,符誌編集者,サッカー選手,銀行貞,科学者,符誌編集者
学校の教科「地歴」の、「歴」は「歴史」のことですが、「地」は何のこと2?,地学,地図,地理,地球,地理
薬用シャンプー「スカルプD」を販売しているメーカーはどこ?,アンファー,アンター,デンジャー,ローファー,アンファー
2014年に公開された『ドラえもん』のアニメ映画『〇OO〇OO〇 BY ME ドラえもん』。 〇〇〇は何 ?,WALK,RUN,STAND,SlT,STAND
次のうち、トウモロコシを炒ってつくられるお県子はどれ ?,ナップコーン,ポップコーン,ヒップコーン,リップコーン,ポップコーン
映画『燃えよドラゴン』などに主演した、今は亡き香港の俳優は誰 ?,レッドス・リー,イエロース・リー,グリーンス・リー,ブルース・リー,ブルース・リー
本州最北端の鉄道駅は?,横浜駅(利奈川県),名古屋駅(愛知県),金沢駅(石川県),下北駅(青森県),下北駅(青森県)
本宮ひろ志の漫画『男〇匹ガキ大将』。〇に入る灘数字は何 ?,,白,十,千,
テンプンがほとんどアミロペクチンで粘り気の強い米のことを、うるち米に対して何という ?,せんべい米,もち米,だんご米,おかさき米,もち米
「メジャーリーグサッカー」といえば、どこの国のサッカーリーグ ?,韓国,中国,アメリカ,メキシンコ,アメリカ
次のうち、セミの種類にあるのはとれ 2?,ヒグラシ,カオダシ,ハブランシ,カオナシ,ヒグラシ
「2時間」は何分 ?,240分,180分,60分,120分,120分
の万放23ことpac才のリコンのクラブ名を作ったとき、あまるものはとどれ?,川崎,アント,フロン,ターレ,アント
「革瓜樹」ともいう、熱帯地方で広く<栽植される果物は何 ?,チチイヤ,パパイヤ,ママイヤ,ハハイヤ,パパイヤ
殆ヶ島の鬼を退治したのは?,金太郎,浦島太郎,甘太郎,桃太郎,桃太郎
次のうち、東京23区にある区は?,江東,清瀬,物村,瑞穂,江東
"大きく「温暖」 「構冷」 「停滞」「閉塞」の4パターンに分けられる気家用語といえ
語 と いえば何 2",後線,左線,前線,石線,左線
_ 次のうち、「〇〇袋」「〇〇堤」「〇〇餅」の〇〇に入る名前はどれ?,信長,謙信,政宗,信玄,信玄
ゴルフでボールを打つ時に使う道具生和回記2,スティック,バット,ラケット,クラブ,クラブ
コナミのゲームシリーズ『ウイニングイレブンj』」といえば、題材となっているスポーツは何 ?2,野球,サッカー,テニス,ボウリング,サッカー
次のうち、「日本航空」を意味するアルファベット3文字はどれ ?,WHO,JAL,ABC,IMF,JAL
次のうち、タイトルに作中に登場するロボットの名前が含まれているのはとどれ?,フルメタル・パニック!,ほくらの,トップをねらえ2!,天元突破グレンラガン,天元突破グレンラガン
にわか雨のことを、ある動物を用いて何という?,ねずみの嫁入り,たぬきの嫁入り,さきつねの嫁入り,ひつじの嫁入り,さきつねの嫁入り
俗に「十円ハゲが」と呼ばれる、自己免疫疾患のひとつである症状は何 ?,円形脱毛症,重症筋無力症,バセドウ病,関節リウマチ,円形脱毛症
次のうち、テレビ画面に出される字時を指す言葉はどれ?,スリップ,トリップ,テロップ,シロップ,テロップ
「ボリュームエクスプレス」などのマスカラで知られるメーカー、〇〇(〇つつ・ニューヨーク。〇〇〇は何 ?,タンバリン,メイベリン,バイオリン,トルマリン,メイベリン
主人公のトム・リプレーをアラン・ドロンが演じた、1960年公開のルネ・クレマン監督の映画は何,火星がいっぱい,地球がいっぱい,太陽がいっぱい,月がいっぱい,太陽がいっぱい
選が閉まりかけたバスや電車に、急いで乗り込むことを一般的に何といつ ?,座り込み乗車,殴り込み乗車,駆け込み乗車,割り込み乗車,駆け込み乗車
カードゲーム「UN0」で、プレーヤーが「ウノ」と発声しなければならないのは手札が何枚のとき ?,1枚,2枚,0枚,3枚,1枚
第一次大隈重信内閣の別名「隈板内半」で、「板」が指す人物は誰2,板野友美,板垣退助,板尾創路,板倉俊之,板垣退助
「裏切りの街角』『HERO』などのヒット曲がある日本のバンドは〇〇〇バンド。〇〇〇は ?,越後,近江,陸奥,甲斐,甲斐
格闘技で「タップ」といえば、次のうちどんな行為のこと ?,マスクを脱ぐ,凶器で攻撃する,リングの外に出る,マットを叩く,マットを叩く
次のうち、フェンシングの種目にないものはどとどれ?,エペ,フルーレ,サーブル,ポワレ,ポワレ
ライト博士によって作られたロボットが下和のために戦う、カプコンのアクションゲームシリーズは何 ?,マッドマン,サンドマン,ストーンマン,ロックマン,ロックマン
日本の国会を大きく3種類に分けると、通常国会、特別国会と何?,独立国会,非常国会,臨時国会,変則国会,臨時国会
水谷豊演じる杉下右京が登場する、ラレビ朝日の刑事ドラマシリーズは何 ?,相棒,科捜研の女,おみやさん,刑事ゼロ,相棒
次のうち、「両生類」に分類される生き物はどれ2,クジラ,カエル,カモメ,サメ,カエル
次のうち、トライアスロンで行われないのはどれ2?,スキー,バイク,ラン,スイム,スキー
引き算の筆算で、「10-2」や「33-4」を計算する際に行う作業は次のうちとれ?,なしさがり,かきさがり,くりさがり,ももさがり,くりさがり
「リップクリーム」といえば、普通、体のどこに塗るクリーム ?,爪,正,唇,まつ毛,唇
咲坂伊緒の漫画 『思い、思われ、ふり、〇つ〇〇』の〇〇〇に入る言葉は回角,あられ,けられ,たられ,ふられ,ふられ
女性アナウンサー・水トト麻美が所属しているテレビ局はどこ ?,フジテレビ,TBS,日本テレビ,テレビ朝日,日本テレビ
漫画『ゴルゴ13』で、主人公であるスナイパーの名前は何 ?,デューク更家,デュークエイセス,デュークエリントン,デューク東郷,デューク東郷
一般には光学式のものを指す、徴小なもの拡大して見る実験装置は何 ?,顕微鏡,,万華鏡,双最鏡,顕微鏡
次のうち、上果物の種類にあるのはどれ 2?,マナチカド,アボカド,ミギカド,ヨツカド,アボカド
ゴルフの練習法の「素振り」を行う時に、普通、手に持つものはどれ ?,ボール,サンバイザー,スパイク,クラブ,クラブ
芸能人のあだ名を命名する毒舌キャラとして人気の、元「矢岩石」のメレプAだココもで : 持。,有吉弘行,東野幸治,山崎邦正,今田耕司,有吉弘行
次のうち、ウニの種類にあるのはとれ 2?,ギュウフンウニ,バフンウニ,トリフンウニ,カニフンワウニ,バフンウニ
質屋への借金の返済がびできず、預けた品物の所有権が質屋に移ることを何という3?,質流れ,質戻り,質移し,質造り,質流れ
アーティストのコンサートグッズなどでもおなじみの、ゴム製のブレスレットを何という?,ラバパーオーケストラ,ラバーマリアッチ,ラバーバンド,ラバーガムラン,ラバーバンド
次のうち、不二家が販売するチョコレートの名前はどれ ?,STARE,SEE,WATCH,LOOK,LOOK
日本海軍がバルチック艇隊を破った日本海海戦が有名な戦争にといえば回角,日露戦争,日米戦争,日清戦争,日中戦争,日露戦争
野球の試合の4つのベースとは1塁、2塁、3塁とあと1つは何 ?,母崇,本塁,宿飼,家崇,本塁
次のうち、個人が口座を持つことができない銀行はどれ2,ゆうちょ銀行,セブン銀行,りそな銀行,日本銀行,日本銀行
荒井由実が歌う、ジブリ映画『風立ちぬ』の主題歌は何 ?,ひこうさ寒,うろこ雲,おぼろ寒,いわし雲,ひこうさ寒
明治製菓のCMソングとしても馴染み深い、中島美嘉のシングル曲は何 ?,案の華,雪の華,雷の華,電の華,雪の華
ヘビが、長い体を渦巻き状に巻いた状態を何という?,とがの,とぐろ,とぶろ,どくろ,とぐろ
主な歌い手にボブ・ディランがいる、民族的な音楽を指すジャンルは回角,ナイフ,フォーク,ナプキン,スプーン,フォーク
水沢めぐみの漫画『トゥ・シューズ』の題材となっているものは次のうちとれ?,オペラ,バレエ,ミュージカル,歌舞伎,バレエ
2013年に放送がスタートした【宇宙戦艦ヤマト』のリメイク作品は『宇宙戦艦ヤマト何』 ?,4199,1199,3199,2199,2199
「ユーロトンネル」が結ぶ2つの国は、イギリスとどこ?,フフランス,ロンア,ブラジル,アメリカ,フフランス
| Want To Hold Your Hand』などの曲を歌った、ジョン・レノンら4人組のロックバンドは何 ?,クイーン,ポリス,ビートルズ,オアシス,ビートルズ
ボウリングで、1投目で1番ピンが倒れないことを特に何という ?,ノーヘッド,ノーフェイス,ノーフット,ノーハンド,ノーヘッド
世界中の国が参加する博覧会は「^)〇つ〇博覧会」。 つ〇〇は ?,ニューデリー,バンコク,ペキン,マニフ,バンコク
回欠あ本PAMIUIE【の077克信二とう入りの文書のことを、漢字2文字で何という3?,親書,娘書,孫書,兄書,親書
アドベンチャーゲーム 『オホーツクに消ゆ』の主な舞台となる都道府県はとどこ?,忠岡県,北海道,沖縄県,大阪府,北海道
漫画 リドラゴン桜』で、龍山高校の特進クラスの生徒が目指した大学は何大学 ?,慶應義塾大学,上智大学,東京大学,早稲田大学,東京大学
「チスイ」や「ヤマ」などの種類がいる、血を吸う習性を持つことで有名な環形動物は何?,ヒル,アサ,ヨル,バン,ヒル
「そばめし」といえば、刻んだ焼きそばと何を混ぜた料理?,豆,"こい
ご坂",トウモロコシ,Eコ,"こい
ご坂"
ゲーム 『ドラゴンクエスト』シリーズに登場する敵で、メタル、キングといった種類がいるのは何 ?,スライム,キメラ,ドラキー,トロル,スライム
房総千島があるのは、次のうちどの地方 ?,近畿,九州,東海,関東,関東
その年のランキング上位8名だけが出場する男子テニスの国際大会「ATPO〇OO〇」。〇〇〇は何 2,ツアー・ラスト,"ツアー
@ プア
アイナル",ツアー・クライマックス,ツアー・ファースト,"ツアー
@ プア
アイナル"
日本で、「夏至」があるのは何月 ?,12月,9月,6月,3月,6月
サッカーのJ1リーグで、試合で引き分けると獲得できる勝ち点は何点 ?,10,],3,2,]
水は、酸素と、何という元素からなる化合物? 。,二酸化炭素,窒素,塩素,水素,水素
「CR7」と呼ばれる海外のサッカー選手、クリスティアーノ・〇〇〇。〇つつ〇は何 ?,ロビーニョ,ロナウジーニョ,ロドリゲス,ロナウド,ロナウド
不用となった人工衛星やロケットの部品など、地球の衛星軌道上を周回する宇宙ごみのことを何という 2?,スペーストラッシュ,スペースワイパー,スペースデブリ,スペースノイド,スペースデブリ
日本テレビのドラマ 『金田一少年の事件薄』で、主人公の金田一一を演じた嵐のメンバーは誰 ?,大野知,相葉雅紀,松本潤,二宮和志,松本潤
大相撲で、「砂かぶり」といえは、次のうちどんな場所のこと ?,土依の中心,土依の地下,土偽のすぐ下の席,土依の上空,土偽のすぐ下の席
赤ちゃんが生まれたとき、最初にあげる泣き声のことを何という 2?2,麻声,歌声,"畠 =
寺才",裏声,麻声
環境大臣が設定する、国を代表するような立派な上自然の風景地として正AT!すず2ルコ明4,国立牧場,国立森林,"mL
国立公園",国立海岸,"mL
国立公園"
次のうち、1975年から放送されたアニメ作品はどれ ?,一休さん,千休さん,十休さん,白休さん,一休さん
映画!シザーハンズ』で、主人公のエドワードを演じた俳優は誰 ?,ジョニー・デップ,ラニー・デップ,トニー・デップ,ケニー・デップ,ジョニー・デップ
1615年に起こった、江戸幕府が豊臣氏を滅ぼした戦いを「何の陣」という?,大坂夏の陣,奈良秋の陣,京都春の陣,利戸冬の陣,大坂夏の陣
「75キログラムの物を毎秒1メートル動かす力」と定義されている仕事E<YのMIAた円4,馬力,手力,豚力,牛カ,馬力
ゴルフの「スライス」「フック」とは、次のうち何に関する用語 ?,打球の曲がり方,クラブの種類,周囲の風向き,コースの難易度,打球の曲がり方
NE内【のが]】いしま:放=:ヨとき2れ ?2      「,もも内,びわ肉,かき肉,なし肉,もも内
花や草に水をやる時に用いる、細かい穴のたくさん空いた道具は何 ?,じょうか,じょうほ,じょうろ,じょうと,じょうろ
漫画『DEATH NOTE』で、デスノートに名前を書かれた人物はどうなる ?,太る,出世する,死ぬ,風邪をひく,死ぬ
「ナイナイ」と略されるお笑いコンビは何?,チュートリアル,ますだおかだ,ナインティナイン,キングコング,ナインティナイン
次のうち、魚はどれ ?,サユリ,サカリ,サオリ,サヨリ,サヨリ
水は、水素と何という元素の化合物?,,酸素,二酸化炭素,守素,酸素
佐藤秀峰の漫画 『Stand by me 描クえもん』の主人公・満賀描男が目指す職業は何 ?,小説家,漫画家,俳優,歌手,漫画家
アニメ映画『アラジン』に登場するジーニーは何の中から出てきた?,木箱,ポット,ランプ,スーツケース,ランプ
次のうち、液が分泌される体の器巨はどこ?,品,且,目,"芋
中紅",品
バスケットボールの3on3で、 使われるボールの数はいくつ?,3つ,2つ,1つ,6つ,1つ
次のうち、剣道の試合で使われる刀はどれ?2,松刀,梅刀,竹刀,桐刀,竹刀
「替え歌」といえば、元の曲から変えられているものは、普通、何 ?,曲,リズム,歌詞,ハーモニー,歌詞
ヨーグルトの名前にもなっている、イランやカザフスタンに囲まれた世錯最大の湖は何 ?,黒海,紅海,カスピ海,地中海,カスピ海
次のうち、音楽のジャンルはどれ?,フォークソング,ボウルソング,グラスソング,スプーンソング,フォークソング
次のうち、グルメリポーターとして活動する大阪出身のタレントは誰 ?,清摩呂,彦摩呂,石川摩呂,仲摩呂,彦摩呂
次のうち、副業によって得たお人金を意味する言葉はどれ 2?,次収入,仮収入,二収入,副収入,副収入
ゲーム 『ポケットモンスター』シリレシgc二還4時日MEETE ちと作品は何 ?,パール,エメラルド,ブラック,X,X
次のうち、物事に対して決められた期限を指す言葉はどれ?,よりきり,つめきり,しめきり,ゆびきり,しめきり
次のうち、動画撮影に使われるカメラはどれ2?2,ビデオカメラ,ピンホールカメラ,インスタントカメラ,スチルカメラ,ビデオカメラ
日本の初代内閣総理大臣は誰 ?,山懸有朋,松方正義,伊藤博文,黒田清隆,伊藤博文
次のうち、『スーパーマリオブラザーズ』に登場しないアイテムはどれ?,ファイアフラワー,スーパーキノコ,爆弾,スター,爆弾
次のうち、相手の顔面を殴っても反則にならないスポーツはどれ?,相撲,ボクシング,ゴルフ,サッカー,ボクシング
猿が道具を使い始める冒頭のシーンが有名な、キューブリック監督の映画は何 ?,3001年宇宙の旅,1001年宇宙の旅,2001年王宙の旅,4001年宇宙の旅,2001年王宙の旅
ことわざで、塩を引いたり、猫を噛入っルた円2,ネコ,ネズミ,イヌ,サル,ネズミ
次のうち、料理漫画ではない作品はとれ?,テラフォーマーズ,クッキングパパ,さのう何食べた ?,食電のソーマ,テラフォーマーズ
野球で、ストライクを何回取るとアウトになる 2?   ー,1回,4回,2回,3回,3回
次のうち、酢酸に含まれていないり物買はどれ2?,鉄,,酸素,水素,鉄
映画館にある、画面を表示する大きな幕を何と言う ?,アイリーン,スクリーン,モスグリーン,スクロール,スクリーン
次のうち、映画の「撮影終了」を意味する言葉はどれ?   ー,パンフォーカス,ツーショット,クランクアップ,ローアングル,クランクアップ
小林有吾の漫画『アオアシ』の題材となっているスポーツは何 ?  「,テニス,ラグビー,バスケットボール,サッカー,サッカー
次のうち、野球の「和送りバント」の別名はどれ?,損害バント,犠牲バント,供養バント,生替バント,犠牲バント
次のうち、公園にある遊び道具はどれ 2?,ブランコ,フフンス,フラフラスコ,ブランド,ブランコ
次の陸上競技のうち、1人ずつ試技とる曲りたさう1の】ちす2昌中4,マフソン,フットサル,走り幅跳び,卓球,走り幅跳び
映画『ハウルの動く城』」で、ハウルの声を演じたのは次のうち誰 ?,稲垣吾郎,木村拓哉,香取慎吾,中居正広,木村拓哉
次のうち、よく子どもが引っ張り合いの遊びすをすることでもおなじみの経早はどれ ?,オオバコ,コバコ,キバコ,ナカバコ,オオバコ
タコの体にある、水やスミを発射する器官を何という 2?2,漏革,試験管,フラフラスコ,ビーカー,漏革
次のうち、紙や布を貼りつけるのに用いるものはとどとれ?,こんぶ,もずく,わかめ,のり,のり
北海道の北方にある、ロシアでは「サハリン」と呼ばれる島を、日本では何と呼ぶ?,要太,榎太,樺太,楠太,樺太
マギー司郎やマギー審司といったら、この人たちの職業は何 ?,ライター,レポーター,マジシャン,モテル,マジシャン
「White Love』などのヒット曲で知られる、沖縄出身の4人組女性音楽グループは何 ?,INTELLIGENCE,SPEED,POWER,MAGIC,SPEED
俗に「着倒れ」などといわれるのはどこ2?2     -,因館,,長崎,京都,京都
サッカーの国際試合で、選手と手をつないで一緒に入場してくる子どもを何という ?,テニスコートキッズ,エスコートキッズ,トレンチコートキッズ,フードコート,エスコートキッズ
アメリカの「バスキン・ロビンス」が日本で展開する、アイスクリームチェーンは何 ?,トウェンティワン,フォーティワン,フィフティワン,サーティワン,サーティワン
ゆでたまごの漫画『キン肉マン』で、キン肉マンの額に刻まれているだまゴたる円有,闘,筋,力,肉,肉
きぎっくり腰の原因にもなる、椎間板がずれる症状は「椎間板つ〇つ〇」。のの]たき口。,ヘルスケア,ヘルニア,ヘルメット,ヘルシー,ヘルニア
サーモグラフィーとは、赤外線を用いて何を測定する装置?,速度,震度,角度,"温度
し"">-4","温度
し"">-4"
"日本では飛鳥時代に制度化された、律令制度
にあめ
も
と人々に支
こ支給さ
され

た農
人間ーース地のことを何という ?",耳分田,口分田,鼻分田,目分田,口分田
次のうち、森をもちいたスイーツにあるのはとどとれ2?,エベレスト,モンブラン,キリマンジャロ,マッターホルン,モンブラン
映画やドラマの「サントラ」とは、何という言葉の略 ?   」,サウンドトラック,サウンドトリック,サウンドトリップ,サワウンドトロット,サウンドトラック
次のうち、下安時代に反乱を起こした武将は誰2,桜田門,年蔵門,虎ノ門,在将門,在将門
次の漫画をアルファベット順に並べた時、最初にくるものはどれ?,ONE PIECE,NARUTO,BLEACH,SKET DANCE,BLEACH
「赤毛のアン」 の舞台となったカナダの島は次のうちどれ?,グアム己,マダガスカル島,プリンスエドワード島,淡路島,プリンスエドワード島
ゲーム !マッピー』で、マッピーを追いかけるニャームコとはどんな動物 ?,ネズミ,イヌ,ネコ,ウサギ,ネコ
次のうち、腹ばいになって日光浴することを意味する言葉はどれ?,皿維十し,角十し,牙千し,爪干し,皿維十し
西暦668年より天智天皇として在位した「中大兄星子」の読み方は?,ナカシテイダイオウシ,チュウダイケイオウシ,チュウオオコウシ,ナカノオオエノオウジ,ナカノオオエノオウジ
次のうち、製菓の専門学校を舞台にした漫画はどれ2?,勝利の悪魔,夢色パティシエール,サラすばば !,君は坂道の途中で,夢色パティシエール
ハンドボールで、空中でパスを受けてシュートするプレーを何という 2?,アースプレー,スペースプレー,スカイプレー,ダイビングプレー,スカイプレー
愛称を「ラブリン」という、ドラマ『邊沢直樹』」の黒崎駿一役などで知られる歌舞伝俳優は誰 ?,松本幸四郎,坂東玉三郎,市川彼之助,片岡愛之助,片岡愛之助
次のうち、会仁がつぶれることを意味する言葉はどれ?,出産,倒産,減産,増産,倒産
次のうち、花の品種はどれ ?,タンメン,ラーメン,シクラメン,チュウカメン,シクラメン
「大地を震わす和太鼓の律動に」という書き出しで始まる、お笑い芸人・又吉直樹の小説は何 ?,尾花,風花,造化,火花,火花
アイスホッケー史上最も偉大な選手といわれるウェイン・グレツキーののjn中4たす呈2,ブラジル,カナダ,ナイジェリア,韓国,カナダ
次の消化管のうち、口から食べた物が最初に通るのはどれ?,食道,"EH
月",十二指腸,小腸,食道
腕につけるアクセサリーは「C〇COOレット」。〇〇〇に入る言葉は何 ?,ブレス,クレス,トレス,アレス,ブレス
女性の体で、受精卵が着床して胎能2ジリグリモルIITAち円肝。,子殿,子宮,子郎,子城,子宮
「願いましてては」。使っている道具は何 ?,ローラースケート,でうさん,えんびぴびつ,そろばん,そろばん
企均点を取った場合、偏差値はいくつ 2?,S0,100,0,10,S0
次のうち、ボールに指を入れる穴が空けられている競技はどれ2?,バスケットボール,7人制ラグビー,ゴルフ,ボウリング,ボウリング
七五三の縁起物として有名。何人辿 ?,林檎人骨,千歳骨,のと館,綿館,千歳骨
「油揚げけ」は何を油で揚げた食品 ?,こんにやく,豆腐,大根,かまぼこ,豆腐
漫画『ポパイ』で、ポパイがパワーアップしたい時に食べる野革は何 ?,ニンジン,アスパラガス,ほうれん曲,キャベツ,ほうれん曲
次のピアノのパーツのうち、数が最ドジ23上もうす)】ちすず2光員り,ダンパーペダル,晶鍵,黒鍵,中ペダル,晶鍵
次のうち、鳴き声が「モー」と表現される動物はどれ?2   」,ウン,ウマ,ゾウ,ニワトリ,ウン
「ハマの番長」の愛称で知られる、プロ野球・横浜DeNAベイスターズで投手として活躍したのは誰 ?,山本昌,西口文也,黒田博樹,三浦大輔,三浦大輔
"漫画でよくみる「ZZZ」という描写は、キャラクターが何をしている状騒を
表す?",泣いている,稀っている,寝ている,笑っている,寝ている
"中国語
詰 で 「洛
7+ノ
K」と書く飲み物は?",牛乳,サイダー,コーヒー,ヤクルト,サイダー
_ テレビ番組で『ブラの〇〇』と『ヨル〇〇OO〇O』の〇〇〇に共通して入るタレントは誰?,たけし,タモリ,さんま,ヒロミ,タモリ
お笑い芸人で、AMEMIYA、どぶろっく、テツandトモといえば、得意とする芸風は次のうちどれ?,ものまね,マジック,歌ネタ,パントマイム,歌ネタ
野球で、走者に対して「ブロック」を行うのは、次のうちどこのポジアー ゆアメソ:,ショート,ピッチャー,センター,キャッチャー,キャッチャー
漫画『美味しんぼ』で、「至高のメニュー」に対抗して出されるメニューは「何のメニュー」 2?,天国のメニュー,究極のメニュー,抜群のメニュー,至上のメニュー,究極のメニュー
次の中で有藤子不二雄の作品でないものは?,怪物くん,エスパー腐美,プロゴルファー猿,クレヨンしんちゃん,クレヨンしんちゃん
次のうち、かつて日本代表としても活躍した元サッカー選手、井原正巳の異名はどれ2?,南極の壁,オセアニアの壁,ヨーロッパの壁,アジアの長,アジアの長
ビリヤードで、1番から9番までのボールを、番号順に落としていくゲームを何という?,ハンドボール,ハウスボール,ナインボール,ロストボール,ナインボール
『リドラえもん』に登場するガキ大将・ジャイアンにいるのは次のうちとれ?,妹,弟,姉,冗,妹
「燃える氷」とも呼ばれる個体結晶、〇〇〇ハイドレート。〇〇〇は回角,チタン,メタン,トタン,ボタン,メタン
次のうち、NYCやSexy Zoneにもカバーされた、光GENJIの楽曲はどれ ?,"男気
100%",勇気10000000%,男気1%,"勇気
10%","男気
100%"
ニーハイブーツ、ニーハイソックスの「ニー」が意味する体の部分はどご2,うで,ひざ,かた,ひじ,ひざ
"標 ]  計』              ロ
ご| の
_
記 い
ー
丁つ
た
場所       こと
(ー
に
ピ N 酸素の欠乏や気圧の低下などで起こる症状を何という ?",台地病,高山病,野病,海淵病,高山病
アルバータ州、マニトバ州、サスカチュワン州などがある、北米の国はとどこ?,中国,韓国,日本,カナダ,カナダ
0ジュンルエニヒゴ に コンリピ9んもてこが6テコレーションしたケーキ「COCOケーキ」。〇〇〇は何 ?,セカンド,サード,ファースト,ショート,ショート
織田信長、豊臣秀吉が政権を握った16世紀末期を、両者の居城があった場所から何時代という ?,南北朝時代,安土桃山時代,桂園時代,文化文政時代,安土桃山時代
次のうち、一般に「100C」とされとをのちずっ    」,水の沸点,鉄の融点,鉄の沸点,水の了融点,水の沸点
夫に同じくフォークシンガーの引部和夫をもった、『なごり寺』で有名な女性シンガーは誰 ?,イルカ,クジラ,アシカ,フッコ,イルカ
「アンネの日記』の作者として知られる少女の名前は、アンネ・〇〇〇つ。〇の〇〇は ?,フランク,ウインク,トランク,ペタンク,フランク
漫画ワンピースの登場人物、ロビン9】出本をヨモ,海洋学者,考古学者,地理学者,物理学者,考古学者
12月24日は「クリスマス・Cこた 。1e】た円7         」,シブ,カブ,リブ,イブ,イブ
バレーボールの技術のひとつ「天井(CXつつ」。〇に入る言葉は次のうちとれ?,リベロ,スパイク,サーブ,エース,サーブ
室伏重信、室伏広治といえば、どんなスポーツで活躍した男性?,ハンマー投げ,マフソン,"立立*マ
呪涼",バスケットボール,ハンマー投げ
妻・美由紀との間の子供にともに俳優の龍生、翔太がいる、日本の俳優は誰 ?,高倉健,渡哲也,石原裕次朗,松田優作,松田優作
JE間|きの 当還KGzルョアルルの名前は?  」,折王号,黒王号,青王号,赤土号,黒王号
東川篤部の小説『謎解きはディナーのあとで』に登場する「影山」の仕事は次のうちどれ?,放事,検事,刑事,執事,執事
「宇宙ゴミ」とも呼ばれる、本来の活動を終えて宇宙空間に漂流している人工物体を何という ?,スペースデブナブリ,テラデブリ,アースデブリ,サンデブリ,スペースデブナブリ
"イタリア語で「ボーノ」といえば、日本語で
ではどんな意味 ?",愛してる,ありがとう,さようなら,美味しい,美味しい
Jリーグ、鹿島アントラーズと水戸ホーリーホックがホームを置く都道府県はどこ?,埼玉県,茨城県,奈川県,千葉県,茨城県
サル類とヒト類を含む、動物の分類生和回記2,霊小類,,霊大類,,
元プロ野球選手の谷佳知の妻は、かつてどんなスポーツで活躍した人 2,バレーボール,フィギュアスケート,柔道,体操,柔道
ジャンケンで、パーを出した時に伸ばしている指の数は何本 ?,5本,4本,3本,2本,5本
映画やテレビなどで、後で音声を録音する手法「アフレコ」。 「アフ」は何の略 ?,アフリカ,アンフェア,アフロ,アフター,アフター
ブルク劇場やウィーン国立歌劇場などの劇場がある、ヨーロッパの国はとどこ?,イタリア,スペイン,イギリス,オーストリア,オーストリア
「見ろ!!人がゴミのようだ!!」というセリフが登場するアニメ映画は回角,天空の城ラピュタ,となりのトトロ,風の谷のナウシカ,腐女の宅管便,天空の城ラピュタ
主人公・世之介の生涯を描いた、江戸時代に書かれた井原西稚の澄世草子は何 ?,好色三台男,好色一代男,好色四題男,好色二大男,好色一代男
1549年に日本に初めてキリスト教を伝えた、スペインの宣教師は誰 ?,ロヨフ,フロイス,ザビエル,オルガンティノ,ザビエル
ヘイヘイホー」 という歌詞でも有名な、演歌歌手・北島三郎の代表曲は何 ?,田吾作,全作,与作,一作,与作
「とろろごはん」の「とろろ」とは、何をすりおろしたもの?,サトイモ,ヤマイモ,サツマイモ,ジャガイモ,ヤマイモ
アニメ 『巨人の星』で、星飛雄馬の父親の名前は星何 ?,一徹,宙太,豊作,満,一徹
ポール・ラッシュといえば何の競技の父と称される人物 ?,バドミントン,バレーボール,ソフトボール,アメリカンフフットボール,アメリカンフフットボール
次のうち、太陽系の惑星に含まれない星はどれ?,地球,火星,木星,異土星,異土星
プロ野球チームの本拠地でもある「ヤフフオク! ドーム」があるのは何県 ?,兵庫県,広島県,,忠岡県,忠岡県
ホテルや飛行機などで、二重に予約を受けてしまうことを何という ?,ダブルノッキング,ダブルブッキング,ダブルクッキング,ダブルドッキング,ダブルブッキング
人気漫画『どらえもん』を正しく表記するとどう書かれる 2?2,ドらえもん,ドラえもん,ドラエもん,ドラエモん,ドラえもん
クイズ番組『くりいむクイズ ミラクル9』で司会を務める、くりいぃいむしちゅーのメンバーは誰 ?,高橋茂雄,中田敦彦,渡部建,上田普也,上田普也
次のうち、書類をまとめて綴じておくための文具はどれ2?,ファインダー,グライダー,リマインダー,バインダー,バインダー
サッカーやラグビーで、ボールを蹴ることを何という ?,マック,キック,ラック,バック,キック
バロック時代の代表的な形式である、小曲や楽章をいくつかまとめた曲を何という3?,粗曲,組曲,相曲,宜曲,組曲
相対性理論」で知られるドイツの物理学者は誰 ?,アインシュタイン,"ファラ
アァラデー",ホーキング,ニュートン,アインシュタイン
「ダンクシュート」といえば、どんな球技で使われる言葉 ?,バスケットボール,ゲートボール,軟式テニス,ゴルフ,バスケットボール
卓球で、台の端をかすったボールを何という?,エックスボール,エッグボール,エッジボール,エッチボール,エッジボール
薬が持つ、病気を治す本来の作用とは別の作用を何という ?,新作用,準作用,未作用,副作用,副作用
次のうち、1年で最も早く訪れる行事はどれ?2,中秋の名月,節分,鏡開き,針供維,鏡開き
次のうち、下によって媒介される熱深性の伝染病はどれ?,ガッパ熱,ダヌキ熱,ギツネ熱,デング熱,デング熱
次のうち、男性の礼装用の帽子はどれ 2?,コットンハット,シルクハット,キャラコハット,ジョーゼットハット,シルクハット
次のうち、漫画『賭博黙示録カイジ』の題材となっているものはどれ?,料理,ギャンブル,大学受験,ファアッンション,ギャンブル
俗に「億ション」と呼ばれるのは、1億円以上の何のこと ?,マンション,カーネーション,アニメーション,ファアッンション,マンション
『Darling』」や『GO FOR IT!』 などのヒット曲がある歌手は誰 ?,西野カナ,西野マナ,西野ナナ,西野リナ,西野カナ
ウリやダイコンを酒かすで漬け込んだ漬け物を「〇〇〇漬け」。 〇の〇〇のは ?,岡山,広島,奈良,大阪,奈良
膝沢とおるの漫画『GTO』の「T」とは何という言葉の略?,ティーナチャー,タートル,トライアングル,テンプル,ティーナチャー
正岡子規の有名な俳句「柿食えば〇)が鳴るなり法隆寺」。〇は何 ?,季,鈴,腕,時,時
フリーアナウンサーの小島奈津子、ンーギン:8いときとと:ツガのテレビ局の局アナだった?,NHK,フジテレビ,テレビ東京,TBS,フジテレビ
タンポポの花が咲いた後にできる、種を飛ばすためのフワフワした毛を何という3?,枝毛,綿毛,麻毛,癌毛,綿毛
テレビ番組で、『ゼミ』『ジャボポン』『反省会』の前に共通してつく、あるお笑い芸人の名字は何 ?,山里,小木,有吉,後藤,有吉
一般的な「いろは歌」で、「い」「ろ」「は」の次にくるのは何 ?,と,は,に,へへ,に
ゲーム 「スーーパードンキーコング』で、ドンキーコングが投げて敵を攻撃するのは次のうちどれ?,空き缶,タル,ペットボトル,ビン,タル
サッカーのチームで 「松本山雅べに)〇」「横浜つOOつ〇O」「〇〇〇東京」の〇つつのに共通する言葉は何 ?,FB,FC,FD,FA,FC
「土砂降り」といえば、普通、降っKAと3Y】たく円有/,"NN|
十",土,砂,"呈記
雪","NN|
十"
のルクョヒコリとたゴ/すあのがいる海の生き物は何 ?,デイ,シイ,ビイ,エイ,エイ
次のうち、野球の得点方法として正しいのはどれ2?,土依から押し出す,本塁を踏む,ゴールにボールを入れる,ピンを倒す,本塁を踏む
次のうち、佐藤栄作元首相が述べた「非核三原則」に含まれない人原則はとれ?,手放さず,作らず,持ちこませず,持たず,手放さず
スポーツで、激しい運動の後に心身を卒静に戻すために行う軽い運動のことを何という?,クーリングダウン,バーンアップ,クーリングオフ,バーンサイド,クーリングダウン
有料で動く洗浴機や乾燥機が備えられた施設「〇OO〇〇ランドリー」。〇(つうは何 ?,ワイン,コイン,サイン,ライン,コイン
オートバイに乗る時やスキーをする時などに装着する、風よけのメガネを何という ?,ゴースト,ゴージャス,ゴールド,ゴーグル,ゴーグル
"従業員にとって良好な職場環境が確保されている企業のことを、「ブアアルクルコ
」に
に対して何という ?",ブルー企業,パープル企業,レッド企業,ホワイト企業,ホワイト企業
次のうち、朝鮮生島における「三国時代」の「三国」にあった国はどれ?,,白済,千済,万済,白済
柔道や合気道で、自由に技をかけ合って練御することを何という?,総取り,隈取り,本取り,乱取り,乱取り
北大路大也演じる清田清一ら3人の男が町内の様々な問題を解決する、テレビ東京のドラマは何 ?,三匹の若造,三匹のおっさん,三匹のOL,三匹のリーマン,三匹のおっさん
次のうち、秋のお月見の時に飾られる植物はどれ2?  「,ススキ,タタキ,ササキ,ハハキ,ススキ
ある果物の名がついた、表面に格子状の切れ目をつけたパンは何?,メロンパン,ブドウパン,マンゴーパン,イチゴパン,メロンパン
化学式が CH3COOH と表されるカルボン酸は ?,醤油酸,酢酸,砂糖酸,塩酸,酢酸
漫画『難波金融伝・ミナミの錠王』の舞台となるのは次のうちどこ?,大阪,奈良,碧戸,京都,大阪
美濃、土佐、越前などの種類がある紙は何 ?          「,ボール紙,合成紙,和紙,新聞紙,和紙
オダギリジョー、麻生久美子出演のっレビ朝日のドラマ『〇つO〇警察』。(〇ては何 ?,時効,取締,,目肖,時効
シングル『幸皿論』やアルバム 『勝訴ストリップ』などで知られるミュージシャンは誰 ?,椎名林檎,aiko,YUKI,宇多田ヒカル,椎名林檎
「下者」「易者」といえば、どんなことをする人のこと 2,工事,教育,料理,占い,占い
主に女性タレントがある場所を全力で駆け上がる姿を放送する、テレビ朝日の番組は何 ?,全力崖,全力山,全力タワー,全力坂,全力坂
「太陽戦際サンバルカン』で、バルシャークに変身したのは次のうち上:壮4,大荻龍介,猛朝夫,魚島胸也,出山大三郎,魚島胸也
漫画 !ONE PIECE』に登場する悪魔の実で、食べると体を透明にすることができるのは何 ?,スパスパの実,キロキロの実,モグモグの実,スケスケの実,スケスケの実
「足のバレーボール」ともいわれる、東南アジア生まれのスポーツは回角,セパタクロー,ヨシダタクロー,タツミタクロー,モリナガタクロー,セパタクロー
ボルトと組み合わせて、部品と部品を締め付けて固定するものを何という?,ニット,ネット,ナット,ノット,ナット
次のうち、88星座に実在する星座はとれ?,にしじゅうじ座,さたじゅうじ座,ひがしじゅうじ座,みなみじゅうじ座,みなみじゅうじ座
カプコンのゲームのタイトル。 『裁赴』 『検事』といえば前に共通してつく言葉は何 ?,反折,逆転,独走,対立,逆転
Jリーグで、各シーズンで最も優れた11人の選手に授与される表彰を何という2,ベストエイト,ベストナイン,ベストテン,ベストイレブン,ベストイレブン
狂言師の野村萬斎が主人公の安倍晴た!のElたる円肝/,殺陣師,化粧師,陰陽師,納模師,陰陽師
次のうち、ハムスターの種類に存在するのはどれ2?,カッパーハムスター,ゴールデンハムスター,ブロンズハムスター,シルバーハムスター,ゴールデンハムスター
ケント・ギルバート、ダニエル・カール、チャック・ウィルソンといえばどこの国出身のタレント ?,アメリカ,フフンス,中国,インド,アメリカ
日本の政令指定都市で、磯子区、保土ケ谷区、港北区などがあるのは何市 ?,静岡市,札幌市,横浜市,大阪市,横浜市
"ゲームで、クリアしたことによって見られるデモ画面のことを「""何""デモ」という 2?",オープニング,エンディング,インサート,ブレイク,エンディング
フィギュアスケートで、競技が終了した後に行われるショーのことを何という2,エクステンション,エキシビピション,エクスポジション,エグザーション,エキシビピション
ウド鈴木と天野ひろゆきの二人からなるお笑いコンビは何 ?,バナナマン,キャインン,チュートリアル,くりいむしちゅ一,キャインン
次のうち、ディオ・ブランドーという人物が登場する漫画はどれ?,罰闘士星矢,ジョジョの奇妙な冒際,キン肉マン,ドラゴンボール,ジョジョの奇妙な冒際
最後に「ん」のついた言葉を言うと負けになるおなじみの遊びは何 ?,かりとり,しりとり,やゃやりとり,ちりとり,しりとり
誕生日をお祝いする時に出されるケーキを、特に何という ?,クリスマスケーキ,ウェディングケーキ,ダイパーケーキ,バースデーケーキ,バースデーケーキ
蒸気や液体などの運動エネルギーを回転運動のエネルギーに変換する機械は何 ?,タービン,ターベン,ターボン,ターバン,タービン
シレルン <にこにこ.ア月9Aもアル球を蹴ることと、ジャンプし両足で相手を蹴るプロレス技を何という ?,ドロップキック,コンバージョンキック,ペナルティーキック,プレースキック,ドロップキック
次のうち、邊日ではないのはどれ ?,敬老の日,成人の日,人ズの日,こともの日,人ズの日
1929年に起きた「世界恐慌」の発端となった国はどこ ?,日本,イギリス,アメリカ,フフンス,アメリカ
箱根山や浅間山の噴火によってできた、関東在野を覆う火山放層を何という ?,関東アーム,関東チーム,関東ローム,関東ドーム,関東ローム
「極限バトル!!三大超サイヤ人』といえば、何というアニメの劇場版作品のサブタイトル?,ドラゴンボールZ,らんま1/2,幽交遊広昌書,YAWARAI,ドラゴンボールZ
次のうち、北海道に属する島はどれ 2?,沖ノ鳥島,与那国島,南島島,択症島,択症島
次のうち、メートル法における面積の単位にあるのはどれ2?,キュー,アゲアール,エックス,エイチ,アゲアール
ことわざで、「一日にして成らすず」「すべての道は通ず」などといわれる都市はどこ ?,ローマ,ロンドン,ベルリン,パリ,ローマ
けらえいこの漫画『あたしンち」で、立花家の長女の名前は何?_,ばなな,りんご,めろん,みかん,みかん
ドラマ『サラリーマン金太郎』や『上黒い太陽』で主演を務めた俳優「永井大」の読み方は何?,ながいまさる,ながいだい,ながいたかし,ながいひろし,ながいまさる
シャーロット、エミリー、アンの「ブロンテ三姉妹」といえば、どこのJE【クja導:性?,中国,イギリス,ロンア,インド,イギリス
女優の太鳳、ナイツの伸之、タレントのアンナに共通する名字は何?,土屋,児島,,塚地,土屋
日本の国旗「日の丸」に使われていいる2つの色は、何色と何色 ?,曰と青,赤と星,赤と黒,日と黒,赤と星
次のうち、ウスバカゲロウの幼申はとれ?,アリゴクラク,アリジゴク,アリテンゴク,アリレンゴク,アリジゴク
次のうち、サッカー用語の「シュート」の本来の意味はどれ ?,遅れる,撃つ,手伝う,抑圧する,撃つ
ピザ、パスタといえば、どこの国の料理 ?,イタリア,アメリカ,ブラジル,モンゴル,イタリア
試合会場外の大型映写装置でスポーツを観戦する方式「パブリックCでCO(〇」 o 〇〇〇は何 ?,ドローイング,ビューイング,シンキング,リスニング,ビューイング
2018年稼働のゲーム『ボンバーガール』は、どんなゲーム作品をベースにして作られた作品 ?,ロードランナー,ボンバーマン,チャレンジャー,バイナリイィイランド,ボンバーマン
耳の外側にある垂れ下がった柔らかい部分のことを、普通、何という 2?,耳ふた,且たぶ,耳たい,耳あて,且たぶ
テンプンを青紫色に染める楽品は「〇〇O〇液」。 つ〇〇は何 ?,フッ素,ケイ素,ヨウ素,ホウ素,ヨウ素
映画『天空の城ラピュタ』で、ヒロインのシータが持っていた不思議なアー【のと:和たる円時,空中石,飛行石,宇宙石,浮遊石,飛行石
独特の鋼で作られる、ヒツジの肉を使った焼肉料理は何 ?,コロンブス,ナポレオン,ミケランジェロ,ジンギスカン,ジンギスカン
バスケットボールで、シュートに和失敗したボールを取ることを何という?,アンスト,リバウンド,ブロックショット,スズスティール,リバウンド
ロシアの元女子テニス選手・シャラオワのファーストネームは何 ?,シモナ,カロリナ,アナスタシア,マリア,マリア
トラベリング、フリースロー、リバウンドなどの用語が使われるスポーツは何 ?,バスケットボール,フィギュアスケート,レスリング,卓球,バスケットボール
不可能な任務に挑むイーサン・ハントの活躍を描いた映画『ミッション : のOO』 。 の〇の〇は何 ?,プロブレム,トラブル,ディフィカルト,インボッシブル,インボッシブル
未次由紀の漫画 『ちはやふる』はどんな室内競技を題材にした作品 ?,将棋,百人一第,囲碁,ディベート,百人一第
次のうち、沙ち物パズルゲームはどれ 2?,上海,ロードランナー,テトリス,四川省,テトリス
次のうち、 『鉄腕アトム』と同じ作者が描いている漫画はどれ?,サイボーグ009,キャプテンハーロック,ジャングル大仙,オバケのQ太郎,ジャングル大仙
次のうち、タイトルに主人公の名前が入っている湿画はどれ ?,ベルセルク,クローズ,SLAM DUNK,グラップラー辺牙,グラップラー辺牙
三波春夫らが歌った大阪万博のテーマソングは『世界の国から〇〇〇つ』。〇のの〇の〇は何 ?,こんばんは,こんにちは,さようなら,ありがとう,こんにちは
かつてのフジテレビの番組『トリビアの泉』で、パネラーが評価をする際に押したボタンは何 ?,はあぁボタン,ほおぉボタン,へぇボタン,,へぇボタン
次のうち、部屋が片付いてきれいな様子を表す言葉はどれ?,しっかり,ばっちり,どっさり,すっきり,すっきり
元々住んでいた住民が他の土地へ移住してしまい、無人化してしまった町のことを何タウンという?,ニュータウン,ケープタウン,ゴーストタウン,ベッドタウン,ゴーストタウン
アリゾナ州フェニックスを本拠地とする大リーグの野球チームは「アリゾソナ・何」 ?,エメラルドバックス,ルビーバックス,ダイヤモンドバックス,サファイアバックス,ダイヤモンドバックス
北海謝国と呼ばれたデンマークが11世紀に一時支配した国は?,日本,中国,,イングランド,イングランド
アジア出身の女子テニス選手として、史上初の世界ランクTop10入りを果たしたのは、次のうち誰 ?,奈良くるみ,杉山愛,伊達公子,浅越しのぶ,伊達公子
西暦668年より天智天皇として在位した「中大兄星子」の読み方は?,チュウオオコウシ,ナカノオオエノオウジ,チュウダイケイオウシ,ナカシテイダイオウシ,ナカノオオエノオウジ
夕方ごろに降るにわか雨のことを、俗に何という2?,夕走り,夕寝,夕歩き,夕立ち,夕立ち
_ 警察記のことを、一般的に「〇〇〇さん」。〇のの〇〇は ?,みまわり,こまわり,おまわり,ひまわり,おまわり
首都をキトに置く、バナナなどの生産が盛んな南アメリカの国はどこ ?,トリンドル,キャンドル,エクアドル,クレードル,エクアドル
文章の注釈などに使われる「*」のマークを、その形から何という 2?,米印,雲印,考印,豆印,米印
沢尻エリカ主演のドラマ『ファーストクラス』で舞台となっているのはどんな業界 ?,建築,映画,スポーツ,ファアッンション,ファアッンション
『セクシャルバイオレットNo.1』や『サード・レディ』などのヒット曲KMIE2Y おにコた: 者,津正博,伊勢正博,桑名正博,四日市正博,桑名正博
「光の三原色」といえば、青、緑と何 ?,紫,放色,赤,余包,赤
次のうち、土佐藩出身の志士は誰 ?,西郷隆盛,伊藤博文,坂本龍馬,吉田松陰,坂本龍馬
潮が引いて海水面が最も低くなった状態のことを、「満潮」に対して何という2,高潮,親潮,干潮,黒潮,干潮
スポーツの世界で新人選手を意味する言葉は何 ?,ターキー,トーキー,ルーキー,ザーキー,ルーキー
次のうち、陸上のトラック競技で選が走る走路を指す言葉はどれ2?,"ご  ヽ
ニーン",リーン,メーン,レーン,レーン
飛鳥時代の政治家・中臣鎌足が、天智天皇から賜った姓はどれ?,足利,豊臣,徳川,藤原,藤原
昔話『さるかに合戦』で、猿と蟹がおにぎりと交換したのは何の種 ?,クリ,リンゴ,カキ,オレンジ,カキ
四則演算で、「加算」とはどんな計算のこと ?2    -,引き算,掛け算,足し算,割り算,足し算
陸上女子100mの世界記録を持つ選手誰2,ジョイナー,オッティ,シンプソン,ジーター,ジョイナー
次のうち、金属製ではない道具はどれ 2?,鉛錯,鉄多,須恵器,負鐘,須恵器
1908年に第4回夏季オリンピックが開催された、イギリスの首都はどご2,パリ,アテネ,ロンドン,ベルリン,ロンドン
映画『風の谷のナウシカ」 に登場するナウシカは、どのような立場の少女?,幽霊,土女,天才科学者,不老不死,土女
工場などで人荷物の積み降うしをする荷役自動車「つ〇O〇リフト」の〇〇つつは何 ?,ボウル,フォーク,ナイフ,スプーン,フォーク
すし屋で「ガリ」と呼ばれるものは円時,ショウガ,シオ,タクワン,キュウリ,ショウガ
一般にはNHKが制作するものを指す、1928年に始まった国民保健体操は何 ?,ネット体操,ラジオ体操,スマホ体操,テレビ体操,ラジオ体操
参加資格に制限がなく、誰でも参加できるスポーツ競技や試合のことを何という3?,クローズドゲーム,ビッグゲーム,スモールゲーム,オープンゲーム,オープンゲーム
ギリシャ紳ち話のアドニスの伝説で知られる、地中海原産の人花は〇〇(〇モネ。〇〇〇は ?,オトウト,アネ,イモウト,アニ,アネ
180度もの富野がある特殊なレンズのルスロPRp,島眼レンズ,虫眼レンズ,魚眼レンズ,人眼レンズ,魚眼レンズ
アニメ『それいけ! アンパンマン』で、いつもコック帽をかぶっているキャラクターは何 ?,しょくばぱんまん,アンパンマン,ジャムおじさん,カレーパンマン,ジャムおじさん
のの 「鏡」をつく るとさきさに、 ガラスの表面に薄く塗られる金属は何 ?,銀,金,鋼,プラチナ,銀
マンゴーやパパイヤなど、幸帯地方で生産される果物のことを総称して何という3?,クラシカルフルーツ,テクニカルフルーツ,トロピカルフルーツ,エコロジカルフルーツ,トロピカルフルーツ
西洋のお祭りハロウィンの時に作る、中身をくりぬいてロウソクをたてる野楽は何 ?,トマト,ニンジン,カボチャ,ダイコン,カボチャ
次のうち、バスケットボールを題材としたゲームはどれ2?     「,バーチャNBA,バーチャストライカー,バーチャアスリート,バーチャファイター,バーチャNBA
粉ひき職人の三男が猫の知恵によって二の依妨になるというストーリーの、ペローの童話は何 ?,上靴をはいた猫,連動鞭をはいた独,安全靴をはいた獲,長寺をはいた猫,長寺をはいた猫
次のうち、NHKで制作・放送されている音楽番組はどれ ?,SONGS,WINGS,LONGS,RINGS,SONGS
テレビ番組 『天才 ! 志村どうぶつ園』で、「園長」を務めたのは誰2?,所ジョージ,志村けん,拓忠亭鶴瓶,明石家さんま,志村けん
小説『隊日向に咲く』でも知られるピン芸人・俳優は誰 ?,劇団ひとり,劇団ひやゃくにん,劇 団ふ た  り,劇団さんにん,劇団ひとり
森の空気を浴びて、リラックスする健康法を何という ?,混浴,日光浴,森林浴,和キ身浴,森林浴
特撮番組『ウルトラマンダイナ』で、主人公のアスカ・シンを演じていたタレントは誰 ?,里田まい,つるの剛士,上地雄輔,野久保直樹,つるの剛士
演劇用語で、長期にわたって同じ演目を上演することを何という ?,ミドルラン,ロングラン,セカンドラン,ショートラン,ロングラン
次のうち、旭奈川県に所在する高校はどれ2?,東海大甲府,東海大四,東海大望洋,東海大相模,東海大相模
「メディア良化法」が成立した世界を描く、有有川浩が原作を手掛けた岡田准一主演の映画は何 ?,裁剤所戦争,公民館戦争,市役所戦争,図書館戦争,図書館戦争
アニメ 『新機動戦記ガンダムW」』で、主人公のヒイロ・ユイが主に搭乗したガンダムはどれ?,ガンダムへヘビーアームズ,ガンダムデスサイズ,ウイングガンダム,ガンダムサンドロック,ウイングガンダム
梶井基次郎の小説『桜の樹の下には』で、主人公が桜の樹の下に埋まっていると想像したものは何 ?,手紙,埋蔵金,不発弾,死体,死体
"p【    し  さ
ー  ーー  ー
紙#
を 発
ンしているのは何銀行 2",市中銀行,東京銀行,地方銀行,日本銀行,日本銀行
SANYOが展開する、「マリンちゃん」などのキャラクターでおなじみのパチンコ機シリーズは何 ?,海物語,化物語,冬物語,俺物語,海物語
バレーボールの「ローテーション」GE| ミウMESシンニア4 ルッとべ3)】とや p ます,選手の背番号,選手のポジション,選手の髪型,試合場の空調の強さ,選手のポジション
スキー競技のバイアスロンで、選手が競技中に手に持つものは、ライフル銃と何?,ナイフ,ストック,釣り竿,バット,ストック
トルティーヤという生地に内を挟んだ、メキシコ料理と言えば何 ?,タコス,カニス,エビス,イカス,タコス
凡人でも集まれば良い知恵が出るという意味のことわざ「〇〇寄れば文殊の知恵」 。〇〇は何 ?,五人,三人,巧人,九人,三人
ゴルフの1ラウンドは何ホールからなる 2,22,20,16,18,18
1900年にアフリカの森林地帯で発見された、キリンのような長い右と編模様の脚が特徴的な動物は何?,オカネ,オカピ,オカキ,オカン,オカピ
日光街道の茶店が発詳とされる、醤油が塗られた埼玉県名物のせんべいといえば何せんべい ?,秩父せんべい,深谷せんべい,川越せんべい,草加せんべい,草加せんべい
次のうち、『週刊少年ジャンプ』」と同じ出版和計が発売している漫画雑誌はとどれ?,アフタヌーン,ヤングアニマル,ビッグコミック,ウルトラジャンプ,ウルトラジャンプ
次のうち、夫や妻の父を意味する言葉はどれ2?,けんと,しょうと,しゅうと,かいと,しゅうと
漫画『文哀ストレイドッグス』」の登場人物で、「人間和失格」という能力のこうちゅ!】ち : 者4,太議冶,忠沢識吉,宮沢賢治,借川龍之介,太議冶
ゲーム『龍が如く3』」の舞台である歓楽街、琉球街があるという都道府県はどこ?,沖縄,札幌,東京,大阪,沖縄
「あなたと、コンビに」をコーポレートスローガンとする日本のコンビニニは何 ?,ローソン,セブンイレブン,ミニストップ,ファアミリーマート,ファアミリーマート
幼虫は多数の毒針を持ち、さなぎになると卵型のまゆを作るガの一種は回角,イライ,イラガ,イラン,イラク,イラガ
樹木のうちでも、一年中葉をつけたままのものを落葉樹に対して何という?,常銀樹,常緑樹,常黄樹,吊赤樹,常緑樹
漫画『「ドラゴンボール』に登場する人物の名前で、「鈴」「亀」の後ろに共通してつく言葉は何 ?,教授,仙人,師匠,先生,仙人
次の人間の体の部位のうち、一般に体の表面に露出しているのはどれ2?,衣,筋肉,皮膚,脂肪,皮膚
松江名俊の漫画『トキワ来たれり1!』の主人公の名前は何 ?,八坂トキワ,牧著デウス,弥多ハルカ,卓共カナタ,八坂トキワ
アジアの国として初めてオリンピックを開催した国はどこ ?,韓国,日本,インド,中国,日本
中国地方で、人口が最も少ない県はとどこ?2,鳥取県,広島県,岡山県,山口県,鳥取県
数学で2つの図形が全く同じである「合同」を表す記号は、次のうちどれ?,,テ,,十,
次のうち、ニュース番組などに出演して解説などを行う人はどれ?,タダターミネーター,ネゴシエーター,コメンテーター,マルチモーター,コメンテーター
タレントの関根魔里を妻に持つ、日本在住の韓国人歌手は誰?_,E,A,B,K,K
ミルクや砂糖を加えていないコーヒーの事を、その色から「何コーヒー」 と言う?,レッド,ブラウン,ホワイト,ブラック,ブラック
「無敵のガールフレンド』や『障』などの曲で知られる、女優としても活躍する歌手は誰 ?,大原椿子,大原松子,大原桃子,大原櫻子,大原櫻子
_ 映画『ウォーター〇OO』『OつOO〈〇つつ・ウォーZ』 『ジュラシック・〇)〇つ〇』の〇〇〇は何 ?,プラネット,ワールド,ランド,キングダム,ワールド
次のうち、最も年齢が若いのは誰 ?,石川佳純,マリア・シャラボポボワ,吉田沙保里,伊達公子,石川佳純
チャイコフスキーの三大バレエエ音楽のひとつ『O〇OO〇O〇割り人形』。 〇〇つつは何 ?,くるみ,こおり,たまご,かがみ,くるみ
アラビアの砂漠に住み、500年に1度生まれ変わるとされる、エジプト還話の不死島は何 ?,フォックス,フェニックス,ボルボックス,オリックス,フェニックス
次のうち、1kg以上の重さのボールを使って行うスポーツはどれ?,ボウリング,バスケットボール,野球,サッカー,ボウリング
"橋本愛、剛力彩芽、武井吹らが専属モデルを務めた、10代の女性に人気のウル:メンタン
ァッション誌は何 ?",OqdgI,Seventeen,小悪魔ageha,装多,Seventeen
多くの男性が憧れる女性のことを、聖母マリアに例えて何という 2?,マドンナ,デオンナ,サバンナ,ワウインナ,マドンナ
2018年に「ゼロの執行人」という劇}版の作品が公開されたアニメは何 ?,ポケットモンスター,妖怪ウォッチ,逆転裁講,名探偵コナン,名探偵コナン
次のうち、「日曜日」という意味がある雑誌はどれ2,マガジン,サンデー,チャンピオン,ジャンプ,サンデー
天気図の作成に必要なデータを収集する、 「ひまわり」 「GOES」などの人工衛星を何という ?,通信衛星,放送衛星,還事衛星,気象衛星,気象衛星
次のうち、フットサルにあるルールはどれ2?,4秒ルール,4日ルール,4時間ルール,4分ルール,4秒ルール
「ウエイトリフティング」を日本語では「〇〇挙げ」という。〇〇は回角,車量,何車,負荷,重力,車量
動物が外から酸素を取り入れ、二酸化炭素を吐き出す生理現象のことを一般に何という ?,呼吸,睡眠,代謝,排浴,呼吸
吉田はるゆきの香球漫画『C〇CXOうドライブ』。〇〇〇に入る言葉は何 ?,ピンポン,パンポン,ポンポン,ペンポン,ピンポン
戦艦大和の模型が展示されている「大和ミュージアム」がある、広島jiた|り,移市,劉市,呉市,渓市,呉市
案田亜衣、北島康介といえば ?,競泳,マフソン,バスケットボール,ハンマー投げ,競泳
のES:江のpま28計皇WE:少しているものはどれ2?,週刊少年ジャンプ,週刊少年マガジン,週刊少年サンデー,週刊少年チャンピオン,週刊少年ジャンプ
フジテレビのクイズ番組『優しい人なら解ける クイズ〇OO〇OO〇』。〇〇つつは何 ?,おもろいね,やさしいね,で しぎだね,かんたんね,やさしいね
別名を「アスコルビン酸」という、レモンなどに多く含まれる水溶性ビタミンは何 ?,ビタミンC,ビタミンA,ビタミンE,ビタミンD,ビタミンC
小説 『哀しい予感』や『白河夜船』を書いた作家は誰 ?         ーー,吉本ばなな,吉本あんず,吉本いちご,吉本みかん,吉本ばなな
湊かなえの小説が原作となった、松たか子主演の映画のタイトルは何 ?,丘知,告日,丘別,告発,告日
ゲームのタイトルで、『角包』 『!回剣』『桃太郎』の後ろに共通してつく 言葉は何 ?,物語,戦士,伝説,中険,伝説
火野毅人の漫画『たくのみ。」』の題材となっているものは次のうちどれ?,温泉,映画,野球,お酒,お酒
人間のすねの急所のことを、通称、「〇〇〇の泣き所」という。〇〇〇は何 ?,弁慶,竹填代,日吉,牛若丸,弁慶
女性の身だしなみなどがはしたない様子を意味する言葉「〇〇〇もない」。〇〇〇は何 ?,ひよょよう,あられ,みぞれ,こごめ,あられ
ピザの生地の上にのせる、肉や野茶などの具を何という ?  「,トッピング,ラッピング,カッピング,ザッピング,トッピング
次のうち、「専門家、熟練者」 を意味する言葉はどれ ?    」,ナックルパート,サイドパート,エキスパート,カウンターパート,エキスパート
「スルメ」とは、何を填した食べ物のこと2   ー,ウン,ヒツジ,マグロ,イカ,イカ
学校で、予告なしにいきなり行うテストのことを「〇〇〇テスト」。 〇〇つつは ?,あさぐち,かきうち,ぬさうち,くぎうち,ぬさうち
芸人、有吉弘行がかつて組んでいたお笑いコンビの名前は何 ?,短岩石,犬岩石,豚岩石,次岩石,短岩石
17から18世紀に行われた、ヨーロッパ・西アフリカ・新大陸の三地域問の罰易を何という ?,五角貿易,八角貿易,三角質易,四角質易,三角質易
直角三角形の合同条件「斜辺と他の〇つつ〇がそれぞれ等しい」。〇〇に入とを:ちゃ 閉4,一片,一変,ー遍,ー辺,ー辺
次のうち、ギャグなどがうけなかったことを意味する言葉はどれ2?,すべる,たべる,しなる,あげる,すべる
次のうち、相撲の決まり手にあるものはどれ2?,うっちゃり,ぼっちゃり,おざなり,なげやり,うっちゃり
日本一高い山・富士山がまたがっている2つの県とは、山梨県と何県 2,島根県,,秋田県,静岡県,静岡県
次のうち、小放粉を水で練って作った団子を野薬とともに煮た汁物はどれ?,すいとん,かとん,さんとん,もくとん,すいとん
1997年公開の宮崎骨によるジブリ映画は何?,いぬがみ姫,けだもの姫,やじゅう姫,もののけ姫,もののけ姫
次のうち、風邪をひいた時に、発作的に口から出るものはどれ ?,くしゃみ,くしゆう,くじゃく,くじょう,くしゃみ
次のうち、 『鉄腕アトム』を原案とした漫画作品はどれ?,ヒーローカンパニー,アトムザ・ビギニング,柳町! 怪獣酒場,銀のケルベロス,アトムザ・ビギニング
俳優の江守徹と仲が恨いことで知られる、ねじねじマフラーでおなじみの俳優は誰 ?,中岡艇,佐藤杉,中尾杉,佐野杉,中尾杉
野球の守備番号で、サードは何番 ?,7番,11番,9番,5番,5番
中国料理で使われる「オイスターソース」の原料となる貝は何 ?,ホタテ,ハマグリ,アサリ,カキ,カキ
黒鉛、ダイヤモンド、グラファイトに共通する化学式は何 ?,C,D,A,B,C
次のうち、「サバを読む」という言葉の意味はどれ ?   」,数をごまかす,激しく怒る,あきさらめる,一目置かれる,数をごまかす
よく小学校などに設置されている、温度計や湿度計が入った白い箱のことを何という ?,千葉箱,万葉箱,百葉箱,十葉征,百葉箱
次のうち、楽器はどれ?,トライアングル,トライアスロン,ドライブイン,ドライフルーツ,トライアングル
スポーツ選手につけられた愛称「ハンカチ〇〇」「はにかみ〇〇」「ひねり〇〇」の〇〇は何 ?,土子,土様,女王,姫欄,土子
大敬の健、コンドルのジョー、和白島のジュンといったキャラクターが登場するアニメは何 2,新造人間キャシャーン,宇宙の騎士テッカマン,タイムボカン,科学忍者際ガッチャマン,科学忍者際ガッチャマン
弁川龍之介の小説『癌昧の糸」で、地獄に星昧の償を垂らしたのは誰 ?,お天道様,お吾迎様,お局様,お殿様,お吾迎様
次のうち、野球のバッティング技術にあるものはどれ?,サイド返し,トップ返し,バック返し,センター返し,センター返し
トランプの大富豪で、「革命」が起きとにコとみ2ル 4 有り,最後に2で上がる,最初にダイヤの3を出す,手札が1枚になる,同じカードを4枚出す,同じカードを4枚出す
リンゴ、ブドウ、メロンといえは、次のうち、一般に、どの部分を食用とする植物 ?,果実,茎,根,葉,果実
次のうち、堺雅人主演のドラマではないのはどれ2?,Dr信太郎,年沢直樹,JIN-仁-,リーガルハイ,JIN-仁-
おなじみのゲームキャラクター・マリオの帆子にデザインされているアルファベットは何 ?,P,W,L,M,M
次のうち、一般的なボウリングのピンに使われている色はどれ?,黒と紫,日と赤,金と銀,緑と檜,日と赤
小説に登場する有名なキャラクターで、明智小五郎、金田一耕助といえば、その職業は何 ?,音楽家,探偵,侍,,探偵
かつてフジテレビで放送された、無駄知識を紹介する番組は何 ?,トリビアの川,トリビアの海,トリビアの治,トリビアの泉,トリビアの泉
お笑いコンビ・レイザーラモンを構成するのは、HGと誰?,RG,AU,AG,CU,RG
在野早矢香、石川佳純、訪原愛といえば、どんなスポーツ?,バレーボール,テニス,バドミントン,卓球,卓球
アニメ『ポケットモンスター』に登地する次のキャラクターのうち、ロケット団のメンバーでないのはとどれ?,ムサン,コジロウ,ニャース,ピカチュウ,ピカチュウ
次のうち、物質の三体に含まれないのはどれ2?,気体,固体,液体,プラズマ,プラズマ
次のうち、日本では国家資格を持っていなくてもなれる職業はどれ ?,小説家,医師,楽剤師,弁護士,小説家
2種類の生地を混ぜて焼き、大理石のような模様になるように作ったケーキを何という ?,ケーブルケーキ,テーブルケーキ,ルーブルケーキ,マーブルケーキ,マーブルケーキ
酵母の違いから「エール」と「ラガー」の2種類に大別される飲み物は ?,ビール,ウォッカ,テキーラ,ワイン,ビール
次のうち、医療の世界を題材にした漫画はどれ ?      「,ラーメン発見伝,医龍,バウ,味いちもんめ,医龍
次のうち、野球で、フライが上がったときに、「自分が捕る」という意思を仲間に伝える掛け声はどれ ?,かっとばせ一,オーライ,プアァアー,サー,オーライ
次のうち、関西地方を放送エリアとするテレビ局にあるのはどれ2?,JKL,GHI,ABC,DEF,ABC
自動車の大量生産に成功し、「自動車土」と呼ばれたアメリカの実業家は誰 ?,フォーム,フォール,フォード,フォーク,フォード
男性が正装の際にかぶる帽子はどれ 2?,シルクハット,キャラコハット,ポリエステルハット,コットンハット,シルクハット
本名を久保田雅人という、1990年から2013年までNHKの!つくってあそほ』で工作をしていたのは誰 ?,ハラハラさん,ウキウキさん,ドキドキさん,ワクワクさん,ワクワクさん
コーヒー類に多く含まれることから名がついた、栄養ドリンクなどにも滞まれるアルカロイドは何 ?,カゼイン,パレイン,カフェイン,ガウェイン,カフェイン
涯字が生まれた国はどこ ?,日本,ベトナム,中国,韓国,中国
ミツバチやシロアリのことを、その習性から「何性昆昌」という?,福会,国語,理科,算数,福会
バレーボールの反則の「ドリブル」の別名はどれ?2,ダブルコンセプト,ダブルコンタクト,ダブルコンテスト,ダブルコンセント,ダブルコンタクト
次のスポーツのうち、味方同士でもボールの受け渡しを行うものはどれ?,バドミントン,バスケットボール,スカッシュ,テニス,バスケットボール
宝塚歌劇団のミュージカルINIej10NPNCP吉45にラ二滑りたら主人公の名字は何 ?,徳川,明智,繊田,豊臣,繊田
次のうち、卵を産まない生物はどれ 2?,サワガニ,アマガエル,カンガルー,スズメ,カンガルー
工場に招待された5人の子供たちを描く、ジョニー・デップ主演の映画は『チャーリーと何工場』 ?,チヨョコレート,ビスケット,キャンディ 一,アイスクリーム,チヨョコレート
日本テレビの番組『はじめてのおつかい』 の挿入歌『しょげないでよ〇)〇つ〇』。 の〇〇〇は何 3,Mary,Baby,EaSy,Lady,Baby
煮物やスープなど様々な料理に使われる、未熟なエンドウマメのことを何という3?,ブルーピース,ホワイトピース,グリーンピース,ブラックピース,グリーンピース
中国地方、九州、四国、近畿地方に囲まれた海といえば何 ?,四国内海,瀬戸内海,南内海,中国内海,瀬戸内海
次のうち、ヒロインが戦国時代にタイムスリップする湿画はどれ ?,めぞん一亡,犬夜叉,1ポンドの編音,うる星やつら,犬夜叉
『CLANNAD』」などのような、プレーヤーが感動して涙を流してしまうようなゲームを俗に何という ?,泣さゲー,笑いゲー,喜びゲー,學りゲー,泣さゲー
次のうち、世界中で飲まれている炭酸入りのジュースはどれ?,コーラフ,ポーラ,オーラ,セーラ,コーラフ
世界初のクローン羊の名前はどれ ?,ダリー,グリー,ガリー,ドリー,ドリー
次のうち、羊の肉を意味する言葉はどれ?              「,マトン,バトン,ケトン,ミトン,マトン
アルファベット順で、Pの次はQ、Qの次はRですが、Rの次は何 ?,S,T,U,V,S
野球で、速い球と遅い球を取り混ぜた投手の投球のことを、俗に「何をつける」という?,至乱,準急,,,
お寿司屋さんで「ガリ」と呼ばれる3Y》】ち円半/     ーー,のり,しょうが,ご販,わさび,しょうが
地中海に浮かぶ2つの島国は、キプロスとどこ?     「,マルコ,マルス,マルタ,マルキ,マルタ
次のうち、いわゆる「探点競技」はとれ?,ラグビー,相撲,ソフトボール,フィギュアスケート,フィギュアスケート
次のうち、一般的に使われているパソコンのキーボードド配列はどれ ?,ASDFGH配列,QWERTY配列,ZXCVBN配列,POIUYT配列,QWERTY配列
次のうち、高橋ヒロンシの漫画のタイトルにあるのはどれ2?2,アカーズ,アオーズ,シローズ,クローズ,クローズ
次のうち、長谷川町子の漫画作品のタイトルにあるのはどれ?,いじわるねえさん,いじわるばあさん,いじわるにいさん,いじわるじいさん,いじわるばあさん
紳様の、大黒天、昆沙門天、恵比須、寿老人、主禄寿、弁財天、布袋を指す総称は何 ?,五礼紳,一札得,三編得,七斑旨,七斑旨
三浦春馬が主人公の天才ハッカーを演じた、TBSで放送されたドラマは回角,ブラッディ・ホリデイ,ブラッディ・マンデイ,ブラッディ・トウデイ,ブラッディ・エブリデイ,ブラッディ・マンデイ
次のうち、江戸時代の元号はどれ ?,在成,昭和,大正,天保,天保
ゴルフで、クラブを運んだり、プレーヤーに助言を与えたりする人を何という2,アシスタント,アドバイザー,キャディー,サポーター,キャディー
日常的には「奥歯」と呼ばれる歯のことを、学術的には何という ?,"旧歯
洲",日歯,白歯,日歯,日歯
洋服の柄で「ボーダー」といえはばは、どんな柄のこと2?,水玉,横じま,千鳥格子,市松,横じま
よしだみほの漫画『馬なり1ハロン劇場』は何の世界を描いた漫画 ?,癌輪,オートレース,,ボートレース,
Jリーグのサッカークラブ、レイソルがホームタウンとする了千葉県の市はとどこ?,柏市,松戸市,市川市,船橋市,柏市
サッカーで目殺点を表す0Gを略さず言うと何 ?,オウンゴール,オフゴール,オーバーゴール,オーマイゴール,オウンゴール
ギョウザや肉まんの具のことを何と言う ?,なん,たん,かん,あん,あん
警説庁のマスコットキャラクターの名前は何 2,チーバくん,ピーポくん,ミートくん,どーもくん,ピーポくん
嫌倉幕府の初代将軍・源頼朝の妻、〇条政子。〇は何 ?   「,東,南,北,本,北
アニメ『ルパン三世』の主人公、ルパン三世は怪盗アルセーヌ・ルパンの何にあたる ?,班父,係,親,選子,係
「マンガで読むサウナ道』という副四がつけられた、タナカカツキの漫画に回角,インベスターZ,"ゃw
Zい\ つ",サザ人道,セトワウツミ,サザ人道
チークダンスの「チーク」。体のどこの部分 ?      」,くるぶし,うなじ,お尻,ほお,ほお
代表曲に『春夏秋冬』などがある、フォークソング歌手は誰 ?,泉谷しげる,海合しげる,池谷しげる,川谷しげる,泉谷しげる
次のJリーグのクラブのうち、愛称の頭文字が「G」で始まるのはどれ?,ガンバ,ベガルタ,ヴェルディ,ジュビロ,ガンバ
ゲーム『スーパーマリオ3Dワールド』で、プレーヤーが操作できないキャラは次のうちどれ?,マリオ,クッパ,ルイージ,キノピオ,クッパ
次のうち、チェスの駒の種類にあるのはどれ2?,モーニング,イブニング,アフタヌーン,ナイト,ナイト
次のうち、十二支に登場する動物はとれ?,アルパカ,ラクダ,うし,ロバ,うし
ウスバカゲロウの幼虫のことを何といつ ?,ノミジゴク,クモジゴク,セミジゴク,アリジゴク,アリジゴク
次のうち、日本列島に接している海洋はどれ?  ーー,インド洋,南極海,大西洋,太下洋,太下洋
ビリヤードで、1番から9番までのボールを、番号順に落としていくゲームを何という?,ロストボール,ハンドボール,ハウスボール,ナインボール,ナインボール
ウムちとうツンンと:だゴム pょ28バレーボール選手だったのは誰 ?,増田明美,八木沼純子,山本美胡,大林素子,大林素子
かつて、その上貝殻が楽器として使われた、フジツガイ科の巻き貝は何 ?,ツボガイ,バカガイ,ホラガイ,イモガイ,ホラガイ
ゼラチンの主成分でもある、人間の体に多く存在するタンパク質は何 ?,コーラゲン,エコーゲン,コラーゲン,ラコーゲン,コラーゲン
「サンバ」といえば、どこの国発絆のダンス音楽 ?,ロンア,ブラジル,中国,スペイン,ブラジル
犬がよく舌を出しているのは、次ののまっ:2あ:まべきすれいら記?,現実逃避,体温調節,錠探し,威呈,体温調節
のたHEIのとコシァシルン:だコウ p』っで二「バカ田大学」という大学を卒業しが本の】た中: 寺4,古代進,お茶の水博士,ドラえもん,バカボンのパパ,バカボンのパパ
受賞者にはオスカー像が与えられる、映画界の賞は何?,クロデミー賞,アオデミー賞,アカデミー賞,キイロデミー綱,アカデミー賞
競技者が、「シングレット」というユニフォームを身に着けるスポーツは何 ?,レスリング,サバット,柔道,サンボ,レスリング
「水の都」と呼ばれるイタリアの都市はどこ2?,タニス,テニス,スニス,ベニス,ベニス
エジプト紳話のラー、ギリシャ和引話のヘリオス、日本紳話のアマテラスといえば何の旨様 ?,太陽,商売,冥界,戦争,太陽
三畳紀、ジュラ紀、白亜紀からなる、古生代と新生代との間の地質年代の区分は何?,高生代,中生代,大生代,小生代,中生代
3つの辺の長さがすべて等しい三角形のことを何という ?,正三角形,直角三角形,不等辺三角形,ー等辺三角形,正三角形
星野茂樹と石井さだよしの漫画 『解体屋ゲン』。 「解体屋」は何と読む?,まとめや,つくりや,こわしや,なおしや,こわしや
2つのものの優劣や損得を比較することの例え「〇〇OO〇にかける」。〇うに入る道具は何 ?,てんびん,まごのて,そろばん,ぶんどき,てんびん
クイズ番組『世界ふしぎ発見!j で司会を務め、「ヒトシ君人形」のモテルになっているタレントは誰 ?,小沢仁志,植木等,晶野仁,松本人志,晶野仁
PSPのゲーム『幕末Rock」 の舞台となっている国はどこ?2,中国,日本,タイ,韓国,日本
ひる2人8放しブン3cまるのたJE間に伸はけせば』の題材はどれ ?,ビリヤード,釣り,綱引き,登山,釣り
次のうち、予告もなくいきなり物事を行う様子を意味する言葉はどれ ?,狙い打ち,固め打ち,流し打ち,抜き打ち,抜き打ち
動物の口の中にある、味を感じたり食事を助けたりする問官は何 ?,うえ,ひだり,した,みぎ,した
「君の瞳に乾杯」という有名なセリフが登場する、1942年の映画は何 ?,ラバト,マラケシュ,カサブランカ,フェズ,カサブランカ
「ピビピンキーリング」といえば、何指にはめる指輪?,楽指,親指,小指,中指,小指
ネットスラングで、「w」 ]文字で表される感情表現は何 2  「,釣り,喜び,悲しみ,笑い,笑い
次のうち、カジノを舞台にしたゲームはどれ2?2,ベガスコネクション,ダンジョン&マジック,フリップル,スウィートホーム,ベガスコネクション
マツコ・デラックスと村上信五がMCを務める、日本テレビのバラエティ番組は何?,火曜から夜ふかし,木曜から夜ふかし,月曜から夜ふかし,水曜から夜ふかし,月曜から夜ふかし
サッカーで「ゴール前に壁を作る」のは、次のうちどの状況のとき ?,フリーキックの前,ハーフタイム中,キックオフ直後,試合終了後,フリーキックの前
高校野球の名門校で東邦、中京大中京といえば何県の学校 ?,愛知県,広島県,山梨県,品城県,愛知県
隆慶一郎、原哲夫の漫画『花の慶MI時電にあ/Mの (のと2にも 円有人,高田,前田,藤田,岡田,前田
CDやDVDはふつうどんな形 ?2,ドーナツ形,ひも形,星形,長方形,ドーナツ形
完全変能をする昆虫にあって、不完年変態をする昆虫にはない成長段階は何 ?,さなぎ,幼虫,卵,成中,さなぎ
次のうち、「手伝う、援助」という意味があるサッカー用語はどれ ?,フィード,クロス,オフサイド,アシスト,アシスト
ヤンキースに代表される、細かい続縛が入ったユニフォームの柄を何といつ ?,タータンチェック,ペイズリー,ウィンドペン,ピンストライプ,ピンストライプ
クリプトン和三の「初音ミク」 「鏡音リン・レン」といえば、どんなことができるソフトウェア2?,下りを琶らせる,歌を歌わせる,繧を描かせる,ウィルスを駆除する,歌を歌わせる
有名な歌舞伝俳優の名跡で「海老大」 「染五郎」「猿之助」といえば、共通する苗字は何 ?,尾上,市川,片岡,中村,市川
大政奉還を行った江戸幕府の第15代将軍、徳川麟つ。〇は何 ?,哀,怒,楽,"トー 一』
一胃
ヒコ","トー 一』
一胃
ヒコ"
DAIGOの曲『KSK』のタイトルの、最初の「K」の意味は次のうちどれ2?,"早命
問",結婚,希望,,結婚
自転車を溢ぐときに足を乗せる部分生和回記2,ハンドル,スポーク,ペダル,サドル,ペダル
和名を「オオヒゲマワリ」という徴ョた円7      -,マツダックス,アウディックス,トヨタックス,ボルボックス,ボルボックス
かつて東野幸治と共に「Wコウジ」と呼ばれていたお笑い芸人は誰 ?,今田耕司,加有藤浩次,氷井浩二,太田幸司,今田耕司
次の祝日のうち、7月にあるものはどれ?,スポーツの日,海の日,建国記念日,勤労感謝の日,海の日
次のうち、日本海側にある牛島はどれ 2?,紀伊御島,能登年島,房総生島,大隈生島,能登年島
タレントとしても活躍するモテデルのパートナーコンビ「peco&〇〇〇」。〇〇〇は何 ?,myuchel,Syuchell,michell,ryuchell,ryuchell
ウィンドサーフィン」といえは、次のうち、何を取り付けたサーフボードを使うスポーツ 2,パドル,エンジン,帆,オール,帆
一般的な海水の中に、水に次いで多く含まれている物質は何 ?,硫酸カルシウム,塩化ナトリウム,硫酸マグネンシウム,塩化マグネンシウム,塩化ナトリウム
ゴールデン、ジャンガリアンなどの種類がいるネズミの仲間である動物は何 ?,メートリア,モルモット,カピバラ,ハムスター,ハムスター
団地に住む一家を描いた、米田和佐の漫画は何?,未確認で進行形,妹はいいものだ,そわそわDrawing,だんちがい,だんちがい
橋口たかしの漫画『焼きたて!!ジャばん』 はどんな食べ物をテーマにした漫画 ?,パン,ラーメン,焼き肉,寿司,パン
次のうち、音楽番組はどれ ?,テレビ体操,MUSIC FAIR,ネプリーグ,ぶらり途中下車の旅,MUSIC FAIR
プロ野球で、将来有請な選手を育てるための枠のことを何という ?,保育枠,育成枠,育身枠,発育枠,育成枠
次のうち、ファミリーコンピュータのコントローラーにはないボタンはとれ?,Aボタン,STARTボタン,Bボタン,Cボタン,Cボタン
「君の歌は僕の歌』などの曲で知られるイギリスのミュージシャンは上:壮4,エルトン・ダン,エルトン・ジョン,エルトン・ケイ,エルトン・ボー,エルトン・ジョン
1年に2度、東京ビックサイトで開催される、世界最大規模の同人誌即売会は何?,コミックマーケット,コミックバザール,コミックストア,コミックカーニバル,コミックマーケット
害の中、キツネの子どもがあるものを買いに人間の町へと出かける様子を所いた、新美南吉の曹話は何 ?,マフラーを買いに,"手袋を買
具いに",耳あてを買いに,靴下を買いに,"手袋を買
具いに"
とだ勝之の漫画『DANDANだんく『! 』の題材となっているスポーツは何?2_,バスケットボール,サッカー,野球,バレーボール,バスケットボール
大相撲で、先輩の力士のことを何といつ ?,先弟子,特弟子,上尼子,冗邊子,冗邊子
具材にハマグリを使ったチャウダーを「〇〇〇チャウダー」という。〇(つうは何 ?,フラム,コラム,クラム,ドラム,クラム
正式には「左室縮小形成術」という、拡張型心筋症に対する手術は回角,ケルベロス手術,バチスタ手術,アリアドネ手術,ナイチンゲール手術,バチスタ手術
2015年公開の映画『ドラえもん のび太の宇宙英雄記』の「宇宙英雄記」は何と読む ?,ラビリンス,リトルスターウォーズ,シティークロニクル,スペースヒーローズ,スペースヒーローズ
藤巻亮太がボーカルを務める、『粉害』 『!3月9日』 などのヒット曲があるロックバンドは何 ?,レミオロメン,ンド,KANA-BOON,ザ・ブルーハーツ,レミオロメン
ウガンダ、タンザニア、ケニアにまたがって位置している、アフリカ大陸最大の湖は何?,ビクトリア湖,アン滑,エリザベス湖,メアリー潜,ビクトリア湖
伝説島・フェニックスのことを、ある特徴から日本語で何という ?,不老島,不死島,不食鳥,不飛島,不死島
空中を飛ぶ皿状の的を打つ、射撃競4のたる円有7,クレー射撃,カレー身撃,ケレー射撃,コレー射撃,クレー射撃
モンゴルが陸地で接している2つの国は、中国とどこ ?,フィリピン,タイ,ロンア,サウジアラビア,ロンア
「cal」で表される 「カロリー」といえば、次のうち何の単位?,,距離,速度,体積,
天気にも大きな影響を与える、日本上空に吹く風は何2,偏北風,偏南風,偏東風,偏西風,偏西風
次のうち、和時球選手だったのは誰 ?,入江陵介,水谷隼,内村航不,太田雄貴,水谷隼
ウソをついても良い日とされる4月1日を「O〇〇フール」という。〇〇つつは何 ?,エイプリル,ジューン,フェブラリー,ジュライ,エイプリル
次のうち、「禁止された物事」を指す言葉はどれ ?      」,ヤプー,タダターフ,タブー,バクー,タブー
次のうち、「質量=体積」の計算で求めるものはどれ2,硬度,光度,密度,角度,密度
次の太陽系の天体のうち、表面温度が最も高いのはどれ?,恒星,惑星,衛星,小惑星,恒星
エジプト紳話の最高年である、太陽のJE北53たき円時2       「,ン 一,フ 一,プアァアー,"ーー
0 ]
ee",フ 一
矢部浩之がMCを務めるテレビ朝日の番組 !やべっちFC.』は、どんなスポーツをテーマにした番組 ?,テニス,ゴルフ,野球,サッカー,サッカー
フカヒレの水揚げで有名な「気仙沼市」がある都道府県はどこ ?,宮城県,静岡県,忠岡県,三重県,宮城県
次のうち、ひと月に31日ある「大のに昌間kあ2とすニドとす2ル 67,2月,8月,4月,6月,8月
次のうち、主な舞台が東京ではないアニメはどれ2?    「,こち亀,クレヨンしんちゃん,ドラえもん,サザエさん,クレヨンしんちゃん
次のうち、材木を切るために用いる大工道具はどれ ?,アシキリ,カマキリ,ノコギリ,ギリギリ,ノコギリ
次のうち、戦国時代の「川中島の戦い」で戦った武将の組み合わせはどれ?,明智光秀と豊臣秀吉,豊臣秀頼と徳川家康,織田信長と今川義元,武田信玄と上杉謙信,武田信玄と上杉謙信
レスリング選手の浜口京子の父である、元プロレスラーは誰 ?,ビースト浜口,ヤジュウ浜口,ライオン浜口,アニマル浜口,アニマル浜口
「チャオ」「ボンジョルノ」「グラーツィエ」といえば何語の言葉 ?,イタリア語,中国語,ポルトガル語,韓国語,イタリア語
劇の中でも、「喜劇」のことを、英語で何という2,アウディ,シンディ,コメディ,メンディ,コメディ
舞台で、役者が客席の間を通って舞台へ向かう通路のことを何という 2?,晶道,花道,山道,逃げ道,花道
メジャーリーグで、ボストンに本拠地を置くチームはどこ?,カブス,オリオールズ,レッドソックス,フィリーズ,レッドソックス
石井正則と石塚義之がかつて組んでいたお笑いコンビは何 ?,アリtoキリギリス,ウサギtoカメ,キタカゼtoタイヨウ,ハトtoカラス,アリtoキリギリス
直角三角形の合同条件「斜辺と他の〇つつ〇がそれぞれ等しい」。〇〇に入とを:ちゃ 閉4,一片,一変,ー遍,ー辺,ー辺
「Story」や「Believe』などのヒット曲で知られる、ロサンゼルス出身の歌手は誰 ?,CA,AE,EI,Al,Al
映画『ドラゴンボールZ 復活の「F」』の主題歌を歌ったアイドルグループは何 ?,"""し-Ute",でんば組.inc,AKB48,ももいろクローバーZ,ももいろクローバーZ
他人に頑張ってもらうように激励することを 「〇〇〇をかける」。〇〇2,ハッパ,エダ,ネッコ,"ミキ
eeee
Pe",ハッパ
追いつ追われつの接戦を、公園遊具に例えて何ゲームという 2?2,ブランコ,ジャングルジム,シーソー,雲欄,シーソー
缶コーヒー「BOSS」のCMで宇宙人るを演じている俳優、トミー・リー・〇〇つつ。〇の〇〇に入る名前は何 ?,フォックス,フォード,ジョーンズ,ジャクソン,ジョーンズ
次のうち、部屋が乾燥している時に使う家電製品はどれ ?,電子レンジ,冷蔵庫,掃除機,加混器,加混器
アニメ化もされたゲーム 『薄桜鬼』で、填方歳三、沖田総司らが所属している組織は何 ?,彰義際,奇兵際,新選組,日虎際,新選組
"1995年に登場したアーケードゲーム「ア
ルズペン
ン レー
サー』 といえは
、どとんなスポボーツのゲーム ?",サッカー,スキー,ゴルフ,テニス,スキー
ゴルフコースで、地面が高くなったり低くなったりする起伏のことを何という2,トップボトム,アップダウン,ライトレフト,ハイロー,アップダウン
地層の中で普通、一番古い時代の地層はどこ2?        「,下にある地層,東にある地層,上にある地層,西にある地層,下にある地層
2012年にアニメ化された、人類が念動力を獲得した1000年後の日本を舞司とする貴志自介の小説は何 ?,幻想交響曲,ズロニツェの鐘,歓喜の歌,新世界より,新世界より
WBAやWBCなどの男子プロボクシン/:の17階級で、最も重い階級は何 ?,ヘビー級,クルーザー級,ミドル級,ウェルター級,ヘビー級
「カンデラ」や「ルクス」といった単位で表されるのはどういうもの ?,優しさ,美しさ,賢さ,明るさ,明るさ
有名人にサインを書いてもらうときによく用いる紙は何 ?,しんし,しきし,しるし,しばし,しきし
SEGAのキャラクター「ソニック・ザ・ヘッジホッグ」といえば、どんな動物 ?,ハリモグラ,キツネ,ハリネズミ,コウモリ,ハリネズミ
ハンバーガーなど、素早く手軽に食べられる料理は「〇〇〇フード」。のの]たき口。,フィクト,フェルト,ファスト,フェスタ,ファスト
次のうち、あだち充の野球漫画のタイトルにあるのはどれ?,セブン,テン,エイト,ナイン,ナイン
万里の長城はどじこの国の世界遺産?,中国,ペルー,メキシコ,タイ,中国
サッカーで、敵のいないところにボールを蹴り出すことを何という?,パーフェクト,アカンプリッシュ,コンプリート,クリア,クリア
映画『インディ・ジョーンズ』シリーズの主人公の職業は何?,考古学者,化学者,数学者,物理学者,考古学者
フランス料理で食べられる、食用のカタツムリをつかった料理を何という?,エスケープ,エスコート,エメラルド,エスカルゴ,エスカルゴ
その正体は綾小路次である、デビュー曲『アゲ〆アゲ〆EVERY支騎士KMIE2Y おにコた: 者,DJ OZMA,DJ OZAWA,DJ OGAWA,DJ OOSHIMA,DJ OZMA
漫画!『!クレヨンしんちゃん』の作者は誰 ?,藤子不二雄,長谷川町子,青山剛昌,昨井儀人,昨井儀人
一般的な「Vサイン」で、立てている2本の指は、人差し指と何指 ?,小指,薬指,中指,親指,中指
次のうち、映画 『天空の城ラピュタタ』に登場する減びの呪文はどれ ?,ハラフス,バルス,タコス,カラス,バルス
石炭を高温で加熱分解するとできる、黒色の油状の液体は何 ?,コーンウォール,コールタール,コートダジュール,コートジボワール,コールタール
シテ島やサンテルイ島などの島が浮かぶ、フランス・パリを流れる有川|は回角,セーヌ有川,メコン川|,ハドソン有川,ラブプラタ川,セーヌ有川
次のうち、テニスのスコアにないものはどれ2?,40,60,30,15,60
NHK連続テレビ小説 『純と愛』に主演したのは誰?2     -,春朱,夏楽,冬楽,秋和楽,夏楽
ある天体のような形をしていることから名がついた、大型の単細胞生物は何 ?,イマチヅキモ,タチマチヅキモ,フシマチヅキモ,ミカヅツキモ,ミカヅツキモ
アラビア邊島北西部にある湖で、塩分濃度が非常に高く、人が浮くことで知られるのは何 ?,死海,生海,老海,病海,死海
2014年に発売された『NBA 2K15』はどんなスポーツのゲーム ?2,バスケットボール,アメリカンフットボール,野球,アイスホッケー,バスケットボール
高校野球で、監督のメッセージをグラウンド内の選手に伝える役目の控え選手を何という?,伝説,伝染,伝授,伝令,伝令
次のうち、「いなり寿司」や「きつねうどん」に欠かせない具はどれ 2?,油あげ,えび天,大かす,かまぼこ,油あげ
回上E<電月ME:<もッにちず24れ ?,2,3,4,],]
テニスのラケットに張られる網を指す言葉はどれ?,ナット,ラット,ガット,バット,ガット
世界一深い海溝は?,マリアナ海溝,アリューシャン海溝,日本海溝,小笠原海溝,マリアナ海溝
次のうち、「テツトモ」と略されるお笑いコンビはどれ?,テツwithトモ,テツofトモ,テツandトモ,テツorトモ,テツandトモ
自動車につける初心者マーク「若葉マーク」は、 左右で何色と何色に塗り分けられている ?,黄色と緑色,白色と黒色,水色と茶色,赤色と青色,黄色と緑色
次のうち、スキージャンプ競技で「助走路」 を表す言葉はどれ ?,テクニック,ラブコール,アタック,アプローチ,アプローチ
NHK連続テレビ小説の、午前の放送開始時刻は何時 ?,6時,7時,8時,9時,8時
パルテノン還殿など数多くの古代遺跡が残る、ギリシャの都市はどこ ?,ロンドン,北京,アテネ,シドニー,アテネ
ふんや硝を残す、爪あとをつけるなどの方法により、動物が自分の縄張りを示す行為を何という?,テービピング,カーリング,マーキング,ツーリング,マーキング
AQUA、ラクティス、プリウスといった自動車を製造している会和盾はどご2,トヨタ自動車,日産目動車,三菱自動車,スズキ,トヨタ自動車
ーー  『ごくせん』『スクール支ウォーズ』『タッチ』で共通して舞台となっ-てるのはとこ?,大学,小学校,高等学校,中学校,高等学校
俗にデンキクラゲとも呼ばれる「〇〇OO〇ノエボシ」。〇〇〇は何 ?,カツオ,イルカ,マグロ,クジラ,カツオ
物体が持つ、「位置エネルギー」と「運動エネルギー」の和のことを何という2,力学的エネルギー,構造化学的エネルギー,電磁気学的エネルギー,波動学的エネルギー,力学的エネルギー
テレビ朝日のドラマ『ドクターX』」シリーズで、主な舞台となっている序説は何 ?,病院,市役所,書祭者,裁剤所,病院
プロ野球で、「ピッチャーが炎上した」といえば、次のうちどんな状態のこと2?,本塁打を打った,0点で抑えた,けがで登板できなかった,大量に点を取られた,大量に点を取られた
昔話の『桃太郎』や『ー寸法師』で、最後に和敬らしめられてしまう架のたたる円有,天狗,魔女,鬼,龍,鬼
タレントとして活躍する長嶋一茂。お父さんは、元プロ野球選手の長嶋回角,将司,友雄,貞治,哲治,友雄
「がぶり寄り」を得意とすることかと「ガブリエル」とも呼ばれた、元力ユは誰 ?,琴奨竹,琴奨菊,琴奨梅,琴奨桜,琴奨菊
セリエAのチームにあるのはとどれ?,インテル,デル,マイクロソフト,hp,インテル
「スコヴィル」とは何の度合いを表3単位 ?     -     ー,辛さ,洋さ,熱さ,痛さ,辛さ
「日本アルプス」の「北アルプス」がまたがる県はどこ ?2,山口、島根、鳥取,山形、秋田、青森,長崎、佐賀、編岡,岐阜、長野、富山,岐阜、長野、富山
「おばあさんの耳はどうしてそんなに大きいの 2 」という台詞が有名なペローの童話は何 ?,赤ずきんちゃん,青ずきんちゃん,白ずきんちゃん,黒ずきんちゃん,赤ずきんちゃん
マージャンで使われるコマのことを何と言う?,パイ,ペイ,ビイ,プイ,パイ
上戸彩主演で映画化もされた、小山ゆうの漫画は何 ?,がんばれ元気,おてい!竜馬,スプリンター,あずみ,あずみ
次のうち、ドラえもんのお腹についているもはどれ?,四次元ポケット,レーダーひげ,赤外線アイ,ねこあつめすず,四次元ポケット
観賞用や細工品として使われる、大さな生円形のかさがガ特徴のキノコは回角,サルノコシカケ,ヒツジノコシカケ,ネネコノコシカケ,ブタノコシカケ,サルノコシカケ
映画 「稲村ジェーン』では監督を務めた、サザンオールスターズのボーカルは誰 ?,桑田佳病,桜井和寿,高見沢俊彦,奥田民生,桑田佳病
毎年年末にTBSで放送される、音楽員の投賞式を生放送する番組は何 ?,輝く!日本カセット大賞,輝く!日本DVD大賞,輝く!日本レコード大賞,輝く!日本CD大賞,輝く!日本レコード大賞
次のうち、相撲を題材にした漫画はどれ?          ー,うっちゃれ五所瓦,空手バカー代,帯をギュッとね!,バハ三四の合,うっちゃれ五所瓦
歌手のみゆきさき、元オセロの知子、映画監督の哲也に共通する名字は何 ?,中島,小島,大島,高島,中島
次のうち、カメの一種にあるのはとれ 2?,スッピン,スッポリ,スッポン,スッテン,スッポン
次のうち、AT車で、車をバックさせるときに入れる操作レバーはどれ?,N,D,P,R,R
柔道で、「試合開始」を伝える掛け声は何 ?     ーー,がんばれ,はじめ,すた一と,あ い と,はじめ
ガーゼなどの布や不織布でできている、風邪対策などのために口に装着する医療用具は何 ?,オブラート,マスク,ギプス,シップ,マスク
"豊臣秀吉が行った   pbAひたう33ひ
けった、誠
Trった、武士以外のもから、思、槍、弓、鉄克などの武器を取り上げる政策は何 ?",刀狩,鉄砲符,弓狩,村狩,刀狩
そのものの価値を保証するという意味の言葉「〇〇〇付き」。〇〇〇に入る言葉は何 ?,"畠
テマ 小",折り紙,コピー紙,十代紙,折り紙
反応が鈍い人を指すこともある、紫外線と塗料を用いて発光する照明器具は何?,コオロギ光灯,蛍光灯,テントウムシ光灯,トンボ光灯,蛍光灯
漫画 「ONE PIECE』に登場する「悪典実」を食べると、能力を得る代わりにとどとうなる?,身体の一部を失う,泳げなくなる,"寿命が
\衝分に
こな
る",日光を浴びれなくなる,泳げなくなる
夏になくセミの種類にいるのは「〇〇つつボウシン」 。〇〇〇は ?,ツクツク,シクシク,サクサク,テクテク,ツクツク
次の声優のうち、男性は誰 ?,阿浴住奈,玉山潤,戸松首,豊崎愛生,玉山潤
白泉往の漫画雑誌『花と〇〇』。 〇〇に入る言葉は何 ?    -,あい,ゆめ,そら,ぼく,ゆめ
ヤン・デ・ボン監督の映画 『ツイスター』に描かれている自然災害は回角,地球の奈冷化,了石衝突,火山の噴火,竜基,竜基
次の『ガンダム』シリーズのアニメのうち、放送されたのが最も早かったのはとどれ ?,機動戦士ガンダム00,機動戦士Zガンダム,機動戦士ガンダムAGE,機動戦士ガンダムZZ,機動戦士Zガンダム
白銅、黄銅、青銅に共通して含まれた円計2,鉄,殺,鉛,銀,殺
「パック」という円艦を、スティックで打ち合う、氷上のスポーツは回角,アイスホッケー,スケルトン,リュージュ,カーリング,アイスホッケー
柔道の基本理念「〇よく剛を制す」。〇は何 ?       ーー,季,多,剣,名,季
「フェルナンデス君」というキャラクターがいる、日本テレビのバラエティー番組は何 ?,ヒルナンデス !,ひるおび,ワイド! スクランブル,バイキング,ヒルナンデス !
次のうち、スポーツにおいて、「相手の選手との距離」という意味がある言葉はどれ ?,はあい,まあい,たあい,わあい,まあい
九州に存在しない県はどれ!?,宮崎県,貴岡県,長崎県,博多県,博多県
次のうち、電話を受けた時にかける言葉はどれ ?,もしもし,やれやれ,こらこら,どれどれ,もしもし
と4アリたもこたミン m レタ/\2人時三E/にもこオートバイを使ったスポーツを総称して何という ?,インドアスポーツ,マリンスポーツ,モータースポーツ,アニマルスポーツ,モータースポーツ
石田スイの漫画『東京喰種トーキョーグール』の舞台となっている国はとどこ?,オーストラリア,日本,アメリカ,フフンス,日本
フジテレビのクイズ番組『ネプリーグ』」のボーナスステージといえば「何アドベンチャー」 2,ロケット,トロッコ,タクシー,ゴンドラ,トロッコ
エアラインといえば、何の会証 ?,鉄道会計,タクシー会視,航空会計,"バス会i
さス会証",航空会計
長崎に鳴滝塾を開いたシーボルトは円の         ーー,中国人,ドイツ人,アフリカ人,サモア人,ドイツ人
その大きさの単位はオームである、電流の流れにくさを表す物理量は回角,電気反対,,,,
「ヤバT」の略称で呼ばれるバンドは何2,Kind Gnu,ヤバイTシャツ屋さん,フレデリック,KEYTALK,ヤバイTシャツ屋さん
